<?xml version="1.0" encoding="UTF-8"?>
<list id="1">
  <org.openmrs.Field id="2" uuid="e281791e-1d5f-11e0-b929-000c29ad1d07">
    <name>PULSE</name>
    <description>Patient pulse rate, as measured with a peripheral oximeter.</description>
    <creator/>
    <dateCreated id="3">2008-10-23 06:44:17</dateCreated>
    <retired>false</retired>
    <fieldId>402</fieldId>
    <fieldType id="4" resolves-to="org.openmrs.FieldType" uuid="8d5e7d7c-c2cc-11de-8d13-0010c6dffd0f">
      <name>Concept</name>
      <description></description>
      <creator/>
      <dateCreated id="5">2005-02-22 09:43:00</dateCreated>
      <retired>false</retired>
      <fieldTypeId>1</fieldTypeId>
      <isSet>false</isSet>
    </fieldType>
    <concept id="6" resolves-to="org.openmrs.ConceptNumeric" uuid="e1e2e5f6-1d5f-11e0-b929-000c29ad1d07">
      <conceptId>5087</conceptId>
      <retired>false</retired>
      <datatype id="7" resolves-to="org.openmrs.ConceptDatatype" uuid="8d4a4488-c2cc-11de-8d13-0010c6dffd0f">
        <name>Numeric</name>
        <description>Numeric value, including integer or float (e.g., creatinine, weight)</description>
        <creator/>
        <dateCreated id="8">2004-02-01 21:00:00</dateCreated>
        <retired>false</retired>
        <conceptDatatypeId>1</conceptDatatypeId>
        <hl7Abbreviation>NM</hl7Abbreviation>
      </datatype>
      <conceptClass id="9" resolves-to="org.openmrs.ConceptClass" uuid="8d4907b2-c2cc-11de-8d13-0010c6dffd0f">
        <name>Test</name>
        <description>Acq. during patient encounter (vitals, labs, etc.)</description>
        <creator/>
        <dateCreated id="10">2004-02-01 21:00:00</dateCreated>
        <retired>false</retired>
        <conceptClassId>1</conceptClassId>
      </conceptClass>
      <set>false</set>
      <creator/>
      <dateCreated id="11">2004-08-11 21:00:00</dateCreated>
      <changedBy/>
      <dateChanged id="12">2016-08-24 09:32:48</dateChanged>
      <names class="set" id="13">
        <org.openmrs.ConceptName id="14" uuid="e2628982-1d5f-11e0-b929-000c29ad1d07">
          <conceptNameId>5928</conceptNameId>
          <concept reference="6"/>
          <name>HR</name>
          <locale id="15">en</locale>
          <creator/>
          <dateCreated id="16">2004-10-06 21:00:00</dateCreated>
          <voided>true</voided>
          <voidedBy/>
          <dateVoided id="17">2011-01-10 21:00:00</dateVoided>
          <voidReason>Duplicate name in locale</voidReason>
          <tags class="set" id="18"/>
          <localePreferred>false</localePreferred>
        </org.openmrs.ConceptName>
        <org.openmrs.ConceptName id="19" uuid="e2431a0c-1d5f-11e0-b929-000c29ad1d07">
          <conceptNameId>1437</conceptNameId>
          <concept class="org.openmrs.ConceptNumeric" reference="6"/>
          <name>PULSE</name>
          <locale id="20">en</locale>
          <creator/>
          <dateCreated id="21">2004-08-11 21:00:00</dateCreated>
          <voided>false</voided>
          <tags class="set" id="22"/>
          <conceptNameType>FULLY_SPECIFIED</conceptNameType>
          <localePreferred>true</localePreferred>
        </org.openmrs.ConceptName>
        <org.openmrs.ConceptName id="23" uuid="e261a68e-1d5f-11e0-b929-000c29ad1d07">
          <conceptNameId>5887</conceptNameId>
          <concept class="org.openmrs.ConceptNumeric" reference="6"/>
          <name>HEART RATE</name>
          <locale id="24">en</locale>
          <creator/>
          <dateCreated id="25">2004-10-06 21:00:00</dateCreated>
          <voided>false</voided>
          <tags class="set" id="26"/>
          <localePreferred>false</localePreferred>
        </org.openmrs.ConceptName>
        <org.openmrs.ConceptName id="27" uuid="e2503bb0-1d5f-11e0-b929-000c29ad1d07">
          <conceptNameId>3402</conceptNameId>
          <concept class="org.openmrs.ConceptNumeric" reference="6"/>
          <name>FREQUENCIA CARDIACA</name>
          <locale id="28">pt</locale>
          <creator/>
          <dateCreated id="29">2008-11-13 13:44:47</dateCreated>
          <voided>false</voided>
          <tags class="set" id="30"/>
          <conceptNameType>FULLY_SPECIFIED</conceptNameType>
          <localePreferred>true</localePreferred>
        </org.openmrs.ConceptName>
        <org.openmrs.ConceptName id="31" uuid="e25dd644-1d5f-11e0-b929-000c29ad1d07">
          <conceptNameId>5160</conceptNameId>
          <concept class="org.openmrs.ConceptNumeric" reference="6"/>
          <name>HR</name>
          <locale id="32">en</locale>
          <creator/>
          <dateCreated id="33">2004-08-11 21:00:00</dateCreated>
          <voided>false</voided>
          <tags class="set" id="34"/>
          <conceptNameType>SHORT</conceptNameType>
          <localePreferred>false</localePreferred>
        </org.openmrs.ConceptName>
      </names>
      <answers class="set" id="35"/>
      <conceptSets class="set" id="36"/>
      <descriptions class="set" id="37">
        <org.openmrs.ConceptDescription id="38" uuid="e2239b82-1d5f-11e0-b929-000c29ad1d07">
          <conceptDescriptionId>1410</conceptDescriptionId>
          <concept class="org.openmrs.ConceptNumeric" reference="6"/>
          <description>Patient pulse rate, as measured with a peripheral oximeter.</description>
          <locale id="39">en</locale>
          <creator/>
          <dateCreated id="40">2004-08-11 21:00:00</dateCreated>
        </org.openmrs.ConceptDescription>
      </descriptions>
      <conceptMappings class="set" id="41">
        <org.openmrs.ConceptMap id="42" uuid="f9f1545c-6b07-4df0-ae95-95b68da90302">
          <conceptMapType id="43" uuid="35543629-7d8c-11e1-909d-c80aa9edcf4e">
            <name>SAME-AS</name>
            <creator/>
            <dateCreated id="44">2013-01-16 21:00:00</dateCreated>
            <retired>false</retired>
            <conceptMapTypeId>1</conceptMapTypeId>
            <isHidden>false</isHidden>
          </conceptMapType>
          <creator/>
          <dateCreated id="45">2016-08-24 09:32:48</dateCreated>
          <conceptMapId>1593</conceptMapId>
          <concept class="org.openmrs.ConceptNumeric" reference="6"/>
          <conceptReferenceTerm id="46" uuid="5030ef38-51cf-49fd-99b2-e1f2bc27bdda">
            <creator/>
            <dateCreated id="47">2016-08-24 09:32:48</dateCreated>
            <retired>false</retired>
            <conceptReferenceTermId>2209</conceptReferenceTermId>
            <conceptSource id="48" uuid="919246ff-6bfc-42fc-8213-69d2d1ce0db7">
              <name>OMRS FGH, Zambezia, Mozambique</name>
              <description>Fonte para programa da FGH na Zambézia, Mozambique. Criado por Eurico Jose</description>
              <creator/>
              <dateCreated id="49">2013-01-08 07:29:09</dateCreated>
              <retired>false</retired>
              <conceptSourceId>1</conceptSourceId>
              <hl7Code>OMRSFGHZBMZ</hl7Code>
            </conceptSource>
            <code>5087</code>
            <conceptReferenceTermMaps id="50"/>
          </conceptReferenceTerm>
        </org.openmrs.ConceptMap>
      </conceptMappings>
      <hiAbsolute>230.0</hiAbsolute>
      <lowAbsolute>0.0</lowAbsolute>
      <units>rate/min</units>
      <allowDecimal>false</allowDecimal>
    </concept>
    <tableName></tableName>
    <attributeName></attributeName>
    <defaultValue></defaultValue>
    <selectMultiple>false</selectMultiple>
  </org.openmrs.Field>
  <org.openmrs.Field id="51" uuid="75600f3d-415b-4eb8-8de4-d7944b4b428f">
    <name>SIM</name>
    <description>Resposta generica de uma pergunta</description>
    <creator/>
    <dateCreated id="52">2016-07-29 10:25:35</dateCreated>
    <retired>false</retired>
    <fieldId>766</fieldId>
    <fieldType reference="4"/>
    <concept id="53" resolves-to="org.openmrs.Concept" uuid="e1d81b62-1d5f-11e0-b929-000c29ad1d07">
      <conceptId>1065</conceptId>
      <retired>false</retired>
      <datatype id="54" resolves-to="org.openmrs.ConceptDatatype" uuid="8d4a4c94-c2cc-11de-8d13-0010c6dffd0f">
        <name>N/A</name>
        <description>Not associated with a datatype (e.g., term answers, sets)</description>
        <creator/>
        <dateCreated id="55">2004-02-01 21:00:00</dateCreated>
        <retired>false</retired>
        <conceptDatatypeId>4</conceptDatatypeId>
        <hl7Abbreviation>ZZ</hl7Abbreviation>
      </datatype>
      <conceptClass id="56" resolves-to="org.openmrs.ConceptClass" uuid="8d492774-c2cc-11de-8d13-0010c6dffd0f">
        <name>Misc</name>
        <description>Terms which don&apos;t fit other categories</description>
        <creator/>
        <dateCreated id="57">2004-03-01 21:00:00</dateCreated>
        <retired>false</retired>
        <conceptClassId>11</conceptClassId>
      </conceptClass>
      <set>false</set>
      <creator/>
      <dateCreated id="58">2005-01-05 21:00:00</dateCreated>
      <changedBy/>
      <dateChanged id="59">2016-08-16 08:42:12</dateChanged>
      <names class="set" id="60">
        <org.openmrs.ConceptName id="61" uuid="e23f5778-1d5f-11e0-b929-000c29ad1d07">
          <conceptNameId>1065</conceptNameId>
          <concept reference="53"/>
          <name>YES</name>
          <locale id="62">en</locale>
          <creator/>
          <dateCreated id="63">2005-01-05 21:00:00</dateCreated>
          <voided>false</voided>
          <tags class="set" id="64"/>
          <conceptNameType>FULLY_SPECIFIED</conceptNameType>
          <localePreferred>true</localePreferred>
        </org.openmrs.ConceptName>
        <org.openmrs.ConceptName id="65" uuid="e24cb738-1d5f-11e0-b929-000c29ad1d07">
          <conceptNameId>2842</conceptNameId>
          <concept reference="53"/>
          <name>SIM</name>
          <locale id="66">pt</locale>
          <creator/>
          <dateCreated id="67">2008-10-16 06:29:30</dateCreated>
          <voided>false</voided>
          <tags class="set" id="68"/>
          <conceptNameType>FULLY_SPECIFIED</conceptNameType>
          <localePreferred>true</localePreferred>
        </org.openmrs.ConceptName>
      </names>
      <answers class="set" id="69"/>
      <conceptSets class="set" id="70"/>
      <descriptions class="set" id="71">
        <org.openmrs.ConceptDescription id="72" uuid="e2210962-1d5f-11e0-b929-000c29ad1d07">
          <conceptDescriptionId>1059</conceptDescriptionId>
          <concept reference="53"/>
          <description>Generic answer to a question.</description>
          <locale id="73">en</locale>
          <creator/>
          <dateCreated id="74">2005-01-05 21:00:00</dateCreated>
        </org.openmrs.ConceptDescription>
        <org.openmrs.ConceptDescription id="75" uuid="e22c1b40-1d5f-11e0-b929-000c29ad1d07">
          <conceptDescriptionId>2484</conceptDescriptionId>
          <concept reference="53"/>
          <description>Resposta generica de uma pergunta</description>
          <locale id="76">pt</locale>
          <creator/>
          <dateCreated id="77">2008-10-16 06:29:30</dateCreated>
        </org.openmrs.ConceptDescription>
      </descriptions>
      <conceptMappings class="set" id="78">
        <org.openmrs.ConceptMap id="79" uuid="b8e11af6-435f-4af2-a47b-c2dc6e92eba1">
          <conceptMapType reference="43"/>
          <creator/>
          <dateCreated id="80">2016-08-16 08:42:12</dateCreated>
          <conceptMapId>1021</conceptMapId>
          <concept reference="53"/>
          <conceptReferenceTerm id="81" resolves-to="org.openmrs.ConceptReferenceTerm" uuid="c0183ecf-ce86-487e-9cc6-f9f8f6420049">
            <creator/>
            <dateCreated id="82">2016-08-16 08:42:12</dateCreated>
            <retired>false</retired>
            <conceptReferenceTermId>1637</conceptReferenceTermId>
            <conceptSource reference="48"/>
            <code>1065</code>
            <conceptReferenceTermMaps id="83"/>
          </conceptReferenceTerm>
        </org.openmrs.ConceptMap>
      </conceptMappings>
    </concept>
    <tableName></tableName>
    <attributeName></attributeName>
    <defaultValue></defaultValue>
    <selectMultiple>false</selectMultiple>
  </org.openmrs.Field>
  <org.openmrs.Field id="84" uuid="3a4aacc1-787c-4747-ae4b-7a327d532868">
    <name>RESULTADO DA INVESTIGACAO PARA TB DE BK E/OU RX</name>
    <description>Resultado da investigação para TB de BK</description>
    <creator/>
    <dateCreated id="85">2016-07-29 10:23:19</dateCreated>
    <retired>false</retired>
    <fieldId>765</fieldId>
    <fieldType reference="4"/>
    <concept id="86" resolves-to="org.openmrs.Concept" uuid="106c484c-a5a3-4c8b-9586-09b1f22c324d">
      <conceptId>6277</conceptId>
      <retired>false</retired>
      <datatype id="87" resolves-to="org.openmrs.ConceptDatatype" uuid="8d4a48b6-c2cc-11de-8d13-0010c6dffd0f">
        <name>Coded</name>
        <description>Value determined by term dictionary lookup (i.e., term identifier)</description>
        <creator/>
        <dateCreated id="88">2004-02-01 21:00:00</dateCreated>
        <retired>false</retired>
        <conceptDatatypeId>2</conceptDatatypeId>
        <hl7Abbreviation>CWE</hl7Abbreviation>
      </datatype>
      <conceptClass id="89" resolves-to="org.openmrs.ConceptClass" uuid="8d491e50-c2cc-11de-8d13-0010c6dffd0f">
        <name>Question</name>
        <description>Question (eg, patient history, SF36 items)</description>
        <creator/>
        <dateCreated id="90">2004-03-01 21:00:00</dateCreated>
        <retired>false</retired>
        <conceptClassId>7</conceptClassId>
      </conceptClass>
      <set>false</set>
      <creator/>
      <dateCreated id="91">2012-02-29 07:32:39</dateCreated>
      <changedBy/>
      <dateChanged id="92">2016-08-24 09:32:49</dateChanged>
      <names class="set" id="93">
        <org.openmrs.ConceptName id="94" uuid="aeaee897-e455-4b0e-998f-438460fba7de">
          <conceptNameId>7190</conceptNameId>
          <concept reference="86"/>
          <name>RESULT OF RESEARCH FOR TB OF BK AND/OR RX</name>
          <locale id="95">en</locale>
          <creator/>
          <dateCreated id="96">2012-02-29 07:32:39</dateCreated>
          <voided>false</voided>
          <tags class="set" id="97"/>
          <conceptNameType>FULLY_SPECIFIED</conceptNameType>
          <localePreferred>true</localePreferred>
        </org.openmrs.ConceptName>
        <org.openmrs.ConceptName id="98" uuid="091435cc-5bba-4d78-ab9a-e129a41415ed">
          <conceptNameId>7189</conceptNameId>
          <concept reference="86"/>
          <name>BK RESULT</name>
          <locale id="99">en</locale>
          <creator/>
          <dateCreated id="100">2012-02-29 07:32:39</dateCreated>
          <voided>false</voided>
          <tags class="set" id="101"/>
          <localePreferred>false</localePreferred>
        </org.openmrs.ConceptName>
        <org.openmrs.ConceptName id="102" uuid="62c795e3-daa3-4430-90d8-d4d7af73a248">
          <conceptNameId>7192</conceptNameId>
          <concept reference="86"/>
          <name>RESULTADO DA INVESTIGACAO PARA TB DE BK E/OU RX</name>
          <locale id="103">pt</locale>
          <creator/>
          <dateCreated id="104">2012-02-29 07:32:39</dateCreated>
          <voided>false</voided>
          <tags class="set" id="105"/>
          <conceptNameType>FULLY_SPECIFIED</conceptNameType>
          <localePreferred>true</localePreferred>
        </org.openmrs.ConceptName>
        <org.openmrs.ConceptName id="106" uuid="6a03bbee-be03-415b-9c08-5d58d573fef4">
          <conceptNameId>7191</conceptNameId>
          <concept reference="86"/>
          <name>RESULTADO DO BK</name>
          <locale id="107">pt</locale>
          <creator/>
          <dateCreated id="108">2012-02-29 07:32:39</dateCreated>
          <voided>false</voided>
          <tags class="set" id="109"/>
          <localePreferred>false</localePreferred>
        </org.openmrs.ConceptName>
      </names>
      <answers class="set" id="110">
        <org.openmrs.ConceptAnswer id="111" uuid="011fa8ff-a65d-45f5-8922-19b7e8a21f4c">
          <conceptAnswerId>2785</conceptAnswerId>
          <concept reference="86"/>
          <answerConcept id="112" resolves-to="org.openmrs.Concept" uuid="e1d446cc-1d5f-11e0-b929-000c29ad1d07">
            <conceptId>664</conceptId>
            <retired>false</retired>
            <datatype reference="54"/>
            <conceptClass reference="56"/>
            <set>false</set>
            <creator/>
            <dateCreated id="113">2003-12-31 21:00:00</dateCreated>
            <changedBy/>
            <dateChanged id="114">2016-08-24 09:32:50</dateChanged>
            <names class="set" id="115">
              <org.openmrs.ConceptName id="116" uuid="e2638e18-1d5f-11e0-b929-000c29ad1d07">
                <conceptNameId>6111</conceptNameId>
                <concept reference="112"/>
                <name>NEG</name>
                <locale id="117">en</locale>
                <creator/>
                <dateCreated id="118">2004-10-19 21:00:00</dateCreated>
                <voided>false</voided>
                <tags class="set" id="119"/>
                <localePreferred>false</localePreferred>
              </org.openmrs.ConceptName>
              <org.openmrs.ConceptName id="120" uuid="e25e2932-1d5f-11e0-b929-000c29ad1d07">
                <conceptNameId>5350</conceptNameId>
                <concept reference="112"/>
                <name>-</name>
                <locale id="121">en</locale>
                <creator/>
                <dateCreated id="122">2004-12-01 21:00:00</dateCreated>
                <voided>false</voided>
                <tags class="set" id="123"/>
                <localePreferred>false</localePreferred>
              </org.openmrs.ConceptName>
              <org.openmrs.ConceptName id="124" uuid="e25e275c-1d5f-11e0-b929-000c29ad1d07">
                <conceptNameId>5348</conceptNameId>
                <concept reference="112"/>
                <name>(-)</name>
                <locale id="125">en</locale>
                <creator/>
                <dateCreated id="126">2004-12-01 21:00:00</dateCreated>
                <voided>false</voided>
                <tags class="set" id="127"/>
                <localePreferred>false</localePreferred>
              </org.openmrs.ConceptName>
              <org.openmrs.ConceptName id="128" uuid="e23c6568-1d5f-11e0-b929-000c29ad1d07">
                <conceptNameId>664</conceptNameId>
                <concept reference="112"/>
                <name>NEGATIVE</name>
                <locale id="129">en</locale>
                <creator/>
                <dateCreated id="130">2003-12-31 21:00:00</dateCreated>
                <voided>false</voided>
                <tags class="set" id="131"/>
                <conceptNameType>FULLY_SPECIFIED</conceptNameType>
                <localePreferred>true</localePreferred>
              </org.openmrs.ConceptName>
              <org.openmrs.ConceptName id="132" uuid="e24cc764-1d5f-11e0-b929-000c29ad1d07">
                <conceptNameId>2860</conceptNameId>
                <concept reference="112"/>
                <name>NEGATIVO</name>
                <locale id="133">pt</locale>
                <creator/>
                <dateCreated id="134">2008-10-16 12:01:23</dateCreated>
                <voided>false</voided>
                <tags class="set" id="135"/>
                <conceptNameType>FULLY_SPECIFIED</conceptNameType>
                <localePreferred>true</localePreferred>
              </org.openmrs.ConceptName>
            </names>
            <answers class="set" id="136"/>
            <conceptSets class="set" id="137"/>
            <descriptions class="set" id="138">
              <org.openmrs.ConceptDescription id="139" uuid="e21d7cfc-1d5f-11e0-b929-000c29ad1d07">
                <conceptDescriptionId>663</conceptDescriptionId>
                <concept reference="112"/>
                <description>Response to a finding or test result.</description>
                <locale id="140">en</locale>
                <creator/>
                <dateCreated id="141">2003-12-31 21:00:00</dateCreated>
              </org.openmrs.ConceptDescription>
              <org.openmrs.ConceptDescription id="142" uuid="e22c2748-1d5f-11e0-b929-000c29ad1d07">
                <conceptDescriptionId>2492</conceptDescriptionId>
                <concept reference="112"/>
                <description>Resposta a uma conclusão ou resultado do teste.</description>
                <locale id="143">pt</locale>
                <creator/>
                <dateCreated id="144">2008-10-16 12:01:23</dateCreated>
              </org.openmrs.ConceptDescription>
            </descriptions>
            <conceptMappings class="set" id="145">
              <org.openmrs.ConceptMap id="146" uuid="d2257409-959e-4fda-8b14-a2ff0c2f6d60">
                <conceptMapType reference="43"/>
                <creator/>
                <dateCreated id="147">2016-08-24 09:32:50</dateCreated>
                <conceptMapId>1596</conceptMapId>
                <concept reference="112"/>
                <conceptReferenceTerm id="148" uuid="2d0fd597-ca71-404b-8d3e-478561616e39">
                  <creator/>
                  <dateCreated id="149">2016-08-24 09:32:50</dateCreated>
                  <retired>false</retired>
                  <conceptReferenceTermId>2212</conceptReferenceTermId>
                  <conceptSource reference="48"/>
                  <code>664</code>
                  <conceptReferenceTermMaps id="150"/>
                </conceptReferenceTerm>
              </org.openmrs.ConceptMap>
            </conceptMappings>
          </answerConcept>
          <creator/>
          <dateCreated id="151">2012-02-29 07:32:39</dateCreated>
          <sortWeight>2.0</sortWeight>
        </org.openmrs.ConceptAnswer>
        <org.openmrs.ConceptAnswer id="152" uuid="6c7de7d3-7f27-4156-b067-cf9b63175cf8">
          <conceptAnswerId>2786</conceptAnswerId>
          <concept reference="86"/>
          <answerConcept id="153" resolves-to="org.openmrs.Concept" uuid="e1d47386-1d5f-11e0-b929-000c29ad1d07">
            <conceptId>703</conceptId>
            <retired>false</retired>
            <datatype reference="54"/>
            <conceptClass reference="56"/>
            <set>false</set>
            <creator/>
            <dateCreated id="154">2003-12-31 21:00:00</dateCreated>
            <changedBy/>
            <dateChanged id="155">2016-08-24 09:32:49</dateChanged>
            <names class="set" id="156">
              <org.openmrs.ConceptName id="157" uuid="e25e284c-1d5f-11e0-b929-000c29ad1d07">
                <conceptNameId>5349</conceptNameId>
                <concept reference="153"/>
                <name>+</name>
                <locale id="158">en</locale>
                <creator/>
                <dateCreated id="159">2004-12-01 21:00:00</dateCreated>
                <voided>false</voided>
                <tags class="set" id="160"/>
                <localePreferred>false</localePreferred>
              </org.openmrs.ConceptName>
              <org.openmrs.ConceptName id="161" uuid="e23cc1f2-1d5f-11e0-b929-000c29ad1d07">
                <conceptNameId>703</conceptNameId>
                <concept reference="153"/>
                <name>POSITIVE</name>
                <locale id="162">en</locale>
                <creator/>
                <dateCreated id="163">2003-12-31 21:00:00</dateCreated>
                <voided>false</voided>
                <tags class="set" id="164"/>
                <conceptNameType>FULLY_SPECIFIED</conceptNameType>
                <localePreferred>true</localePreferred>
              </org.openmrs.ConceptName>
              <org.openmrs.ConceptName id="165" uuid="e24cc688-1d5f-11e0-b929-000c29ad1d07">
                <conceptNameId>2859</conceptNameId>
                <concept reference="153"/>
                <name>POSITIVO</name>
                <locale id="166">pt</locale>
                <creator/>
                <dateCreated id="167">2008-10-16 12:01:01</dateCreated>
                <voided>false</voided>
                <tags class="set" id="168"/>
                <conceptNameType>FULLY_SPECIFIED</conceptNameType>
                <localePreferred>true</localePreferred>
              </org.openmrs.ConceptName>
              <org.openmrs.ConceptName id="169" uuid="e25e266c-1d5f-11e0-b929-000c29ad1d07">
                <conceptNameId>5347</conceptNameId>
                <concept reference="153"/>
                <name>(+)</name>
                <locale id="170">en</locale>
                <creator/>
                <dateCreated id="171">2004-12-01 21:00:00</dateCreated>
                <voided>false</voided>
                <tags class="set" id="172"/>
                <localePreferred>false</localePreferred>
              </org.openmrs.ConceptName>
              <org.openmrs.ConceptName id="173" uuid="e2640186-1d5f-11e0-b929-000c29ad1d07">
                <conceptNameId>6219</conceptNameId>
                <concept reference="153"/>
                <name>POS</name>
                <locale id="174">en</locale>
                <creator/>
                <dateCreated id="175">2004-10-19 21:00:00</dateCreated>
                <voided>false</voided>
                <tags class="set" id="176"/>
                <localePreferred>false</localePreferred>
              </org.openmrs.ConceptName>
            </names>
            <answers class="set" id="177"/>
            <conceptSets class="set" id="178"/>
            <descriptions class="set" id="179">
              <org.openmrs.ConceptDescription id="180" uuid="e21de502-1d5f-11e0-b929-000c29ad1d07">
                <conceptDescriptionId>702</conceptDescriptionId>
                <concept reference="153"/>
                <description>General finding of a positive result.</description>
                <locale id="181">en</locale>
                <creator/>
                <dateCreated id="182">2003-12-31 21:00:00</dateCreated>
              </org.openmrs.ConceptDescription>
              <org.openmrs.ConceptDescription id="183" uuid="e22c2658-1d5f-11e0-b929-000c29ad1d07">
                <conceptDescriptionId>2491</conceptDescriptionId>
                <concept reference="153"/>
                <description>Geralmente achado de um resultado positivo.</description>
                <locale id="184">pt</locale>
                <creator/>
                <dateCreated id="185">2008-10-16 12:01:01</dateCreated>
              </org.openmrs.ConceptDescription>
            </descriptions>
            <conceptMappings class="set" id="186">
              <org.openmrs.ConceptMap id="187" uuid="32d5d6d8-4d48-4045-9f6b-0f695a8aaa5a">
                <conceptMapType reference="43"/>
                <creator/>
                <dateCreated id="188">2016-08-24 09:32:49</dateCreated>
                <conceptMapId>1595</conceptMapId>
                <concept reference="153"/>
                <conceptReferenceTerm id="189" uuid="c34bfc22-8da3-467a-bc1d-a9f03fcaf7ac">
                  <creator/>
                  <dateCreated id="190">2016-08-24 09:32:49</dateCreated>
                  <retired>false</retired>
                  <conceptReferenceTermId>2211</conceptReferenceTermId>
                  <conceptSource reference="48"/>
                  <code>703</code>
                  <conceptReferenceTermMaps id="191"/>
                </conceptReferenceTerm>
              </org.openmrs.ConceptMap>
            </conceptMappings>
          </answerConcept>
          <creator/>
          <dateCreated id="192">2012-02-29 07:32:39</dateCreated>
          <sortWeight>1.0</sortWeight>
        </org.openmrs.ConceptAnswer>
      </answers>
      <conceptSets class="set" id="193"/>
      <descriptions class="set" id="194">
        <org.openmrs.ConceptDescription id="195" uuid="df428506-03db-447f-b98f-88897f534ac6">
          <conceptDescriptionId>3620</conceptDescriptionId>
          <concept reference="86"/>
          <description>RESULT OF RESEARCH FOR TB OF BK AND/OR RX</description>
          <locale id="196">en</locale>
          <creator/>
          <dateCreated id="197">2012-02-29 07:32:39</dateCreated>
        </org.openmrs.ConceptDescription>
        <org.openmrs.ConceptDescription id="198" uuid="a786eef6-e816-411a-906f-3b5a3a2cda79">
          <conceptDescriptionId>3619</conceptDescriptionId>
          <concept reference="86"/>
          <description>Resultado da investigação para TB de BK</description>
          <locale id="199">pt</locale>
          <creator/>
          <dateCreated id="200">2012-02-29 07:32:39</dateCreated>
        </org.openmrs.ConceptDescription>
      </descriptions>
      <conceptMappings class="set" id="201">
        <org.openmrs.ConceptMap id="202" uuid="14a631b9-4a09-4de9-af03-f40f061a0600">
          <conceptMapType reference="43"/>
          <creator/>
          <dateCreated id="203">2016-08-24 09:32:49</dateCreated>
          <conceptMapId>1594</conceptMapId>
          <concept reference="86"/>
          <conceptReferenceTerm id="204" uuid="2c9277b9-4ece-4486-aded-ab80438833a0">
            <creator/>
            <dateCreated id="205">2016-08-24 09:32:49</dateCreated>
            <retired>false</retired>
            <conceptReferenceTermId>2210</conceptReferenceTermId>
            <conceptSource reference="48"/>
            <code>6277</code>
            <conceptReferenceTermMaps id="206"/>
          </conceptReferenceTerm>
        </org.openmrs.ConceptMap>
      </conceptMappings>
    </concept>
    <tableName></tableName>
    <attributeName></attributeName>
    <defaultValue></defaultValue>
    <selectMultiple>false</selectMultiple>
  </org.openmrs.Field>
  <org.openmrs.Field id="207" uuid="e282ff96-1d5f-11e0-b929-000c29ad1d07">
    <name>TUBERCULOSIS DRUG TREATMENT START DATE</name>
    <description>Encounter form question.  Date in which tuberculosis treatment was started.</description>
    <creator/>
    <dateCreated id="208">2008-11-05 14:08:58</dateCreated>
    <retired>false</retired>
    <fieldId>500</fieldId>
    <fieldType reference="4"/>
    <concept id="209" resolves-to="org.openmrs.Concept" uuid="e1d85906-1d5f-11e0-b929-000c29ad1d07">
      <conceptId>1113</conceptId>
      <retired>false</retired>
      <datatype id="210" resolves-to="org.openmrs.ConceptDatatype" uuid="8d4a505e-c2cc-11de-8d13-0010c6dffd0f">
        <name>Date</name>
        <description>Absolute date</description>
        <creator/>
        <dateCreated id="211">2004-07-21 21:00:00</dateCreated>
        <retired>false</retired>
        <conceptDatatypeId>6</conceptDatatypeId>
        <hl7Abbreviation>DT</hl7Abbreviation>
      </datatype>
      <conceptClass reference="89"/>
      <set>false</set>
      <creator/>
      <dateCreated id="212">2005-01-11 21:00:00</dateCreated>
      <changedBy/>
      <dateChanged id="213">2016-08-24 09:32:50</dateChanged>
      <names class="set" id="214">
        <org.openmrs.ConceptName id="215" uuid="e23f889c-1d5f-11e0-b929-000c29ad1d07">
          <conceptNameId>1113</conceptNameId>
          <concept reference="209"/>
          <name>TUBERCULOSIS DRUG TREATMENT START DATE</name>
          <locale id="216">en</locale>
          <creator/>
          <dateCreated id="217">2005-01-11 21:00:00</dateCreated>
          <voided>false</voided>
          <tags class="set" id="218"/>
          <conceptNameType>FULLY_SPECIFIED</conceptNameType>
          <localePreferred>true</localePreferred>
        </org.openmrs.ConceptName>
        <org.openmrs.ConceptName id="219" uuid="e265f130-1d5f-11e0-b929-000c29ad1d07">
          <conceptNameId>6435</conceptNameId>
          <concept reference="209"/>
          <name>TB DRUG START DATE</name>
          <locale id="220">en</locale>
          <creator/>
          <dateCreated id="221">2005-02-06 21:00:00</dateCreated>
          <voided>false</voided>
          <tags class="set" id="222"/>
          <localePreferred>false</localePreferred>
        </org.openmrs.ConceptName>
        <org.openmrs.ConceptName id="223" uuid="e266317c-1d5f-11e0-b929-000c29ad1d07">
          <conceptNameId>6495</conceptNameId>
          <concept reference="209"/>
          <name>TRATAMENTO DE TB</name>
          <locale id="224">pt</locale>
          <creator/>
          <dateCreated id="225">2009-08-24 11:34:29</dateCreated>
          <voided>false</voided>
          <tags class="set" id="226"/>
          <localePreferred>false</localePreferred>
        </org.openmrs.ConceptName>
        <org.openmrs.ConceptName id="227" uuid="e26072b4-1d5f-11e0-b929-000c29ad1d07">
          <conceptNameId>5665</conceptNameId>
          <concept reference="209"/>
          <name>DATA DE INICIO</name>
          <locale id="228">pt</locale>
          <creator/>
          <dateCreated id="229">2009-08-24 11:34:29</dateCreated>
          <voided>false</voided>
          <tags class="set" id="230"/>
          <localePreferred>false</localePreferred>
        </org.openmrs.ConceptName>
        <org.openmrs.ConceptName id="231" uuid="e24fc93c-1d5f-11e0-b929-000c29ad1d07">
          <conceptNameId>3295</conceptNameId>
          <concept reference="209"/>
          <name>DATA DE INICIO DO TRATAMENTO TB</name>
          <locale id="232">pt</locale>
          <creator/>
          <dateCreated id="233">2008-11-05 07:15:59</dateCreated>
          <voided>false</voided>
          <tags class="set" id="234"/>
          <conceptNameType>FULLY_SPECIFIED</conceptNameType>
          <localePreferred>true</localePreferred>
        </org.openmrs.ConceptName>
      </names>
      <answers class="set" id="235"/>
      <conceptSets class="set" id="236"/>
      <descriptions class="set" id="237">
        <org.openmrs.ConceptDescription id="238" uuid="e2213e5a-1d5f-11e0-b929-000c29ad1d07">
          <conceptDescriptionId>1107</conceptDescriptionId>
          <concept reference="209"/>
          <description>Encounter form question.  Date in which tuberculosis treatment was started.</description>
          <locale id="239">en</locale>
          <creator/>
          <dateCreated id="240">2005-01-11 21:00:00</dateCreated>
        </org.openmrs.ConceptDescription>
        <org.openmrs.ConceptDescription id="241" uuid="e22d8868-1d5f-11e0-b929-000c29ad1d07">
          <conceptDescriptionId>2631</conceptDescriptionId>
          <concept reference="209"/>
          <description>pergunta a um formulario de consulta. Data na qual iniciou o tratamento da tuberculose</description>
          <locale id="242">pt</locale>
          <creator/>
          <dateCreated id="243">2008-11-05 07:15:59</dateCreated>
        </org.openmrs.ConceptDescription>
      </descriptions>
      <conceptMappings class="set" id="244">
        <org.openmrs.ConceptMap id="245" uuid="d95670c0-919c-42e9-8d95-01660c393c5c">
          <conceptMapType reference="43"/>
          <creator/>
          <dateCreated id="246">2016-08-24 09:32:50</dateCreated>
          <conceptMapId>1597</conceptMapId>
          <concept reference="209"/>
          <conceptReferenceTerm id="247" uuid="03883bb4-873f-4e17-8c55-c3129ad3a2e1">
            <creator/>
            <dateCreated id="248">2016-08-24 09:32:50</dateCreated>
            <retired>false</retired>
            <conceptReferenceTermId>2213</conceptReferenceTermId>
            <conceptSource reference="48"/>
            <code>1113</code>
            <conceptReferenceTermMaps id="249"/>
          </conceptReferenceTerm>
        </org.openmrs.ConceptMap>
      </conceptMappings>
    </concept>
    <tableName></tableName>
    <attributeName></attributeName>
    <defaultValue></defaultValue>
    <selectMultiple>false</selectMultiple>
  </org.openmrs.Field>
  <org.openmrs.Field id="250" uuid="0ac9d07a-722e-438e-94d0-dcb0ddad74d5">
    <name>DATA DE INICIO DA PROFILAXIA DA MENINGITE CRIPTOCÓCICA</name>
    <description>DATA DE INICIO DA PROFILAXIA DA MENINGITE CRIPTOCÓCICA</description>
    <creator/>
    <dateCreated id="251">2016-08-03 12:11:13</dateCreated>
    <retired>false</retired>
    <fieldId>779</fieldId>
    <fieldType reference="4"/>
    <concept id="252" resolves-to="org.openmrs.Concept" uuid="2cc653da-ddb4-435c-891a-51428c19e777">
      <conceptId>6467</conceptId>
      <retired>false</retired>
      <datatype reference="210"/>
      <conceptClass reference="89"/>
      <set>false</set>
      <creator/>
      <dateCreated id="253">2016-08-03 11:39:01</dateCreated>
      <changedBy/>
      <dateChanged id="254">2016-08-16 08:42:11</dateChanged>
      <names class="set" id="255">
        <org.openmrs.ConceptName id="256" uuid="58096d0a-74cf-4e01-9f4f-334113e21fe4">
          <conceptNameId>7630</conceptNameId>
          <concept reference="252"/>
          <name>DATA DE INICIO DA PROFILAXIA DA MENINGITE CRIPTOCÓCICA</name>
          <locale id="257">pt</locale>
          <creator/>
          <dateCreated id="258">2016-08-03 11:39:01</dateCreated>
          <voided>false</voided>
          <tags class="set" id="259"/>
          <conceptNameType>FULLY_SPECIFIED</conceptNameType>
          <localePreferred>true</localePreferred>
        </org.openmrs.ConceptName>
        <org.openmrs.ConceptName id="260" uuid="c88202bf-bd50-44c8-92aa-a46d00ec3615">
          <conceptNameId>7631</conceptNameId>
          <concept reference="252"/>
          <name>DATA DE INICIO DA PROFILAXIA DA MENINGITE CRIPTOCÓCICA</name>
          <locale id="261">en</locale>
          <creator/>
          <dateCreated id="262">2016-08-03 11:39:01</dateCreated>
          <voided>false</voided>
          <tags class="set" id="263"/>
          <conceptNameType>FULLY_SPECIFIED</conceptNameType>
          <localePreferred>true</localePreferred>
        </org.openmrs.ConceptName>
      </names>
      <answers class="set" id="264"/>
      <conceptSets class="set" id="265"/>
      <descriptions class="set" id="266">
        <org.openmrs.ConceptDescription id="267" uuid="a33406d3-2861-4a16-aa1b-b35b8f087132">
          <conceptDescriptionId>3680</conceptDescriptionId>
          <concept reference="252"/>
          <description>DATA DE INICIO DA PROFILAXIA DA MENINGITE CRIPTOCÓCICA</description>
          <locale id="268">pt</locale>
          <creator/>
          <dateCreated id="269">2016-08-03 11:39:01</dateCreated>
        </org.openmrs.ConceptDescription>
      </descriptions>
      <conceptMappings class="set" id="270">
        <org.openmrs.ConceptMap id="271" uuid="e19a2ffb-941e-4920-98b1-050a2981f961">
          <conceptMapType reference="43"/>
          <creator/>
          <dateCreated id="272">2016-08-16 08:42:11</dateCreated>
          <conceptMapId>1017</conceptMapId>
          <concept reference="252"/>
          <conceptReferenceTerm id="273" resolves-to="org.openmrs.ConceptReferenceTerm" uuid="4f8e2ada-c2b0-46c8-b93c-883fc36f32bb">
            <creator/>
            <dateCreated id="274">2016-08-16 08:42:11</dateCreated>
            <retired>false</retired>
            <conceptReferenceTermId>1633</conceptReferenceTermId>
            <conceptSource reference="48"/>
            <code>6467</code>
            <conceptReferenceTermMaps id="275"/>
          </conceptReferenceTerm>
        </org.openmrs.ConceptMap>
      </conceptMappings>
    </concept>
    <tableName></tableName>
    <attributeName></attributeName>
    <defaultValue></defaultValue>
    <selectMultiple>false</selectMultiple>
  </org.openmrs.Field>
  <org.openmrs.Field id="276" uuid="52a4d4ed-a27c-497c-928d-293bfcf78c03">
    <name>ABDOMEN EXAMS</name>
    <description>Receive the symptoms and complaints of the patient on the abdomen</description>
    <creator/>
    <dateCreated id="277">2016-08-03 12:08:29</dateCreated>
    <retired>false</retired>
    <fieldId>775</fieldId>
    <fieldType reference="4"/>
    <concept id="278" resolves-to="org.openmrs.Concept" uuid="659a4de5-10ea-4997-974c-e5ddeafa9ec6">
      <conceptId>6472</conceptId>
      <retired>false</retired>
      <datatype id="279" resolves-to="org.openmrs.ConceptDatatype" uuid="8d4a4ab4-c2cc-11de-8d13-0010c6dffd0f">
        <name>Text</name>
        <description>Free text</description>
        <creator/>
        <dateCreated id="280">2004-02-01 21:00:00</dateCreated>
        <retired>false</retired>
        <conceptDatatypeId>3</conceptDatatypeId>
        <hl7Abbreviation>ST</hl7Abbreviation>
      </datatype>
      <conceptClass reference="89"/>
      <set>false</set>
      <creator/>
      <dateCreated id="281">2016-08-03 11:57:54</dateCreated>
      <changedBy/>
      <dateChanged id="282">2016-08-16 08:42:11</dateChanged>
      <names class="set" id="283">
        <org.openmrs.ConceptName id="284" uuid="b60015ef-e743-468e-bea4-5c86dc65c291">
          <conceptNameId>7654</conceptNameId>
          <concept reference="278"/>
          <name>ABDOMEN EXAMS</name>
          <locale id="285">en</locale>
          <creator/>
          <dateCreated id="286">2016-08-16 08:28:49</dateCreated>
          <voided>false</voided>
          <tags class="set" id="287"/>
          <conceptNameType>FULLY_SPECIFIED</conceptNameType>
          <localePreferred>true</localePreferred>
        </org.openmrs.ConceptName>
        <org.openmrs.ConceptName id="288" uuid="5488cde0-0fae-4801-8e05-dea337d1598b">
          <conceptNameId>7642</conceptNameId>
          <concept reference="278"/>
          <name>ABDOMEN SYMPTOMS</name>
          <locale id="289">en</locale>
          <creator/>
          <dateCreated id="290">2016-08-04 17:52:40</dateCreated>
          <voided>true</voided>
          <voidedBy/>
          <dateVoided id="291">2016-08-16 08:25:34</dateVoided>
          <voidReason>Anulada devido ŕ mudança de nome</voidReason>
          <tags class="set" id="292"/>
          <localePreferred>false</localePreferred>
        </org.openmrs.ConceptName>
        <org.openmrs.ConceptName id="293" uuid="4c7ed25e-efc3-4c55-8f8d-a0f8cdef02a6">
          <conceptNameId>7652</conceptNameId>
          <concept reference="278"/>
          <name>CHEST_EXAMS</name>
          <locale id="294">en</locale>
          <creator/>
          <dateCreated id="295">2016-08-16 08:25:34</dateCreated>
          <voided>true</voided>
          <voidedBy/>
          <dateVoided id="296">2016-08-16 08:28:49</dateVoided>
          <voidReason>Anulada devido ŕ mudança de nome</voidReason>
          <tags class="set" id="297"/>
          <localePreferred>false</localePreferred>
        </org.openmrs.ConceptName>
        <org.openmrs.ConceptName id="298" uuid="72b66c67-3789-4e47-a75e-87276755abf8">
          <conceptNameId>7636</conceptNameId>
          <concept reference="278"/>
          <name>ABDOMEN SYMTOMS</name>
          <locale id="299">en</locale>
          <creator/>
          <dateCreated id="300">2016-08-03 11:57:54</dateCreated>
          <voided>true</voided>
          <voidedBy/>
          <dateVoided id="301">2016-08-04 17:52:40</dateVoided>
          <voidReason>Anulada devido ŕ mudança de nome</voidReason>
          <tags class="set" id="302"/>
          <localePreferred>false</localePreferred>
        </org.openmrs.ConceptName>
      </names>
      <answers class="set" id="303"/>
      <conceptSets class="set" id="304"/>
      <descriptions class="set" id="305">
        <org.openmrs.ConceptDescription id="306" uuid="ad2b2c64-ae52-4812-83f1-35b56043b2c9">
          <conceptDescriptionId>3685</conceptDescriptionId>
          <concept reference="278"/>
          <description>Receive the symptoms and complaints of the patient on the abdomen</description>
          <locale id="307">en</locale>
          <creator/>
          <dateCreated id="308">2016-08-03 11:57:54</dateCreated>
        </org.openmrs.ConceptDescription>
      </descriptions>
      <conceptMappings class="set" id="309">
        <org.openmrs.ConceptMap id="310" uuid="885525df-dc0e-422d-ba95-894a00e3428c">
          <conceptMapType reference="43"/>
          <creator/>
          <dateCreated id="311">2016-08-16 08:42:11</dateCreated>
          <conceptMapId>1016</conceptMapId>
          <concept reference="278"/>
          <conceptReferenceTerm id="312" resolves-to="org.openmrs.ConceptReferenceTerm" uuid="b24e4f02-fd6f-4d81-bd0f-f1db318cb354">
            <creator/>
            <dateCreated id="313">2016-08-16 08:42:11</dateCreated>
            <retired>false</retired>
            <conceptReferenceTermId>1632</conceptReferenceTermId>
            <conceptSource reference="48"/>
            <code>6472</code>
            <conceptReferenceTermMaps id="314"/>
          </conceptReferenceTerm>
        </org.openmrs.ConceptMap>
      </conceptMappings>
    </concept>
    <tableName></tableName>
    <attributeName></attributeName>
    <defaultValue></defaultValue>
    <selectMultiple>false</selectMultiple>
  </org.openmrs.Field>
  <org.openmrs.Field id="315" uuid="70e08e0b-1be5-4037-9e0d-cc01e29fed28">
    <name>PROFILAXIA DA MENINGITE CRIPTOCÓCICA</name>
    <description>USO DE PROFILAXIA DA MENINGITE CRIPTOCÓCICA</description>
    <creator/>
    <dateCreated id="316">2016-08-03 12:10:53</dateCreated>
    <retired>false</retired>
    <fieldId>778</fieldId>
    <fieldType reference="4"/>
    <concept id="317" resolves-to="org.openmrs.Concept" uuid="e27a4b5f-7602-420e-9d7c-6eedd8becfdf">
      <conceptId>6466</conceptId>
      <retired>false</retired>
      <datatype reference="87"/>
      <conceptClass reference="89"/>
      <set>false</set>
      <creator/>
      <dateCreated id="318">2016-08-03 11:36:13</dateCreated>
      <changedBy/>
      <dateChanged id="319">2016-08-16 08:42:11</dateChanged>
      <names class="set" id="320">
        <org.openmrs.ConceptName id="321" uuid="87729fb5-d31a-45fd-ad24-1e8e7ee98c37">
          <conceptNameId>7629</conceptNameId>
          <concept reference="317"/>
          <name>PROFILAXIA DA MENINGITE CRIPTOCÓCICA</name>
          <locale id="322">pt</locale>
          <creator/>
          <dateCreated id="323">2016-08-03 11:36:13</dateCreated>
          <voided>false</voided>
          <tags class="set" id="324"/>
          <conceptNameType>FULLY_SPECIFIED</conceptNameType>
          <localePreferred>true</localePreferred>
        </org.openmrs.ConceptName>
      </names>
      <answers class="set" id="325">
        <org.openmrs.ConceptAnswer id="326" uuid="bc9dcb94-0c01-4fc7-8485-c872d5811e89">
          <conceptAnswerId>2929</conceptAnswerId>
          <concept reference="317"/>
          <answerConcept reference="53"/>
          <creator/>
          <dateCreated id="327">2016-08-03 11:36:13</dateCreated>
          <sortWeight>1.0</sortWeight>
        </org.openmrs.ConceptAnswer>
        <org.openmrs.ConceptAnswer id="328" uuid="01cbd446-fb1e-48c4-9a06-27171db46508">
          <conceptAnswerId>2930</conceptAnswerId>
          <concept reference="317"/>
          <answerConcept id="329" resolves-to="org.openmrs.Concept" uuid="e1d81c70-1d5f-11e0-b929-000c29ad1d07">
            <conceptId>1066</conceptId>
            <retired>false</retired>
            <datatype reference="54"/>
            <conceptClass reference="56"/>
            <set>false</set>
            <creator/>
            <dateCreated id="330">2005-01-05 21:00:00</dateCreated>
            <changedBy/>
            <dateChanged id="331">2016-08-16 08:42:12</dateChanged>
            <names class="set" id="332">
              <org.openmrs.ConceptName id="333" uuid="e24cb828-1d5f-11e0-b929-000c29ad1d07">
                <conceptNameId>2843</conceptNameId>
                <concept reference="329"/>
                <name>NAO</name>
                <locale id="334">pt</locale>
                <creator/>
                <dateCreated id="335">2008-10-16 06:31:04</dateCreated>
                <voided>false</voided>
                <tags class="set" id="336"/>
                <conceptNameType>FULLY_SPECIFIED</conceptNameType>
                <localePreferred>true</localePreferred>
              </org.openmrs.ConceptName>
              <org.openmrs.ConceptName id="337" uuid="e23f585e-1d5f-11e0-b929-000c29ad1d07">
                <conceptNameId>1066</conceptNameId>
                <concept reference="329"/>
                <name>NO</name>
                <locale id="338">en</locale>
                <creator/>
                <dateCreated id="339">2005-01-05 21:00:00</dateCreated>
                <voided>false</voided>
                <tags class="set" id="340"/>
                <conceptNameType>FULLY_SPECIFIED</conceptNameType>
                <localePreferred>true</localePreferred>
              </org.openmrs.ConceptName>
            </names>
            <answers class="set" id="341"/>
            <conceptSets class="set" id="342"/>
            <descriptions class="set" id="343">
              <org.openmrs.ConceptDescription id="344" uuid="e2210a48-1d5f-11e0-b929-000c29ad1d07">
                <conceptDescriptionId>1060</conceptDescriptionId>
                <concept reference="329"/>
                <description>Generic answer to a question.</description>
                <locale id="345">en</locale>
                <creator/>
                <dateCreated id="346">2005-01-05 21:00:00</dateCreated>
              </org.openmrs.ConceptDescription>
              <org.openmrs.ConceptDescription id="347" uuid="e22c1c26-1d5f-11e0-b929-000c29ad1d07">
                <conceptDescriptionId>2485</conceptDescriptionId>
                <concept reference="329"/>
                <description>Resposta generica de uma pergunta</description>
                <locale id="348">pt</locale>
                <creator/>
                <dateCreated id="349">2008-10-16 06:31:04</dateCreated>
              </org.openmrs.ConceptDescription>
            </descriptions>
            <conceptMappings class="set" id="350">
              <org.openmrs.ConceptMap id="351" uuid="962d447f-a4a8-45ad-b01e-4925f7ed73b4">
                <conceptMapType reference="43"/>
                <creator/>
                <dateCreated id="352">2016-08-16 08:42:12</dateCreated>
                <conceptMapId>1022</conceptMapId>
                <concept reference="329"/>
                <conceptReferenceTerm id="353" resolves-to="org.openmrs.ConceptReferenceTerm" uuid="6420e3c1-9a5d-423e-8118-c2dceb6c7f3e">
                  <creator/>
                  <dateCreated id="354">2016-08-16 08:42:12</dateCreated>
                  <retired>false</retired>
                  <conceptReferenceTermId>1638</conceptReferenceTermId>
                  <conceptSource reference="48"/>
                  <code>1066</code>
                  <conceptReferenceTermMaps id="355"/>
                </conceptReferenceTerm>
              </org.openmrs.ConceptMap>
            </conceptMappings>
          </answerConcept>
          <creator/>
          <dateCreated id="356">2016-08-03 11:36:13</dateCreated>
          <sortWeight>2.0</sortWeight>
        </org.openmrs.ConceptAnswer>
      </answers>
      <conceptSets class="set" id="357"/>
      <descriptions class="set" id="358">
        <org.openmrs.ConceptDescription id="359" uuid="8d129560-bd6f-44b5-9df4-ee8afb1b77fd">
          <conceptDescriptionId>3679</conceptDescriptionId>
          <concept reference="317"/>
          <description>USO DE PROFILAXIA DA MENINGITE CRIPTOCÓCICA</description>
          <locale id="360">pt</locale>
          <creator/>
          <dateCreated id="361">2016-08-03 11:36:13</dateCreated>
        </org.openmrs.ConceptDescription>
      </descriptions>
      <conceptMappings class="set" id="362">
        <org.openmrs.ConceptMap id="363" uuid="0b700abd-51ed-4525-99a5-72c82fcdff0e">
          <conceptMapType reference="43"/>
          <creator/>
          <dateCreated id="364">2016-08-16 08:42:11</dateCreated>
          <conceptMapId>1015</conceptMapId>
          <concept reference="317"/>
          <conceptReferenceTerm id="365" resolves-to="org.openmrs.ConceptReferenceTerm" uuid="bcd47200-12f4-417d-a994-76fa79342fbe">
            <creator/>
            <dateCreated id="366">2016-08-16 08:42:11</dateCreated>
            <retired>false</retired>
            <conceptReferenceTermId>1631</conceptReferenceTermId>
            <conceptSource reference="48"/>
            <code>6466</code>
            <conceptReferenceTermMaps id="367"/>
          </conceptReferenceTerm>
        </org.openmrs.ConceptMap>
      </conceptMappings>
    </concept>
    <tableName></tableName>
    <attributeName></attributeName>
    <defaultValue></defaultValue>
    <selectMultiple>false</selectMultiple>
  </org.openmrs.Field>
  <org.openmrs.Field id="368" uuid="884dd31f-f439-4a9d-8263-2c3731794c75">
    <name>RASTREIO DE ITS</name>
    <description>Escreva se o paciente tem sintomas ou sinais sugestivas de ITS</description>
    <creator/>
    <dateCreated id="369">2016-07-29 10:20:31</dateCreated>
    <changedBy/>
    <dateChanged id="370">2016-08-02 08:15:28</dateChanged>
    <retired>false</retired>
    <fieldId>763</fieldId>
    <fieldType reference="4"/>
    <concept id="371" resolves-to="org.openmrs.Concept" uuid="794ef662-03bc-4e22-90ff-38742b82827a">
      <conceptId>6258</conceptId>
      <retired>false</retired>
      <datatype reference="87"/>
      <conceptClass reference="89"/>
      <set>false</set>
      <creator/>
      <dateCreated id="372">2012-02-22 12:26:24</dateCreated>
      <changedBy/>
      <dateChanged id="373">2016-08-24 09:32:51</dateChanged>
      <names class="set" id="374">
        <org.openmrs.ConceptName id="375" uuid="ed375508-af45-44c4-9f65-6d15065f03eb">
          <conceptNameId>7142</conceptNameId>
          <concept reference="371"/>
          <name>SCREENING FOR STI</name>
          <locale id="376">en</locale>
          <creator/>
          <dateCreated id="377">2012-02-22 12:26:24</dateCreated>
          <voided>false</voided>
          <tags class="set" id="378"/>
          <conceptNameType>FULLY_SPECIFIED</conceptNameType>
          <localePreferred>true</localePreferred>
        </org.openmrs.ConceptName>
        <org.openmrs.ConceptName id="379" uuid="deadb087-6151-4358-ab27-e1356acae339">
          <conceptNameId>7141</conceptNameId>
          <concept reference="371"/>
          <name>RASTREIO DE ITS</name>
          <locale id="380">pt</locale>
          <creator/>
          <dateCreated id="381">2012-02-22 12:26:24</dateCreated>
          <voided>false</voided>
          <tags class="set" id="382"/>
          <conceptNameType>FULLY_SPECIFIED</conceptNameType>
          <localePreferred>true</localePreferred>
        </org.openmrs.ConceptName>
      </names>
      <answers class="set" id="383">
        <org.openmrs.ConceptAnswer id="384" uuid="988544be-ae09-4a28-a52d-0875264022c4">
          <conceptAnswerId>2770</conceptAnswerId>
          <concept reference="371"/>
          <answerConcept reference="329"/>
          <creator/>
          <dateCreated id="385">2012-02-22 12:34:07</dateCreated>
          <sortWeight>2.0</sortWeight>
        </org.openmrs.ConceptAnswer>
        <org.openmrs.ConceptAnswer id="386" uuid="a914893c-5308-48f8-adce-02289efcdccf">
          <conceptAnswerId>2769</conceptAnswerId>
          <concept reference="371"/>
          <answerConcept reference="53"/>
          <creator/>
          <dateCreated id="387">2012-02-22 12:34:07</dateCreated>
          <sortWeight>1.0</sortWeight>
        </org.openmrs.ConceptAnswer>
      </answers>
      <conceptSets class="set" id="388"/>
      <descriptions class="set" id="389"/>
      <conceptMappings class="set" id="390">
        <org.openmrs.ConceptMap id="391" uuid="16465bb9-908b-4d4a-9675-b527cf642e8d">
          <conceptMapType reference="43"/>
          <creator/>
          <dateCreated id="392">2016-08-24 09:32:51</dateCreated>
          <conceptMapId>1598</conceptMapId>
          <concept reference="371"/>
          <conceptReferenceTerm id="393" uuid="311f1ef7-5908-4bf6-9ba2-3d9f812f49b1">
            <creator/>
            <dateCreated id="394">2016-08-24 09:32:51</dateCreated>
            <retired>false</retired>
            <conceptReferenceTermId>2214</conceptReferenceTermId>
            <conceptSource reference="48"/>
            <code>6258</code>
            <conceptReferenceTermMaps id="395"/>
          </conceptReferenceTerm>
        </org.openmrs.ConceptMap>
      </conceptMappings>
    </concept>
    <tableName></tableName>
    <attributeName></attributeName>
    <defaultValue>NO</defaultValue>
    <selectMultiple>false</selectMultiple>
  </org.openmrs.Field>
  <org.openmrs.Field id="396" uuid="a0664fcd-985b-4150-aeb4-2d63079ab92c">
    <name>DATA DE FIM DA PROFILAXIA COM COTRIMOXAZOL</name>
    <description></description>
    <creator/>
    <dateCreated id="397">2016-07-29 10:27:26</dateCreated>
    <retired>false</retired>
    <fieldId>769</fieldId>
    <fieldType reference="4"/>
    <concept id="398" resolves-to="org.openmrs.Concept" uuid="5efca22f-51ea-459a-8106-0dc335d748ab">
      <conceptId>6127</conceptId>
      <retired>false</retired>
      <datatype reference="210"/>
      <conceptClass reference="89"/>
      <set>false</set>
      <creator/>
      <dateCreated id="399">2011-02-18 11:51:19</dateCreated>
      <changedBy/>
      <dateChanged id="400">2016-08-24 09:32:51</dateChanged>
      <names class="set" id="401">
        <org.openmrs.ConceptName id="402" uuid="098c23ae-22ef-4e12-8259-3ed9a84555ab">
          <conceptNameId>6744</conceptNameId>
          <concept reference="398"/>
          <name>DATA DE FIM DA PROFILAXIA COM COTRIMOXAZOL</name>
          <locale id="403">pt</locale>
          <creator/>
          <dateCreated id="404">2011-02-18 11:51:19</dateCreated>
          <voided>false</voided>
          <tags class="set" id="405"/>
          <conceptNameType>FULLY_SPECIFIED</conceptNameType>
          <localePreferred>true</localePreferred>
        </org.openmrs.ConceptName>
        <org.openmrs.ConceptName id="406" uuid="45269a00-4bd3-4505-b3ae-9658a54cd2d8">
          <conceptNameId>6743</conceptNameId>
          <concept reference="398"/>
          <name>COTRIMOXAZOLE PROPHYLAXIS END DATE</name>
          <locale id="407">en</locale>
          <creator/>
          <dateCreated id="408">2011-02-18 11:51:19</dateCreated>
          <voided>false</voided>
          <tags class="set" id="409"/>
          <conceptNameType>FULLY_SPECIFIED</conceptNameType>
          <localePreferred>true</localePreferred>
        </org.openmrs.ConceptName>
      </names>
      <answers class="set" id="410"/>
      <conceptSets class="set" id="411"/>
      <descriptions class="set" id="412"/>
      <conceptMappings class="set" id="413">
        <org.openmrs.ConceptMap id="414" uuid="bac7a032-c34b-4a35-8fa9-eefaf2168a48">
          <conceptMapType reference="43"/>
          <creator/>
          <dateCreated id="415">2016-08-24 09:32:51</dateCreated>
          <conceptMapId>1599</conceptMapId>
          <concept reference="398"/>
          <conceptReferenceTerm id="416" uuid="6ef51b4e-93c3-41b0-a7de-b83cecef4cab">
            <creator/>
            <dateCreated id="417">2016-08-24 09:32:51</dateCreated>
            <retired>false</retired>
            <conceptReferenceTermId>2215</conceptReferenceTermId>
            <conceptSource reference="48"/>
            <code>6127</code>
            <conceptReferenceTermMaps id="418"/>
          </conceptReferenceTerm>
        </org.openmrs.ConceptMap>
      </conceptMappings>
    </concept>
    <tableName></tableName>
    <attributeName></attributeName>
    <defaultValue></defaultValue>
    <selectMultiple>false</selectMultiple>
  </org.openmrs.Field>
  <org.openmrs.Field id="419" uuid="4ba0dc68-3fd2-4dbf-98d1-4ad287183c84">
    <name>DATA DE FIM DA PROFILAXIA COM ISONIAZIDA</name>
    <description></description>
    <creator/>
    <dateCreated id="420">2016-07-29 10:28:10</dateCreated>
    <retired>false</retired>
    <fieldId>771</fieldId>
    <fieldType reference="4"/>
    <concept id="421" resolves-to="org.openmrs.Concept" uuid="9e555978-3a02-4da4-855e-7b1bfc807347">
      <conceptId>6129</conceptId>
      <retired>false</retired>
      <datatype reference="210"/>
      <conceptClass reference="89"/>
      <set>false</set>
      <creator/>
      <dateCreated id="422">2011-02-18 11:55:12</dateCreated>
      <changedBy/>
      <dateChanged id="423">2016-08-24 09:32:51</dateChanged>
      <names class="set" id="424">
        <org.openmrs.ConceptName id="425" uuid="eaf4d73b-6796-42c6-a017-80043d0ed55d">
          <conceptNameId>6747</conceptNameId>
          <concept reference="421"/>
          <name>DATA DE FIM DA PROFILAXIA COM ISONIAZIDA</name>
          <locale id="426">pt</locale>
          <creator/>
          <dateCreated id="427">2011-02-18 11:55:12</dateCreated>
          <voided>false</voided>
          <tags class="set" id="428"/>
          <conceptNameType>FULLY_SPECIFIED</conceptNameType>
          <localePreferred>true</localePreferred>
        </org.openmrs.ConceptName>
        <org.openmrs.ConceptName id="429" uuid="07164d17-c4e6-46e1-87ce-59f872a21dc8">
          <conceptNameId>6748</conceptNameId>
          <concept reference="421"/>
          <name>ISONIAZID PROPHYLAXIS END DATE</name>
          <locale id="430">en</locale>
          <creator/>
          <dateCreated id="431">2011-02-18 11:55:12</dateCreated>
          <voided>false</voided>
          <tags class="set" id="432"/>
          <conceptNameType>FULLY_SPECIFIED</conceptNameType>
          <localePreferred>true</localePreferred>
        </org.openmrs.ConceptName>
      </names>
      <answers class="set" id="433"/>
      <conceptSets class="set" id="434"/>
      <descriptions class="set" id="435"/>
      <conceptMappings class="set" id="436">
        <org.openmrs.ConceptMap id="437" uuid="1aa4c94b-bde7-4ec1-b8bf-4bec3f139da7">
          <conceptMapType reference="43"/>
          <creator/>
          <dateCreated id="438">2016-08-24 09:32:51</dateCreated>
          <conceptMapId>1600</conceptMapId>
          <concept reference="421"/>
          <conceptReferenceTerm id="439" uuid="c77392a5-3538-4729-ac03-9cb393b4562d">
            <creator/>
            <dateCreated id="440">2016-08-24 09:32:51</dateCreated>
            <retired>false</retired>
            <conceptReferenceTermId>2216</conceptReferenceTermId>
            <conceptSource reference="48"/>
            <code>6129</code>
            <conceptReferenceTermMaps id="441"/>
          </conceptReferenceTerm>
        </org.openmrs.ConceptMap>
      </conceptMappings>
    </concept>
    <tableName></tableName>
    <attributeName></attributeName>
    <defaultValue></defaultValue>
    <selectMultiple>false</selectMultiple>
  </org.openmrs.Field>
  <org.openmrs.Field id="442" uuid="d2e04493-1379-466b-b0db-1bf5dfa8dc44">
    <name>DATA DE INICIO DA PROFILAXIA COM ISONIAZIDA</name>
    <description></description>
    <creator/>
    <dateCreated id="443">2016-07-29 10:27:48</dateCreated>
    <retired>false</retired>
    <fieldId>770</fieldId>
    <fieldType reference="4"/>
    <concept id="444" resolves-to="org.openmrs.Concept" uuid="6fa92ac9-0a96-4372-9e10-dd9683c19135">
      <conceptId>6128</conceptId>
      <retired>false</retired>
      <datatype reference="210"/>
      <conceptClass reference="89"/>
      <set>false</set>
      <creator/>
      <dateCreated id="445">2011-02-18 11:54:08</dateCreated>
      <changedBy/>
      <dateChanged id="446">2016-08-24 09:32:51</dateChanged>
      <names class="set" id="447">
        <org.openmrs.ConceptName id="448" uuid="78726301-dd4f-4cb3-96d6-ff54a44dfe78">
          <conceptNameId>6745</conceptNameId>
          <concept reference="444"/>
          <name>DATA DE INICIO DA PROFILAXIA COM ISONIAZIDA</name>
          <locale id="449">pt</locale>
          <creator/>
          <dateCreated id="450">2011-02-18 11:54:08</dateCreated>
          <voided>false</voided>
          <tags class="set" id="451"/>
          <conceptNameType>FULLY_SPECIFIED</conceptNameType>
          <localePreferred>true</localePreferred>
        </org.openmrs.ConceptName>
        <org.openmrs.ConceptName id="452" uuid="64e62cbd-3fe6-4343-a022-7c9ab01346c6">
          <conceptNameId>6746</conceptNameId>
          <concept reference="444"/>
          <name>ISONIAZID PROPHYLAXIS START DATE</name>
          <locale id="453">en</locale>
          <creator/>
          <dateCreated id="454">2011-02-18 11:54:08</dateCreated>
          <voided>false</voided>
          <tags class="set" id="455"/>
          <conceptNameType>FULLY_SPECIFIED</conceptNameType>
          <localePreferred>true</localePreferred>
        </org.openmrs.ConceptName>
      </names>
      <answers class="set" id="456"/>
      <conceptSets class="set" id="457"/>
      <descriptions class="set" id="458"/>
      <conceptMappings class="set" id="459">
        <org.openmrs.ConceptMap id="460" uuid="f5d9167b-b835-4747-a5d3-b72876b161b2">
          <conceptMapType reference="43"/>
          <creator/>
          <dateCreated id="461">2016-08-24 09:32:51</dateCreated>
          <conceptMapId>1601</conceptMapId>
          <concept reference="444"/>
          <conceptReferenceTerm id="462" uuid="d78ad1cc-71ec-49e4-bae7-b8d677ce9891">
            <creator/>
            <dateCreated id="463">2016-08-24 09:32:51</dateCreated>
            <retired>false</retired>
            <conceptReferenceTermId>2217</conceptReferenceTermId>
            <conceptSource reference="48"/>
            <code>6128</code>
            <conceptReferenceTermMaps id="464"/>
          </conceptReferenceTerm>
        </org.openmrs.ConceptMap>
      </conceptMappings>
    </concept>
    <tableName></tableName>
    <attributeName></attributeName>
    <defaultValue></defaultValue>
    <selectMultiple>false</selectMultiple>
  </org.openmrs.Field>
  <org.openmrs.Field id="465" uuid="9fbb1a82-466d-40df-bccc-417489a1085b">
    <name>DATA DE FIM DA PROFILAXIA DA MENINGITE CRIPTOCÓCICA</name>
    <description>DATA DE FIM DA PROFILAXIA DA MENINGITE CRIPTOCÓCICA</description>
    <creator/>
    <dateCreated id="466">2016-08-03 12:11:36</dateCreated>
    <retired>false</retired>
    <fieldId>780</fieldId>
    <fieldType reference="4"/>
    <concept id="467" resolves-to="org.openmrs.Concept" uuid="eb5250ff-6e2a-4fbd-81d9-2504b8dbd91e">
      <conceptId>6468</conceptId>
      <retired>false</retired>
      <datatype reference="210"/>
      <conceptClass reference="89"/>
      <set>false</set>
      <creator/>
      <dateCreated id="468">2016-08-03 11:41:17</dateCreated>
      <changedBy/>
      <dateChanged id="469">2016-08-16 08:42:11</dateChanged>
      <names class="set" id="470">
        <org.openmrs.ConceptName id="471" uuid="06bce8ef-5e40-4879-b471-548b04a0642a">
          <conceptNameId>7632</conceptNameId>
          <concept reference="467"/>
          <name>DATA DE FIM DA PROFILAXIA DA MENINGITE CRIPTOCÓCICA</name>
          <locale id="472">en</locale>
          <creator/>
          <dateCreated id="473">2016-08-03 11:41:17</dateCreated>
          <voided>false</voided>
          <tags class="set" id="474"/>
          <conceptNameType>FULLY_SPECIFIED</conceptNameType>
          <localePreferred>true</localePreferred>
        </org.openmrs.ConceptName>
      </names>
      <answers class="set" id="475"/>
      <conceptSets class="set" id="476"/>
      <descriptions class="set" id="477">
        <org.openmrs.ConceptDescription id="478" uuid="491f35c6-5f6a-4aa4-881c-8a1af9d0d386">
          <conceptDescriptionId>3681</conceptDescriptionId>
          <concept reference="467"/>
          <description>DATA DE FIM DA PROFILAXIA DA MENINGITE CRIPTOCÓCICA</description>
          <locale id="479">en</locale>
          <creator/>
          <dateCreated id="480">2016-08-03 11:41:17</dateCreated>
        </org.openmrs.ConceptDescription>
      </descriptions>
      <conceptMappings class="set" id="481">
        <org.openmrs.ConceptMap id="482" uuid="29a0f446-75e3-4994-9e6e-e3732fd1e26a">
          <conceptMapType reference="43"/>
          <creator/>
          <dateCreated id="483">2016-08-16 08:42:11</dateCreated>
          <conceptMapId>1014</conceptMapId>
          <concept reference="467"/>
          <conceptReferenceTerm id="484" resolves-to="org.openmrs.ConceptReferenceTerm" uuid="3ffbcaf1-569c-4190-940f-1c43a3ceba00">
            <creator/>
            <dateCreated id="485">2016-08-16 08:42:11</dateCreated>
            <retired>false</retired>
            <conceptReferenceTermId>1630</conceptReferenceTermId>
            <conceptSource reference="48"/>
            <code>6468</code>
            <conceptReferenceTermMaps id="486"/>
          </conceptReferenceTerm>
        </org.openmrs.ConceptMap>
      </conceptMappings>
    </concept>
    <tableName></tableName>
    <attributeName></attributeName>
    <defaultValue></defaultValue>
    <selectMultiple>false</selectMultiple>
  </org.openmrs.Field>
  <org.openmrs.Field id="487" uuid="68b5fdd8-55af-4f6b-8ac9-50de7067b96d">
    <name>CHEST EXAMS</name>
    <description>Receive the symptoms and complaints of the patient on the chest</description>
    <creator/>
    <dateCreated id="488">2016-08-03 12:08:15</dateCreated>
    <retired>false</retired>
    <fieldId>774</fieldId>
    <fieldType reference="4"/>
    <concept id="489" resolves-to="org.openmrs.Concept" uuid="648e170c-4322-4820-ae17-989a8b115371">
      <conceptId>6471</conceptId>
      <retired>false</retired>
      <datatype reference="279"/>
      <conceptClass reference="89"/>
      <set>false</set>
      <creator/>
      <dateCreated id="490">2016-08-03 11:56:45</dateCreated>
      <changedBy/>
      <dateChanged id="491">2016-08-16 08:42:11</dateChanged>
      <names class="set" id="492">
        <org.openmrs.ConceptName id="493" uuid="b9ec4b15-78b4-43c1-b423-81c7847c8e70">
          <conceptNameId>7635</conceptNameId>
          <concept reference="489"/>
          <name>CHEST SYMTOMS</name>
          <locale id="494">en</locale>
          <creator/>
          <dateCreated id="495">2016-08-03 11:56:45</dateCreated>
          <voided>true</voided>
          <voidedBy/>
          <dateVoided id="496">2016-08-04 17:51:26</dateVoided>
          <voidReason>Anulada devido ŕ mudança de nome</voidReason>
          <tags class="set" id="497"/>
          <localePreferred>false</localePreferred>
        </org.openmrs.ConceptName>
        <org.openmrs.ConceptName id="498" uuid="fdcdd9a8-3ce8-4f77-bebf-4e00263e0eee">
          <conceptNameId>7651</conceptNameId>
          <concept reference="489"/>
          <name>CHEST EXAMS</name>
          <locale id="499">en</locale>
          <creator/>
          <dateCreated id="500">2016-08-16 08:24:07</dateCreated>
          <voided>false</voided>
          <tags class="set" id="501"/>
          <conceptNameType>FULLY_SPECIFIED</conceptNameType>
          <localePreferred>true</localePreferred>
        </org.openmrs.ConceptName>
        <org.openmrs.ConceptName id="502" uuid="68c3dfb4-b998-4e2f-9f22-a31fdc2bd238">
          <conceptNameId>7641</conceptNameId>
          <concept reference="489"/>
          <name>CHEST SYMPTOMS</name>
          <locale id="503">en</locale>
          <creator/>
          <dateCreated id="504">2016-08-04 17:51:26</dateCreated>
          <voided>true</voided>
          <voidedBy/>
          <dateVoided id="505">2016-08-16 08:24:07</dateVoided>
          <voidReason>Anulada devido ŕ mudança de nome</voidReason>
          <tags class="set" id="506"/>
          <localePreferred>false</localePreferred>
        </org.openmrs.ConceptName>
      </names>
      <answers class="set" id="507"/>
      <conceptSets class="set" id="508"/>
      <descriptions class="set" id="509">
        <org.openmrs.ConceptDescription id="510" uuid="e906934a-1b90-4fd3-aad6-d08615fcc078">
          <conceptDescriptionId>3684</conceptDescriptionId>
          <concept reference="489"/>
          <description>Receive the symptoms and complaints of the patient on the chest</description>
          <locale id="511">en</locale>
          <creator/>
          <dateCreated id="512">2016-08-03 11:56:45</dateCreated>
        </org.openmrs.ConceptDescription>
      </descriptions>
      <conceptMappings class="set" id="513">
        <org.openmrs.ConceptMap id="514" uuid="a99a8945-c494-463d-8e51-7b6d3f44fa32">
          <conceptMapType reference="43"/>
          <creator/>
          <dateCreated id="515">2016-08-16 08:42:11</dateCreated>
          <conceptMapId>1019</conceptMapId>
          <concept reference="489"/>
          <conceptReferenceTerm id="516" resolves-to="org.openmrs.ConceptReferenceTerm" uuid="9d58c7cc-0b23-4fc1-9e1f-bbb40d72c041">
            <creator/>
            <dateCreated id="517">2016-08-16 08:42:11</dateCreated>
            <retired>false</retired>
            <conceptReferenceTermId>1635</conceptReferenceTermId>
            <conceptSource reference="48"/>
            <code>6471</code>
            <conceptReferenceTermMaps id="518"/>
          </conceptReferenceTerm>
        </org.openmrs.ConceptMap>
      </conceptMappings>
    </concept>
    <tableName></tableName>
    <attributeName></attributeName>
    <defaultValue></defaultValue>
    <selectMultiple>false</selectMultiple>
  </org.openmrs.Field>
  <org.openmrs.Field id="519" uuid="088deb09-4aa4-4533-8b21-5c04f6c3e4a6">
    <name>TUBERCULOSIS DRUG TREATMENT END DATE</name>
    <description></description>
    <creator/>
    <dateCreated id="520">2011-01-26 10:40:47</dateCreated>
    <retired>false</retired>
    <fieldId>759</fieldId>
    <fieldType reference="4"/>
    <concept id="521" resolves-to="org.openmrs.Concept" uuid="0ef94b67-b202-40ad-b542-7b2016524335">
      <conceptId>6120</conceptId>
      <retired>false</retired>
      <datatype reference="210"/>
      <conceptClass reference="89"/>
      <set>false</set>
      <creator/>
      <dateCreated id="522">2011-01-26 09:54:51</dateCreated>
      <changedBy/>
      <dateChanged id="523">2016-08-24 09:32:52</dateChanged>
      <names class="set" id="524">
        <org.openmrs.ConceptName id="525" uuid="ff31bb0c-cfe5-4b06-9cc8-e8b8ca677ec9">
          <conceptNameId>6722</conceptNameId>
          <concept reference="521"/>
          <name>DATA DE FIM DO TRATAMENTO TB</name>
          <locale id="526">pt</locale>
          <creator/>
          <dateCreated id="527">2011-01-26 09:54:51</dateCreated>
          <voided>false</voided>
          <tags class="set" id="528"/>
          <conceptNameType>FULLY_SPECIFIED</conceptNameType>
          <localePreferred>true</localePreferred>
        </org.openmrs.ConceptName>
        <org.openmrs.ConceptName id="529" uuid="d15a20e0-ec36-4ecd-a922-5350ce7c5b1b">
          <conceptNameId>6721</conceptNameId>
          <concept reference="521"/>
          <name>TB DRUG END DATE</name>
          <locale id="530">en</locale>
          <creator/>
          <dateCreated id="531">2011-01-26 09:54:51</dateCreated>
          <voided>false</voided>
          <tags class="set" id="532"/>
          <localePreferred>false</localePreferred>
        </org.openmrs.ConceptName>
        <org.openmrs.ConceptName id="533" uuid="dae1d606-ec45-4b89-b821-78003e1c8c66">
          <conceptNameId>6723</conceptNameId>
          <concept reference="521"/>
          <name>TUBERCULOSIS DRUG TREATMENT END DATE</name>
          <locale id="534">en</locale>
          <creator/>
          <dateCreated id="535">2011-01-26 09:54:51</dateCreated>
          <voided>false</voided>
          <tags class="set" id="536"/>
          <conceptNameType>FULLY_SPECIFIED</conceptNameType>
          <localePreferred>true</localePreferred>
        </org.openmrs.ConceptName>
      </names>
      <answers class="set" id="537"/>
      <conceptSets class="set" id="538"/>
      <descriptions class="set" id="539"/>
      <conceptMappings class="set" id="540">
        <org.openmrs.ConceptMap id="541" uuid="0099dbf9-79ec-4d23-97ab-857948142dc0">
          <conceptMapType reference="43"/>
          <creator/>
          <dateCreated id="542">2016-08-24 09:32:52</dateCreated>
          <conceptMapId>1602</conceptMapId>
          <concept reference="521"/>
          <conceptReferenceTerm id="543" uuid="c3ffc258-9e60-499e-b6f5-f50f42684a7e">
            <creator/>
            <dateCreated id="544">2016-08-24 09:32:52</dateCreated>
            <retired>false</retired>
            <conceptReferenceTermId>2218</conceptReferenceTermId>
            <conceptSource reference="48"/>
            <code>6120</code>
            <conceptReferenceTermMaps id="545"/>
          </conceptReferenceTerm>
        </org.openmrs.ConceptMap>
      </conceptMappings>
    </concept>
    <tableName></tableName>
    <attributeName></attributeName>
    <defaultValue></defaultValue>
    <selectMultiple>false</selectMultiple>
  </org.openmrs.Field>
  <org.openmrs.Field id="546" uuid="1d709975-cbd0-410d-bd21-9d8164b77e72">
    <name>NAO</name>
    <description>Resposta generica de uma pergunta</description>
    <creator/>
    <dateCreated id="547">2016-07-29 10:25:56</dateCreated>
    <retired>false</retired>
    <fieldId>767</fieldId>
    <fieldType reference="4"/>
    <concept reference="329"/>
    <tableName></tableName>
    <attributeName></attributeName>
    <defaultValue></defaultValue>
    <selectMultiple>false</selectMultiple>
  </org.openmrs.Field>
  <org.openmrs.Field id="548" uuid="b5d2bd6c-27ef-4194-98b5-2e1c7c76f549">
    <name>RASTREIO DE TB</name>
    <description>Escreva se o paciente tem sintomas ou sinais sugestivas de TB </description>
    <creator/>
    <dateCreated id="549">2016-07-29 10:22:46</dateCreated>
    <retired>false</retired>
    <fieldId>764</fieldId>
    <fieldType reference="4"/>
    <concept id="550" resolves-to="org.openmrs.Concept" uuid="ea1851dc-151b-4c1e-b763-5df48082159d">
      <conceptId>6257</conceptId>
      <retired>false</retired>
      <datatype reference="87"/>
      <conceptClass reference="89"/>
      <set>false</set>
      <creator/>
      <dateCreated id="551">2012-02-22 12:16:03</dateCreated>
      <changedBy/>
      <dateChanged id="552">2016-08-24 09:32:53</dateChanged>
      <names class="set" id="553">
        <org.openmrs.ConceptName id="554" uuid="8cca0b97-9947-44b0-8729-439072d9abb5">
          <conceptNameId>7140</conceptNameId>
          <concept reference="550"/>
          <name>SCREENING FOR TB</name>
          <locale id="555">en</locale>
          <creator/>
          <dateCreated id="556">2012-02-22 12:16:03</dateCreated>
          <voided>false</voided>
          <tags class="set" id="557"/>
          <conceptNameType>FULLY_SPECIFIED</conceptNameType>
          <localePreferred>true</localePreferred>
        </org.openmrs.ConceptName>
        <org.openmrs.ConceptName id="558" uuid="7dbe7f90-5458-4717-b9d5-342d41976b94">
          <conceptNameId>7139</conceptNameId>
          <concept reference="550"/>
          <name>RASTREIO DE TB</name>
          <locale id="559">pt</locale>
          <creator/>
          <dateCreated id="560">2012-02-22 12:16:03</dateCreated>
          <voided>false</voided>
          <tags class="set" id="561"/>
          <conceptNameType>FULLY_SPECIFIED</conceptNameType>
          <localePreferred>true</localePreferred>
        </org.openmrs.ConceptName>
      </names>
      <answers class="set" id="562">
        <org.openmrs.ConceptAnswer id="563" uuid="5d8616da-2783-4cd4-8d6e-cf52aa896bdd">
          <conceptAnswerId>2767</conceptAnswerId>
          <concept reference="550"/>
          <answerConcept reference="329"/>
          <creator/>
          <dateCreated id="564">2012-02-22 12:16:03</dateCreated>
          <sortWeight>2.0</sortWeight>
        </org.openmrs.ConceptAnswer>
        <org.openmrs.ConceptAnswer id="565" uuid="03a5fbc5-aa3c-4320-af2d-17ad9f2b3219">
          <conceptAnswerId>2768</conceptAnswerId>
          <concept reference="550"/>
          <answerConcept reference="53"/>
          <creator/>
          <dateCreated id="566">2012-02-22 12:16:03</dateCreated>
          <sortWeight>1.0</sortWeight>
        </org.openmrs.ConceptAnswer>
      </answers>
      <conceptSets class="set" id="567"/>
      <descriptions class="set" id="568"/>
      <conceptMappings class="set" id="569">
        <org.openmrs.ConceptMap id="570" uuid="61ced0c6-dc24-464d-9b55-972ae9b76f53">
          <conceptMapType reference="43"/>
          <creator/>
          <dateCreated id="571">2016-08-24 09:32:53</dateCreated>
          <conceptMapId>1603</conceptMapId>
          <concept reference="550"/>
          <conceptReferenceTerm id="572" uuid="8bdcb197-79e6-494a-adb0-f0d8a5d6211b">
            <creator/>
            <dateCreated id="573">2016-08-24 09:32:52</dateCreated>
            <retired>false</retired>
            <conceptReferenceTermId>2219</conceptReferenceTermId>
            <conceptSource reference="48"/>
            <code>6257</code>
            <conceptReferenceTermMaps id="574"/>
          </conceptReferenceTerm>
        </org.openmrs.ConceptMap>
      </conceptMappings>
    </concept>
    <tableName></tableName>
    <attributeName></attributeName>
    <defaultValue></defaultValue>
    <selectMultiple>false</selectMultiple>
  </org.openmrs.Field>
  <org.openmrs.Field id="575" uuid="a471d150-51ef-4dce-8604-95f7fed1c3cc">
    <name>HEAD AND NECK EXAMS</name>
    <description>Receives the symptoms and complaints of the patient in the head</description>
    <creator/>
    <dateCreated id="576">2016-08-03 12:07:07</dateCreated>
    <retired>false</retired>
    <fieldId>772</fieldId>
    <fieldType reference="4"/>
    <concept id="577" resolves-to="org.openmrs.Concept" uuid="77742a72-dfd9-48fe-8166-ae9238a248e2">
      <conceptId>6469</conceptId>
      <retired>false</retired>
      <datatype reference="279"/>
      <conceptClass reference="89"/>
      <set>false</set>
      <creator/>
      <dateCreated id="578">2016-08-03 11:53:30</dateCreated>
      <changedBy/>
      <dateChanged id="579">2016-08-16 08:42:11</dateChanged>
      <names class="set" id="580">
        <org.openmrs.ConceptName id="581" uuid="45578fda-52e7-4d75-bac3-87cbff6e894d">
          <conceptNameId>7633</conceptNameId>
          <concept reference="577"/>
          <name>HEAD SYMTOMS</name>
          <locale id="582">en</locale>
          <creator/>
          <dateCreated id="583">2016-08-03 11:53:30</dateCreated>
          <voided>true</voided>
          <voidedBy/>
          <dateVoided id="584">2016-08-04 17:49:46</dateVoided>
          <voidReason>Anulada devido ŕ mudança de nome</voidReason>
          <tags class="set" id="585"/>
          <localePreferred>false</localePreferred>
        </org.openmrs.ConceptName>
        <org.openmrs.ConceptName id="586" uuid="8db764d6-101d-4668-a9a8-c716dd5f4ee2">
          <conceptNameId>7650</conceptNameId>
          <concept reference="577"/>
          <name>HEAD AND NECK EXAMS</name>
          <locale id="587">en</locale>
          <creator/>
          <dateCreated id="588">2016-08-16 08:23:09</dateCreated>
          <voided>false</voided>
          <tags class="set" id="589"/>
          <conceptNameType>FULLY_SPECIFIED</conceptNameType>
          <localePreferred>true</localePreferred>
        </org.openmrs.ConceptName>
        <org.openmrs.ConceptName id="590" uuid="cca4cb9b-3e40-47bd-9cb5-872a3e59513b">
          <conceptNameId>7639</conceptNameId>
          <concept reference="577"/>
          <name>HEAD SYMPTOMS</name>
          <locale id="591">en</locale>
          <creator/>
          <dateCreated id="592">2016-08-04 17:49:46</dateCreated>
          <voided>true</voided>
          <voidedBy/>
          <dateVoided id="593">2016-08-16 08:23:09</dateVoided>
          <voidReason>Anulada devido ŕ mudança de nome</voidReason>
          <tags class="set" id="594"/>
          <localePreferred>false</localePreferred>
        </org.openmrs.ConceptName>
      </names>
      <answers class="set" id="595"/>
      <conceptSets class="set" id="596"/>
      <descriptions class="set" id="597">
        <org.openmrs.ConceptDescription id="598" uuid="a38c11c8-5e09-415a-8634-c07da0608ddb">
          <conceptDescriptionId>3682</conceptDescriptionId>
          <concept reference="577"/>
          <description>Receives the symptoms and complaints of the patient in the head</description>
          <locale id="599">en</locale>
          <creator/>
          <dateCreated id="600">2016-08-03 11:53:30</dateCreated>
        </org.openmrs.ConceptDescription>
      </descriptions>
      <conceptMappings class="set" id="601">
        <org.openmrs.ConceptMap id="602" uuid="81ab9f2a-2a80-4dab-9ea9-8872e716891c">
          <conceptMapType reference="43"/>
          <creator/>
          <dateCreated id="603">2016-08-16 08:42:11</dateCreated>
          <conceptMapId>1018</conceptMapId>
          <concept reference="577"/>
          <conceptReferenceTerm id="604" resolves-to="org.openmrs.ConceptReferenceTerm" uuid="f2f5209e-c312-4c57-92f5-5042051e0cb3">
            <creator/>
            <dateCreated id="605">2016-08-16 08:42:11</dateCreated>
            <retired>false</retired>
            <conceptReferenceTermId>1634</conceptReferenceTermId>
            <conceptSource reference="48"/>
            <code>6469</code>
            <conceptReferenceTermMaps id="606"/>
          </conceptReferenceTerm>
        </org.openmrs.ConceptMap>
      </conceptMappings>
    </concept>
    <tableName></tableName>
    <attributeName></attributeName>
    <defaultValue></defaultValue>
    <selectMultiple>false</selectMultiple>
  </org.openmrs.Field>
  <org.openmrs.Field id="607" uuid="b0b49a99-d4ed-4df5-8036-455f9d4763de">
    <name>DATA DE INICIO DA PROFILAXIA COM COTRIMOXAZOL</name>
    <description></description>
    <creator/>
    <dateCreated id="608">2016-07-29 10:27:08</dateCreated>
    <retired>false</retired>
    <fieldId>768</fieldId>
    <fieldType reference="4"/>
    <concept id="609" resolves-to="org.openmrs.Concept" uuid="56a0216c-cd4b-45d3-9f2b-258e6c021d32">
      <conceptId>6126</conceptId>
      <retired>false</retired>
      <datatype reference="210"/>
      <conceptClass reference="89"/>
      <set>false</set>
      <creator/>
      <dateCreated id="610">2011-02-18 11:50:01</dateCreated>
      <changedBy/>
      <dateChanged id="611">2016-08-24 09:32:53</dateChanged>
      <names class="set" id="612">
        <org.openmrs.ConceptName id="613" uuid="e7645bb9-f25e-4722-9b19-650c20ed9919">
          <conceptNameId>6741</conceptNameId>
          <concept reference="609"/>
          <name>COTRIMOXAZOLE PROPHYLAXIS START DATE</name>
          <locale id="614">en</locale>
          <creator/>
          <dateCreated id="615">2011-02-18 11:50:01</dateCreated>
          <voided>false</voided>
          <tags class="set" id="616"/>
          <conceptNameType>FULLY_SPECIFIED</conceptNameType>
          <localePreferred>true</localePreferred>
        </org.openmrs.ConceptName>
        <org.openmrs.ConceptName id="617" uuid="200fd378-962f-433e-8f08-8bcdb0718f47">
          <conceptNameId>6742</conceptNameId>
          <concept reference="609"/>
          <name>DATA DE INICIO DA PROFILAXIA COM COTRIMOXAZOL</name>
          <locale id="618">pt</locale>
          <creator/>
          <dateCreated id="619">2011-02-18 11:50:01</dateCreated>
          <voided>false</voided>
          <tags class="set" id="620"/>
          <conceptNameType>FULLY_SPECIFIED</conceptNameType>
          <localePreferred>true</localePreferred>
        </org.openmrs.ConceptName>
      </names>
      <answers class="set" id="621"/>
      <conceptSets class="set" id="622"/>
      <descriptions class="set" id="623"/>
      <conceptMappings class="set" id="624">
        <org.openmrs.ConceptMap id="625" uuid="4042e52b-52f5-4f2e-8351-6817145252ec">
          <conceptMapType reference="43"/>
          <creator/>
          <dateCreated id="626">2016-08-24 09:32:53</dateCreated>
          <conceptMapId>1604</conceptMapId>
          <concept reference="609"/>
          <conceptReferenceTerm id="627" uuid="bc86c15e-99ea-42ec-a8b6-10ce1a9a50ff">
            <creator/>
            <dateCreated id="628">2016-08-24 09:32:53</dateCreated>
            <retired>false</retired>
            <conceptReferenceTermId>2220</conceptReferenceTermId>
            <conceptSource reference="48"/>
            <code>6126</code>
            <conceptReferenceTermMaps id="629"/>
          </conceptReferenceTerm>
        </org.openmrs.ConceptMap>
      </conceptMappings>
    </concept>
    <tableName></tableName>
    <attributeName></attributeName>
    <defaultValue></defaultValue>
    <selectMultiple>false</selectMultiple>
  </org.openmrs.Field>
  <org.openmrs.Field id="630" uuid="dd3a8994-b03e-478c-b389-25e1db1e3241">
    <name>UPPER AND lOWER LIMBS EXAMS</name>
    <description>Receive the symptoms and complaints of the patient on the lower limbs</description>
    <creator/>
    <dateCreated id="631">2016-08-03 12:09:12</dateCreated>
    <retired>false</retired>
    <fieldId>777</fieldId>
    <fieldType reference="4"/>
    <concept id="632" resolves-to="org.openmrs.Concept" uuid="17b9f774-3a6d-4364-9ad7-c50d99df9ba0">
      <conceptId>6474</conceptId>
      <retired>false</retired>
      <datatype reference="279"/>
      <conceptClass reference="89"/>
      <set>false</set>
      <creator/>
      <dateCreated id="633">2016-08-03 12:00:03</dateCreated>
      <changedBy/>
      <dateChanged id="634">2016-08-16 08:42:12</dateChanged>
      <names class="set" id="635">
        <org.openmrs.ConceptName id="636" uuid="e35c43f9-08d9-4e15-8278-8b8622926886">
          <conceptNameId>7644</conceptNameId>
          <concept reference="632"/>
          <name>LOWER LIMBS SYMPTOMS</name>
          <locale id="637">en</locale>
          <creator/>
          <dateCreated id="638">2016-08-04 17:54:26</dateCreated>
          <voided>true</voided>
          <voidedBy/>
          <dateVoided id="639">2016-08-16 08:27:16</dateVoided>
          <voidReason>Anulada devido ŕ mudança de nome</voidReason>
          <tags class="set" id="640"/>
          <localePreferred>false</localePreferred>
        </org.openmrs.ConceptName>
        <org.openmrs.ConceptName id="641" uuid="52c6ff3c-efbb-4a41-a266-d3b992cd20cb">
          <conceptNameId>7655</conceptNameId>
          <concept reference="632"/>
          <name>UPPER AND LOWER LIMBS EXAMS</name>
          <locale id="642">en</locale>
          <creator/>
          <dateCreated id="643">2016-08-16 08:30:42</dateCreated>
          <voided>false</voided>
          <tags class="set" id="644"/>
          <conceptNameType>FULLY_SPECIFIED</conceptNameType>
          <localePreferred>true</localePreferred>
        </org.openmrs.ConceptName>
        <org.openmrs.ConceptName id="645" uuid="61f0e1d3-9542-4a6b-b7fd-65232c2e349e">
          <conceptNameId>7653</conceptNameId>
          <concept reference="632"/>
          <name>UPPER LOWER LIMBS SYMPTOMS</name>
          <locale id="646">en</locale>
          <creator/>
          <dateCreated id="647">2016-08-16 08:27:16</dateCreated>
          <voided>true</voided>
          <voidedBy/>
          <dateVoided id="648">2016-08-16 08:30:42</dateVoided>
          <voidReason>Anulada devido ŕ mudança de nome</voidReason>
          <tags class="set" id="649"/>
          <localePreferred>false</localePreferred>
        </org.openmrs.ConceptName>
        <org.openmrs.ConceptName id="650" uuid="6675391a-a94c-44c6-9316-000d8bb63ae8">
          <conceptNameId>7638</conceptNameId>
          <concept reference="632"/>
          <name>LOWER LIMBS SYMTOMS</name>
          <locale id="651">en</locale>
          <creator/>
          <dateCreated id="652">2016-08-03 12:00:03</dateCreated>
          <voided>true</voided>
          <voidedBy/>
          <dateVoided id="653">2016-08-04 17:54:26</dateVoided>
          <voidReason>Anulada devido ŕ mudança de nome</voidReason>
          <tags class="set" id="654"/>
          <localePreferred>false</localePreferred>
        </org.openmrs.ConceptName>
      </names>
      <answers class="set" id="655"/>
      <conceptSets class="set" id="656"/>
      <descriptions class="set" id="657">
        <org.openmrs.ConceptDescription id="658" uuid="05902ab6-a1f0-4d82-bbb2-87bcf1d21b56">
          <conceptDescriptionId>3687</conceptDescriptionId>
          <concept reference="632"/>
          <description>Receive the symptoms and complaints of the patient on the lower limbs</description>
          <locale id="659">en</locale>
          <creator/>
          <dateCreated id="660">2016-08-03 12:00:03</dateCreated>
        </org.openmrs.ConceptDescription>
      </descriptions>
      <conceptMappings class="set" id="661">
        <org.openmrs.ConceptMap id="662" uuid="99ad75d6-cdc0-4267-bcf1-c2d713f72ac2">
          <conceptMapType reference="43"/>
          <creator/>
          <dateCreated id="663">2016-08-16 08:42:11</dateCreated>
          <conceptMapId>1020</conceptMapId>
          <concept reference="632"/>
          <conceptReferenceTerm id="664" resolves-to="org.openmrs.ConceptReferenceTerm" uuid="b5b92aa5-2200-4706-98c4-5d1d0fd5d63a">
            <creator/>
            <dateCreated id="665">2016-08-16 08:42:11</dateCreated>
            <retired>false</retired>
            <conceptReferenceTermId>1636</conceptReferenceTermId>
            <conceptSource reference="48"/>
            <code>6474</code>
            <conceptReferenceTermMaps id="666"/>
          </conceptReferenceTerm>
        </org.openmrs.ConceptMap>
      </conceptMappings>
    </concept>
    <tableName></tableName>
    <attributeName></attributeName>
    <defaultValue></defaultValue>
    <selectMultiple>false</selectMultiple>
  </org.openmrs.Field>
  <org.openmrs.Field id="667" uuid="e28170d6-1d5f-11e0-b929-000c29ad1d07">
    <name>RESPIRATORY RATE</name>
    <description>Measured respiratory rate in breaths per minute</description>
    <creator/>
    <dateCreated id="668">2008-10-23 06:39:21</dateCreated>
    <retired>false</retired>
    <fieldId>397</fieldId>
    <fieldType reference="4"/>
    <concept id="669" resolves-to="org.openmrs.ConceptNumeric" uuid="e1e4628c-1d5f-11e0-b929-000c29ad1d07">
      <conceptId>5242</conceptId>
      <retired>false</retired>
      <datatype reference="7"/>
      <conceptClass id="670" resolves-to="org.openmrs.ConceptClass" uuid="8d491a9a-c2cc-11de-8d13-0010c6dffd0f">
        <name>Finding</name>
        <description>Practitioner observation/finding</description>
        <creator/>
        <dateCreated id="671">2004-03-01 21:00:00</dateCreated>
        <retired>false</retired>
        <conceptClassId>5</conceptClassId>
      </conceptClass>
      <set>false</set>
      <creator/>
      <dateCreated id="672">2004-08-11 21:00:00</dateCreated>
      <changedBy/>
      <dateChanged id="673">2016-08-24 09:32:53</dateChanged>
      <names class="set" id="674">
        <org.openmrs.ConceptName id="675" uuid="e2658042-1d5f-11e0-b929-000c29ad1d07">
          <conceptNameId>6335</conceptNameId>
          <concept class="org.openmrs.ConceptNumeric" reference="669"/>
          <name>RR</name>
          <locale id="676">en</locale>
          <creator/>
          <dateCreated id="677">2004-11-06 21:00:00</dateCreated>
          <voided>false</voided>
          <tags class="set" id="678"/>
          <localePreferred>false</localePreferred>
        </org.openmrs.ConceptName>
        <org.openmrs.ConceptName id="679" uuid="e243cb28-1d5f-11e0-b929-000c29ad1d07">
          <conceptNameId>1592</conceptNameId>
          <concept class="org.openmrs.ConceptNumeric" reference="669"/>
          <name>RESPIRATORY RATE</name>
          <locale id="680">en</locale>
          <creator/>
          <dateCreated id="681">2004-08-11 21:00:00</dateCreated>
          <voided>false</voided>
          <tags class="set" id="682"/>
          <conceptNameType>FULLY_SPECIFIED</conceptNameType>
          <localePreferred>true</localePreferred>
        </org.openmrs.ConceptName>
        <org.openmrs.ConceptName id="683" uuid="e2503e62-1d5f-11e0-b929-000c29ad1d07">
          <conceptNameId>3405</conceptNameId>
          <concept class="org.openmrs.ConceptNumeric" reference="669"/>
          <name>FREQUENCIA RESPIRATORIA</name>
          <locale id="684">pt</locale>
          <creator/>
          <dateCreated id="685">2008-11-13 13:59:47</dateCreated>
          <voided>false</voided>
          <tags class="set" id="686"/>
          <conceptNameType>FULLY_SPECIFIED</conceptNameType>
          <localePreferred>true</localePreferred>
        </org.openmrs.ConceptName>
      </names>
      <answers class="set" id="687"/>
      <conceptSets class="set" id="688"/>
      <descriptions class="set" id="689">
        <org.openmrs.ConceptDescription id="690" uuid="e224ce08-1d5f-11e0-b929-000c29ad1d07">
          <conceptDescriptionId>1564</conceptDescriptionId>
          <concept class="org.openmrs.ConceptNumeric" reference="669"/>
          <description>Measured respiratory rate in breaths per minute</description>
          <locale id="691">en</locale>
          <creator/>
          <dateCreated id="692">2004-08-11 21:00:00</dateCreated>
        </org.openmrs.ConceptDescription>
      </descriptions>
      <conceptMappings class="set" id="693">
        <org.openmrs.ConceptMap id="694" uuid="43c58127-2aff-492b-9e79-f0f418b4e02c">
          <conceptMapType reference="43"/>
          <creator/>
          <dateCreated id="695">2016-08-24 09:32:53</dateCreated>
          <conceptMapId>1605</conceptMapId>
          <concept class="org.openmrs.ConceptNumeric" reference="669"/>
          <conceptReferenceTerm id="696" uuid="cbf55ac0-175e-412b-b4fd-874bf4dceb8d">
            <creator/>
            <dateCreated id="697">2016-08-24 09:32:53</dateCreated>
            <retired>false</retired>
            <conceptReferenceTermId>2221</conceptReferenceTermId>
            <conceptSource reference="48"/>
            <code>5242</code>
            <conceptReferenceTermMaps id="698"/>
          </conceptReferenceTerm>
        </org.openmrs.ConceptMap>
      </conceptMappings>
      <allowDecimal>false</allowDecimal>
    </concept>
    <tableName></tableName>
    <attributeName></attributeName>
    <defaultValue></defaultValue>
    <selectMultiple>false</selectMultiple>
  </org.openmrs.Field>
</list>
