<?xml version="1.0" encoding="UTF-8"?>
<list id="1">
  <org.openmrs.Form id="2" uuid="3f9355a8-6e17-424f-9073-6191883d071f">
    <name>CCR - MCH</name>
    <description>Consulta de Crianca em risco  - Projecto MCH</description>
    <creator/>
    <dateCreated id="3">2016-01-13 13:36:14</dateCreated>
    <retired>false</retired>
    <formId>134</formId>
    <version>1.0</version>
    <published>false</published>
    <encounterType id="4" resolves-to="org.openmrs.EncounterType" uuid="e278fe10-1d5f-11e0-b929-000c29ad1d07">
      <name>CCR: SEGUIMENTO</name>
      <description>Seguimento visita do Criança Em Risco</description>
      <creator/>
      <dateCreated id="5">2008-10-13 11:36:27</dateCreated>
      <retired>false</retired>
      <encounterTypeId>10</encounterTypeId>
    </encounterType>
    <formFields id="6"/>
  </org.openmrs.Form>
  <org.openmrs.Form id="7" uuid="e44627d1-c918-4cac-a58c-dc8f0def6fe8">
    <name>CPN-MCH</name>
    <description>Consulta Pré-Natal - Projecto MCH</description>
    <creator/>
    <dateCreated id="8">2015-12-15 13:54:31</dateCreated>
    <changedBy/>
    <dateChanged id="9">2016-01-13 13:58:52</dateChanged>
    <retired>false</retired>
    <formId>133</formId>
    <version>1.0</version>
    <published>false</published>
    <encounterType id="10" resolves-to="org.openmrs.EncounterType" uuid="e278ff3c-1d5f-11e0-b929-000c29ad1d07">
      <name>PTV: PRE-NATAL INICIAL</name>
      <description>Prevenção Transmisiveis Vertical</description>
      <creator/>
      <dateCreated id="11">2008-10-13 11:38:27</dateCreated>
      <retired>false</retired>
      <encounterTypeId>11</encounterTypeId>
    </encounterType>
    <formFields id="12"/>
  </org.openmrs.Form>
  <org.openmrs.EncounterType reference="10"/>
  <org.openmrs.EncounterType reference="4"/>
</list>
