<?xml version="1.0" encoding="UTF-8"?>
<package id="1" uuid="b6417451-0936-4593-aadb-223bbdd516df">
  <dateCreated id="2">2017-01-30 09:51:01</dateCreated>
  <name>anamnese marked on</name>
  <description>Marked on concept for ANAMNESE service</description>
  <openmrsVersion>1.11.5  Build a0c979</openmrsVersion>
  <version>1</version>
  <groupUuid>86a73c93-27db-467f-8d86-61101482031b</groupUuid>
  <modules id="3">
    <entry>
      <string>uilibrary</string>
      <string>1.5</string>
    </entry>
    <entry>
      <string>webservices.rest</string>
      <string>2.16.e045a4</string>
    </entry>
    <entry>
      <string>htmlformentry</string>
      <string>3.3.0</string>
    </entry>
    <entry>
      <string>patientsummary</string>
      <string>2.0</string>
    </entry>
    <entry>
      <string>calculation</string>
      <string>1.1</string>
    </entry>
    <entry>
      <string>providermanagement</string>
      <string>2.3</string>
    </entry>
    <entry>
      <string>event</string>
      <string>2.2.1</string>
    </entry>
    <entry>
      <string>formfilter</string>
      <string>1.0.0</string>
    </entry>
    <entry>
      <string>bahmniapps</string>
      <string>0.74-SNAPSHOT</string>
    </entry>
    <entry>
      <string>htmlformentry19ext</string>
      <string>1.7</string>
    </entry>
    <entry>
      <string>esaudemetadata</string>
      <string>1.3.8</string>
    </entry>
    <entry>
      <string>reference-data</string>
      <string>0.74-SNAPSHOT</string>
    </entry>
    <entry>
      <string>addresshierarchy</string>
      <string>2.9</string>
    </entry>
    <entry>
      <string>dataentrystatistics</string>
      <string>1.3.2</string>
    </entry>
    <entry>
      <string>serialization.xstream</string>
      <string>0.2.9</string>
    </entry>
    <entry>
      <string>htmlwidgets</string>
      <string>1.7.2</string>
    </entry>
    <entry>
      <string>reportingcompatibility</string>
      <string>1.5.8</string>
    </entry>
    <entry>
      <string>groovy</string>
      <string>2.2.4</string>
    </entry>
    <entry>
      <string>uiframework</string>
      <string>3.4</string>
    </entry>
    <entry>
      <string>bahmnicore</string>
      <string>0.77-SNAPSHOT</string>
    </entry>
    <entry>
      <string>metadatamapping</string>
      <string>1.0.1</string>
    </entry>
    <entry>
      <string>patientflags</string>
      <string>1.3.4</string>
    </entry>
    <entry>
      <string>reportingrest</string>
      <string>1.6</string>
    </entry>
    <entry>
      <string>appframework</string>
      <string>2.1</string>
    </entry>
    <entry>
      <string>logic</string>
      <string>0.5.2</string>
    </entry>
    <entry>
      <string>idgen-webservices</string>
      <string>1.0</string>
    </entry>
    <entry>
      <string>emrapi</string>
      <string>1.11.1</string>
    </entry>
    <entry>
      <string>idgen</string>
      <string>4.4.0</string>
    </entry>
    <entry>
      <string>openmrs-atomfeed</string>
      <string>2.4-SNAPSHOT</string>
    </entry>
    <entry>
      <string>databasebackup</string>
      <string>1.0</string>
    </entry>
    <entry>
      <string>metadatasharing</string>
      <string>1.2</string>
    </entry>
    <entry>
      <string>reporting</string>
      <string>0.9.9</string>
    </entry>
    <entry>
      <string>gaac</string>
      <string>1.0-SNAPSHOT</string>
    </entry>
    <entry>
      <string>patientflag_rest</string>
      <string>1.0.0</string>
    </entry>
  </modules>
  <items class="linked-hash-set" id="4">
    <org.openmrs.module.metadatasharing.Item id="5" uuid="3ae77ecc-865b-4354-abf9-901f36715c70">
      <id>21154</id>
      <classname>org.openmrs.Concept</classname>
      <dateChanged id="6">2017-01-30 09:47:35</dateChanged>
      <retired>false</retired>
    </org.openmrs.module.metadatasharing.Item>
  </items>
  <relatedItems class="linked-hash-set" id="7">
    <org.openmrs.module.metadatasharing.Item id="8" uuid="8d4a5af4-c2cc-11de-8d13-0010c6dffd0f">
      <id>8</id>
      <classname>org.openmrs.ConceptDatatype</classname>
      <dateChanged id="9">2004-07-22 00:00:00</dateChanged>
      <retired>false</retired>
    </org.openmrs.module.metadatasharing.Item>
    <org.openmrs.module.metadatasharing.Item id="10" uuid="8d491e50-c2cc-11de-8d13-0010c6dffd0f">
      <id>7</id>
      <classname>org.openmrs.ConceptClass</classname>
      <dateChanged id="11">2004-03-01 22:00:00</dateChanged>
      <retired>false</retired>
    </org.openmrs.module.metadatasharing.Item>
    <org.openmrs.module.metadatasharing.Item id="12" uuid="1d6a8ac5-4597-4a09-8890-8c0e751bfa6a">
      <id>28351</id>
      <classname>org.openmrs.ConceptName</classname>
      <dateChanged id="13">2017-01-30 09:47:35</dateChanged>
    </org.openmrs.module.metadatasharing.Item>
    <org.openmrs.module.metadatasharing.Item id="14" uuid="65ff7950-0817-470f-86cc-8c984f53c54d">
      <id>28352</id>
      <classname>org.openmrs.ConceptName</classname>
      <dateChanged id="15">2017-01-30 09:47:35</dateChanged>
    </org.openmrs.module.metadatasharing.Item>
    <org.openmrs.module.metadatasharing.Item id="16" uuid="bc47b719-54be-451b-9dd2-0d9893a90741">
      <id>34644</id>
      <classname>org.openmrs.ConceptMap</classname>
      <dateChanged id="17">2017-01-30 09:52:18</dateChanged>
    </org.openmrs.module.metadatasharing.Item>
    <org.openmrs.module.metadatasharing.Item id="18" uuid="35543629-7d8c-11e1-909d-c80aa9edcf4e">
      <id>1</id>
      <classname>org.openmrs.ConceptMapType</classname>
      <dateChanged id="19">2017-01-10 08:50:54</dateChanged>
      <retired>false</retired>
    </org.openmrs.module.metadatasharing.Item>
    <org.openmrs.module.metadatasharing.Item id="20" uuid="26c7afd5-274b-43fd-b3fa-f461fecce34f">
      <id>35185</id>
      <classname>org.openmrs.ConceptReferenceTerm</classname>
      <dateChanged id="21">2017-01-30 09:52:18</dateChanged>
      <retired>false</retired>
    </org.openmrs.module.metadatasharing.Item>
    <org.openmrs.module.metadatasharing.Item id="22" uuid="919246ff-6bfc-42fc-8213-69d2d1ce0db7">
      <id>34</id>
      <classname>org.openmrs.ConceptSource</classname>
      <dateChanged id="23">2016-10-12 13:42:37</dateChanged>
      <retired>false</retired>
    </org.openmrs.module.metadatasharing.Item>
  </relatedItems>
</package>
