<?xml version="1.0" encoding="UTF-8"?>
<list id="1">
  <org.openmrs.Concept id="2" uuid="3ae77ecc-865b-4354-abf9-901f36715c70">
    <conceptId>21154</conceptId>
    <retired>false</retired>
    <datatype id="3" resolves-to="org.openmrs.ConceptDatatype" uuid="8d4a5af4-c2cc-11de-8d13-0010c6dffd0f">
      <name>Datetime</name>
      <description>Absolute date and time</description>
      <creator/>
      <dateCreated id="4">2004-07-22 00:00:00</dateCreated>
      <retired>false</retired>
      <conceptDatatypeId>8</conceptDatatypeId>
      <hl7Abbreviation>TS</hl7Abbreviation>
    </datatype>
    <conceptClass id="5" resolves-to="org.openmrs.ConceptClass" uuid="8d491e50-c2cc-11de-8d13-0010c6dffd0f">
      <name>Question</name>
      <description>Question (eg, patient history, SF36 items)</description>
      <creator/>
      <dateCreated id="6">2004-03-01 22:00:00</dateCreated>
      <retired>false</retired>
      <conceptClassId>7</conceptClassId>
    </conceptClass>
    <set>false</set>
    <creator/>
    <dateCreated id="7">2017-01-30 09:47:35</dateCreated>
    <changedBy/>
    <dateChanged id="8">2017-01-30 09:52:18</dateChanged>
    <names class="set" id="9">
      <org.openmrs.ConceptName id="10" uuid="1d6a8ac5-4597-4a09-8890-8c0e751bfa6a">
        <conceptNameId>28351</conceptNameId>
        <concept reference="2"/>
        <name>POC MAPPING ANAMNESE DATE</name>
        <locale id="11">en</locale>
        <creator/>
        <dateCreated id="12">2017-01-30 09:47:35</dateCreated>
        <voided>false</voided>
        <tags class="set" id="13"/>
        <conceptNameType>FULLY_SPECIFIED</conceptNameType>
        <localePreferred>true</localePreferred>
      </org.openmrs.ConceptName>
      <org.openmrs.ConceptName id="14" uuid="65ff7950-0817-470f-86cc-8c984f53c54d">
        <conceptNameId>28352</conceptNameId>
        <concept reference="2"/>
        <name>POC MAPEAMENTO DATA DE ANAMNESE</name>
        <locale id="15">pt</locale>
        <creator/>
        <dateCreated id="16">2017-01-30 09:47:35</dateCreated>
        <voided>false</voided>
        <tags class="set" id="17"/>
        <conceptNameType>FULLY_SPECIFIED</conceptNameType>
        <localePreferred>true</localePreferred>
      </org.openmrs.ConceptName>
    </names>
    <answers class="set" id="18"/>
    <conceptSets class="set" id="19"/>
    <descriptions class="set" id="20"/>
    <conceptMappings class="set" id="21">
      <org.openmrs.ConceptMap id="22" uuid="bc47b719-54be-451b-9dd2-0d9893a90741">
        <conceptMapType id="23" uuid="35543629-7d8c-11e1-909d-c80aa9edcf4e">
          <name>SAME-AS</name>
          <creator/>
          <dateCreated id="24">2015-03-21 22:00:00</dateCreated>
          <changedBy/>
          <dateChanged id="25">2017-01-10 08:50:54</dateChanged>
          <retired>false</retired>
          <conceptMapTypeId>1</conceptMapTypeId>
          <isHidden>false</isHidden>
        </conceptMapType>
        <creator/>
        <dateCreated id="26">2017-01-30 09:52:18</dateCreated>
        <conceptMapId>34644</conceptMapId>
        <concept reference="2"/>
        <conceptReferenceTerm id="27" uuid="26c7afd5-274b-43fd-b3fa-f461fecce34f">
          <creator/>
          <dateCreated id="28">2017-01-30 09:52:18</dateCreated>
          <retired>false</retired>
          <conceptReferenceTermId>35185</conceptReferenceTermId>
          <conceptSource id="29" uuid="919246ff-6bfc-42fc-8213-69d2d1ce0db7">
            <name>eSaude</name>
            <description>Mozambique eSaude concept dictionary</description>
            <creator/>
            <dateCreated id="30">2016-10-12 13:42:37</dateCreated>
            <retired>false</retired>
            <conceptSourceId>34</conceptSourceId>
            <hl7Code>eSaude</hl7Code>
          </conceptSource>
          <code>21154</code>
          <conceptReferenceTermMaps id="31"/>
        </conceptReferenceTerm>
      </org.openmrs.ConceptMap>
    </conceptMappings>
  </org.openmrs.Concept>
</list>
