<?xml version="1.0" encoding="UTF-8"?>
<list id="1">
  <org.openmrs.Field id="2" uuid="bb8be93c-4c1b-4963-bddf-744afcf12556">
    <name>FREQUENCIA CARDIACA</name>
    <description>Patient pulse rate, as measured with a peripheral oximeter.</description>
    <creator/>
    <dateCreated id="3">2016-08-25 06:55:35</dateCreated>
    <retired>false</retired>
    <fieldId>765</fieldId>
    <fieldType id="4" resolves-to="org.openmrs.FieldType" uuid="8d5e7d7c-c2cc-11de-8d13-0010c6dffd0f">
      <name>Concept</name>
      <creator/>
      <dateCreated id="5">2005-02-22 12:43:00</dateCreated>
      <retired>false</retired>
      <fieldTypeId>1</fieldTypeId>
      <isSet>false</isSet>
    </fieldType>
    <concept id="6" resolves-to="org.openmrs.ConceptNumeric" uuid="e1e2e5f6-1d5f-11e0-b929-000c29ad1d07">
      <conceptId>5087</conceptId>
      <retired>false</retired>
      <datatype id="7" resolves-to="org.openmrs.ConceptDatatype" uuid="8d4a4488-c2cc-11de-8d13-0010c6dffd0f">
        <name>Numeric</name>
        <description>Numeric value, including integer or float (e.g., creatinine, weight)</description>
        <creator/>
        <dateCreated id="8">2004-02-02 00:00:00</dateCreated>
        <retired>false</retired>
        <conceptDatatypeId>1</conceptDatatypeId>
        <hl7Abbreviation>NM</hl7Abbreviation>
      </datatype>
      <conceptClass id="9" resolves-to="org.openmrs.ConceptClass" uuid="8d4907b2-c2cc-11de-8d13-0010c6dffd0f">
        <name>Test</name>
        <description>Acq. during patient encounter (vitals, labs, etc.)</description>
        <creator/>
        <dateCreated id="10">2004-02-02 00:00:00</dateCreated>
        <retired>false</retired>
        <conceptClassId>1</conceptClassId>
      </conceptClass>
      <set>false</set>
      <creator/>
      <dateCreated id="11">2004-08-12 00:00:00</dateCreated>
      <changedBy/>
      <dateChanged id="12">2016-08-29 09:41:54</dateChanged>
      <names class="set" id="13">
        <org.openmrs.ConceptName id="14" uuid="e2628982-1d5f-11e0-b929-000c29ad1d07">
          <conceptNameId>5928</conceptNameId>
          <concept reference="6"/>
          <name>HR</name>
          <locale id="15">en</locale>
          <creator/>
          <dateCreated id="16">2004-10-07 00:00:00</dateCreated>
          <voided>true</voided>
          <voidedBy/>
          <dateVoided id="17">2011-01-11 00:00:00</dateVoided>
          <voidReason>Duplicate name in locale</voidReason>
          <tags class="set" id="18"/>
          <localePreferred>false</localePreferred>
        </org.openmrs.ConceptName>
        <org.openmrs.ConceptName id="19" uuid="e2431a0c-1d5f-11e0-b929-000c29ad1d07">
          <conceptNameId>1437</conceptNameId>
          <concept class="org.openmrs.ConceptNumeric" reference="6"/>
          <name>PULSE</name>
          <locale id="20">en</locale>
          <creator/>
          <dateCreated id="21">2004-08-12 00:00:00</dateCreated>
          <voided>false</voided>
          <tags class="set" id="22"/>
          <conceptNameType>FULLY_SPECIFIED</conceptNameType>
          <localePreferred>true</localePreferred>
        </org.openmrs.ConceptName>
        <org.openmrs.ConceptName id="23" uuid="e261a68e-1d5f-11e0-b929-000c29ad1d07">
          <conceptNameId>5887</conceptNameId>
          <concept class="org.openmrs.ConceptNumeric" reference="6"/>
          <name>HEART RATE</name>
          <locale id="24">en</locale>
          <creator/>
          <dateCreated id="25">2004-10-07 00:00:00</dateCreated>
          <voided>false</voided>
          <tags class="set" id="26"/>
          <localePreferred>false</localePreferred>
        </org.openmrs.ConceptName>
        <org.openmrs.ConceptName id="27" uuid="e2503bb0-1d5f-11e0-b929-000c29ad1d07">
          <conceptNameId>3402</conceptNameId>
          <concept class="org.openmrs.ConceptNumeric" reference="6"/>
          <name>FREQUENCIA CARDIACA</name>
          <locale id="28">pt</locale>
          <creator/>
          <dateCreated id="29">2008-11-13 16:44:47</dateCreated>
          <voided>false</voided>
          <tags class="set" id="30"/>
          <conceptNameType>FULLY_SPECIFIED</conceptNameType>
          <localePreferred>true</localePreferred>
        </org.openmrs.ConceptName>
        <org.openmrs.ConceptName id="31" uuid="e25dd644-1d5f-11e0-b929-000c29ad1d07">
          <conceptNameId>5160</conceptNameId>
          <concept class="org.openmrs.ConceptNumeric" reference="6"/>
          <name>HR</name>
          <locale id="32">en</locale>
          <creator/>
          <dateCreated id="33">2004-08-12 00:00:00</dateCreated>
          <voided>false</voided>
          <tags class="set" id="34"/>
          <conceptNameType>SHORT</conceptNameType>
          <localePreferred>false</localePreferred>
        </org.openmrs.ConceptName>
      </names>
      <answers class="set" id="35"/>
      <conceptSets class="set" id="36"/>
      <descriptions class="set" id="37">
        <org.openmrs.ConceptDescription id="38" uuid="e2239b82-1d5f-11e0-b929-000c29ad1d07">
          <conceptDescriptionId>1410</conceptDescriptionId>
          <concept class="org.openmrs.ConceptNumeric" reference="6"/>
          <description>Patient pulse rate, as measured with a peripheral oximeter.</description>
          <locale id="39">en</locale>
          <creator/>
          <dateCreated id="40">2004-08-12 00:00:00</dateCreated>
        </org.openmrs.ConceptDescription>
      </descriptions>
      <conceptMappings class="set" id="41">
        <org.openmrs.ConceptMap id="42" uuid="149c643f-da75-41dc-b580-f0b0848afff9">
          <conceptMapType id="43" uuid="35543629-7d8c-11e1-909d-c80aa9edcf4e">
            <name>SAME-AS</name>
            <creator/>
            <dateCreated id="44">2013-01-17 00:00:00</dateCreated>
            <changedBy/>
            <dateChanged id="45">2016-08-18 14:27:05</dateChanged>
            <retired>false</retired>
            <conceptMapTypeId>1</conceptMapTypeId>
            <isHidden>false</isHidden>
          </conceptMapType>
          <creator/>
          <dateCreated id="46">2016-08-29 09:41:54</dateCreated>
          <conceptMapId>325</conceptMapId>
          <concept class="org.openmrs.ConceptNumeric" reference="6"/>
          <conceptReferenceTerm id="47" uuid="d7dadc29-0015-4a14-867b-b6e6c0ef84d2">
            <creator/>
            <dateCreated id="48">2016-08-29 09:41:54</dateCreated>
            <retired>false</retired>
            <conceptReferenceTermId>941</conceptReferenceTermId>
            <conceptSource id="49" uuid="919246ff-6bfc-42fc-8213-69d2d1ce0db7">
              <name>OMRS FGH, Zambezia, Mozambique</name>
              <description>Fonte para programa da FGH na Zambézia, Mozambique. Criado por Eurico Jose</description>
              <creator/>
              <dateCreated id="50">2013-01-08 10:29:09</dateCreated>
              <retired>false</retired>
              <conceptSourceId>1</conceptSourceId>
              <hl7Code>OMRSFGHZBMZ</hl7Code>
            </conceptSource>
            <code>5087</code>
            <conceptReferenceTermMaps id="51"/>
          </conceptReferenceTerm>
        </org.openmrs.ConceptMap>
      </conceptMappings>
      <hiAbsolute>230.0</hiAbsolute>
      <lowAbsolute>0.0</lowAbsolute>
      <units>rate/min</units>
      <allowDecimal>false</allowDecimal>
    </concept>
    <tableName></tableName>
    <attributeName></attributeName>
    <defaultValue></defaultValue>
    <selectMultiple>false</selectMultiple>
  </org.openmrs.Field>
</list>
