<?xml version="1.0" encoding="UTF-8"?>
<package id="1" uuid="344298f8-6ce5-47a1-ae3a-20dbe6d6c6bd">
  <dateCreated id="2">2016-07-29 14:00:14</dateCreated>
  <name>consultation schedule cohort</name>
  <description>consultation schedule cohort</description>
  <openmrsVersion>1.11.5  Build a0c979</openmrsVersion>
  <version>1</version>
  <groupUuid>59c6b1a6-3b35-45d1-915e-2542be7238b2</groupUuid>
  <modules id="3">
    <entry>
      <string>uilibrary</string>
      <string>1.5</string>
    </entry>
    <entry>
      <string>webservices.rest</string>
      <string>2.12.474b25</string>
    </entry>
    <entry>
      <string>htmlformentry</string>
      <string>2.2.1</string>
    </entry>
    <entry>
      <string>patientsummary</string>
      <string>2.0</string>
    </entry>
    <entry>
      <string>calculation</string>
      <string>1.1</string>
    </entry>
    <entry>
      <string>providermanagement</string>
      <string>2.3</string>
    </entry>
    <entry>
      <string>event</string>
      <string>2.2.1</string>
    </entry>
    <entry>
      <string>bahmniapps</string>
      <string>0.74-SNAPSHOT</string>
    </entry>
    <entry>
      <string>formfilter</string>
      <string>1.0.0</string>
    </entry>
    <entry>
      <string>htmlformentry19ext</string>
      <string>1.2</string>
    </entry>
    <entry>
      <string>reference-data</string>
      <string>0.74-SNAPSHOT</string>
    </entry>
    <entry>
      <string>addresshierarchy</string>
      <string>2.4</string>
    </entry>
    <entry>
      <string>dataentrystatistics</string>
      <string>1.3.1</string>
    </entry>
    <entry>
      <string>serialization.xstream</string>
      <string>0.2.9</string>
    </entry>
    <entry>
      <string>htmlwidgets</string>
      <string>1.6.5</string>
    </entry>
    <entry>
      <string>reportingcompatibility</string>
      <string>1.5.8</string>
    </entry>
    <entry>
      <string>groovy</string>
      <string>2.2.4</string>
    </entry>
    <entry>
      <string>uiframework</string>
      <string>3.4</string>
    </entry>
    <entry>
      <string>bahmnicore</string>
      <string>0.77-SNAPSHOT</string>
    </entry>
    <entry>
      <string>patientflags</string>
      <string>1.3.4</string>
    </entry>
    <entry>
      <string>metadatamapping</string>
      <string>1.0.1</string>
    </entry>
    <entry>
      <string>appframework</string>
      <string>2.1</string>
    </entry>
    <entry>
      <string>logic</string>
      <string>0.5.2</string>
    </entry>
    <entry>
      <string>idgen-webservices</string>
      <string>1.0</string>
    </entry>
    <entry>
      <string>emrapi</string>
      <string>1.11.1</string>
    </entry>
    <entry>
      <string>openmrs-atomfeed</string>
      <string>2.4</string>
    </entry>
    <entry>
      <string>idgen</string>
      <string>2.9.1</string>
    </entry>
    <entry>
      <string>databasebackup</string>
      <string>1.0</string>
    </entry>
    <entry>
      <string>metadatasharing</string>
      <string>1.2</string>
    </entry>
    <entry>
      <string>reporting</string>
      <string>0.9.7</string>
    </entry>
    <entry>
      <string>gaac</string>
      <string>1.0-SNAPSHOT</string>
    </entry>
  </modules>
  <items class="linked-hash-set" id="4">
    <org.openmrs.module.metadatasharing.Item id="5" uuid="eca2b927-4ee3-47e3-9c19-a72805891d8d">
      <id>990</id>
      <classname>org.openmrs.api.db.SerializedObject</classname>
      <dateChanged id="6">2016-07-29 11:58:35</dateChanged>
      <retired>false</retired>
    </org.openmrs.module.metadatasharing.Item>
    <org.openmrs.module.metadatasharing.Item id="7" uuid="d00c4b2e-7c13-4d05-9f87-8a9c4b07ad52">
      <id>991</id>
      <classname>org.openmrs.api.db.SerializedObject</classname>
      <dateChanged id="8">2016-07-29 12:01:02</dateChanged>
      <retired>false</retired>
    </org.openmrs.module.metadatasharing.Item>
  </items>
  <relatedItems class="linked-hash-set" id="9"/>
</package>
