<?xml version="1.0" encoding="UTF-8"?>
<list id="1">
  <org.openmrs.api.db.SerializedObject id="2" uuid="eca2b927-4ee3-47e3-9c19-a72805891d8d">
    <name>POC: MARKED FOR CONSULTATION TODAY</name>
    <description>Cohort of patients that have the next consultation scheduled for the current date</description>
    <creator/>
    <dateCreated id="3">2016-07-29 11:58:13</dateCreated>
    <changedBy/>
    <dateChanged id="4">2016-07-29 11:58:35</dateChanged>
    <retired>false</retired>
    <id>990</id>
    <type>org.openmrs.module.reporting.cohort.definition.CohortDefinition</type>
    <subtype>org.openmrs.module.reporting.cohort.definition.SqlCohortDefinition</subtype>
    <serializationClass>org.openmrs.module.reporting.serializer.ReportingSerializer</serializationClass>
    <serializedData>&lt;org.openmrs.module.reporting.cohort.definition.SqlCohortDefinition id=&quot;1&quot; uuid=&quot;eca2b927-4ee3-47e3-9c19-a72805891d8d&quot; retired=&quot;false&quot;&gt;
  &lt;name&gt;POC: MARKED FOR CONSULTATION TODAY&lt;/name&gt;
  &lt;description&gt;Cohort of patients that have the next consultation scheduled for the current date&lt;/description&gt;
  &lt;creator id=&quot;2&quot; uuid=&quot;85a09a66-1e3d-11e0-acca-000c29d83bf2&quot;/&gt;
  &lt;dateCreated id=&quot;3&quot;&gt;2016-07-29 11:58:13 UTC&lt;/dateCreated&gt;
  &lt;changedBy reference=&quot;2&quot;/&gt;
  &lt;dateChanged id=&quot;4&quot;&gt;2016-07-29 11:58:35 UTC&lt;/dateChanged&gt;
  &lt;parameters id=&quot;5&quot;/&gt;
  &lt;id&gt;990&lt;/id&gt;
  &lt;query&gt;SELECT p.patient_id FROM patient p&amp;#xd;
INNER JOIN obs o ON o.person_id = p.patient_id&amp;#xd;
INNER JOIN encounter e ON e.encounter_id = o.encounter_id&amp;#xd;
WHERE&amp;#xd;
e.encounter_datetime = (SELECT MAX(en.encounter_datetime) FROM encounter en WHERE en.patient_id = p.patient_id AND en.encounter_type IN (6, 9, 10) AND en.voided = 0)&amp;#xd;
AND&amp;#xd;
o.concept_id = 1410 AND DATE(o.value_datetime) = DATE(now())&amp;#xd;
AND o.voided = 0 AND p.voided = 0&lt;/query&gt;
&lt;/org.openmrs.module.reporting.cohort.definition.SqlCohortDefinition&gt;</serializedData>
  </org.openmrs.api.db.SerializedObject>
  <org.openmrs.api.db.SerializedObject id="5" uuid="d00c4b2e-7c13-4d05-9f87-8a9c4b07ad52">
    <name>POC: MARKED FOR CONSULTATION TODAY AND CHECKEDIN BY PROVIDER</name>
    <description>Cohort of patients scheduled for consultation today by a specific clinician, that came to checkin</description>
    <creator/>
    <dateCreated id="6">2016-07-29 12:00:54</dateCreated>
    <changedBy/>
    <dateChanged id="7">2016-07-29 12:01:02</dateChanged>
    <retired>false</retired>
    <id>991</id>
    <type>org.openmrs.module.reporting.cohort.definition.CohortDefinition</type>
    <subtype>org.openmrs.module.reporting.cohort.definition.SqlCohortDefinition</subtype>
    <serializationClass>org.openmrs.module.reporting.serializer.ReportingSerializer</serializationClass>
    <serializedData>&lt;org.openmrs.module.reporting.cohort.definition.SqlCohortDefinition id=&quot;1&quot; uuid=&quot;d00c4b2e-7c13-4d05-9f87-8a9c4b07ad52&quot; retired=&quot;false&quot;&gt;
  &lt;name&gt;POC: MARKED FOR CONSULTATION TODAY AND CHECKEDIN BY PROVIDER&lt;/name&gt;
  &lt;description&gt;Cohort of patients scheduled for consultation today by a specific clinician, that came to checkin&lt;/description&gt;
  &lt;creator id=&quot;2&quot; uuid=&quot;85a09a66-1e3d-11e0-acca-000c29d83bf2&quot;/&gt;
  &lt;dateCreated id=&quot;3&quot;&gt;2016-07-29 12:00:54 UTC&lt;/dateCreated&gt;
  &lt;changedBy reference=&quot;2&quot;/&gt;
  &lt;dateChanged id=&quot;4&quot;&gt;2016-07-29 12:01:02 UTC&lt;/dateChanged&gt;
  &lt;parameters id=&quot;5&quot;&gt;
    &lt;org.openmrs.module.reporting.evaluation.parameter.Parameter id=&quot;6&quot;&gt;
      &lt;name&gt;providerUuid&lt;/name&gt;
      &lt;label&gt;providerUuid&lt;/label&gt;
      &lt;type&gt;java.lang.String&lt;/type&gt;
      &lt;required&gt;true&lt;/required&gt;
    &lt;/org.openmrs.module.reporting.evaluation.parameter.Parameter&gt;
  &lt;/parameters&gt;
  &lt;id&gt;991&lt;/id&gt;
  &lt;query&gt;SELECT p.patient_id FROM patient p&amp;#xd;
INNER JOIN obs o ON o.person_id = p.patient_id&amp;#xd;
INNER JOIN visit v ON v.patient_id = p.patient_id&amp;#xd;
INNER JOIN encounter_provider ep ON ep.encounter_id = o.encounter_id&amp;#xd;
INNER JOIN encounter e ON e.encounter_id = o.encounter_id&amp;#xd;
WHERE&amp;#xd;
e.encounter_datetime = (SELECT MAX(en.encounter_datetime) FROM encounter en WHERE en.patient_id = p.patient_id AND en.encounter_type IN (6, 9, 10) AND en.voided = 0)&amp;#xd;
AND&amp;#xd;
o.concept_id = 1410 AND DATE(o.value_datetime) = DATE(now())&amp;#xd;
AND&amp;#xd;
DATE(v.date_started) = DATE(now())&amp;#xd;
AND&amp;#xd;
ep.provider_id = (SELECT pr.provider_id FROM provider pr WHERE pr.uuid = :providerUuid)&amp;#xd;
AND&amp;#xd;
o.voided = 0 AND p.voided = 0&lt;/query&gt;
&lt;/org.openmrs.module.reporting.cohort.definition.SqlCohortDefinition&gt;</serializedData>
  </org.openmrs.api.db.SerializedObject>
</list>
