<?xml version="1.0" encoding="UTF-8"?>
<package id="1" uuid="def2edd6-43e4-4a83-a8e7-911b81374edc">
  <dateCreated id="2">2018-04-09 12:21:46</dateCreated>
  <name>Sexual Partner Information</name>
  <description>For grouping information about sexual partners</description>
  <openmrsVersion>1.11.5  Build a0c979</openmrsVersion>
  <version>1</version>
  <groupUuid>ade412c9-8987-4df3-b6e4-f1caebc317f9</groupUuid>
  <modules id="3">
    <entry>
      <string>uilibrary</string>
      <string>1.5</string>
    </entry>
    <entry>
      <string>webservices.rest</string>
      <string>2.20.0.0e371e</string>
    </entry>
    <entry>
      <string>htmlformentry</string>
      <string>3.3.0</string>
    </entry>
    <entry>
      <string>patientsummary</string>
      <string>2.0</string>
    </entry>
    <entry>
      <string>reportingmds</string>
      <string>1.0-SNAPSHOT</string>
    </entry>
    <entry>
      <string>calculation</string>
      <string>1.1</string>
    </entry>
    <entry>
      <string>providermanagement</string>
      <string>2.3</string>
    </entry>
    <entry>
      <string>event</string>
      <string>2.2.1</string>
    </entry>
    <entry>
      <string>formfilter</string>
      <string>1.0.0</string>
    </entry>
    <entry>
      <string>htmlformentry19ext</string>
      <string>1.7</string>
    </entry>
    <entry>
      <string>esaudemetadata</string>
      <string>1.6.1-SNAPSHOT</string>
    </entry>
    <entry>
      <string>addresshierarchy</string>
      <string>2.9</string>
    </entry>
    <entry>
      <string>dataentrystatistics</string>
      <string>1.3.2</string>
    </entry>
    <entry>
      <string>serialization.xstream</string>
      <string>0.2.9</string>
    </entry>
    <entry>
      <string>poc</string>
      <string>1.2.0-SNAPSHOT</string>
    </entry>
    <entry>
      <string>htmlwidgets</string>
      <string>1.9.0</string>
    </entry>
    <entry>
      <string>reportingcompatibility</string>
      <string>1.5.8</string>
    </entry>
    <entry>
      <string>groovy</string>
      <string>2.2.4</string>
    </entry>
    <entry>
      <string>metadatadeploy</string>
      <string>1.8.1</string>
    </entry>
    <entry>
      <string>uiframework</string>
      <string>3.4</string>
    </entry>
    <entry>
      <string>patientflags</string>
      <string>1.3.4</string>
    </entry>
    <entry>
      <string>metadatamapping</string>
      <string>1.0.1</string>
    </entry>
    <entry>
      <string>reportingrest</string>
      <string>1.6</string>
    </entry>
    <entry>
      <string>appframework</string>
      <string>2.1</string>
    </entry>
    <entry>
      <string>logic</string>
      <string>0.5.2</string>
    </entry>
    <entry>
      <string>emrapi</string>
      <string>1.11.1</string>
    </entry>
    <entry>
      <string>databasebackup</string>
      <string>1.0</string>
    </entry>
    <entry>
      <string>pharmacyapi</string>
      <string>1.0.9-SNAPSHOT</string>
    </entry>
    <entry>
      <string>metadatasharing</string>
      <string>1.2</string>
    </entry>
    <entry>
      <string>reporting</string>
      <string>0.9.9</string>
    </entry>
    <entry>
      <string>gaac</string>
      <string>1.0</string>
    </entry>
    <entry>
      <string>patientflag_rest</string>
      <string>1.0.0</string>
    </entry>
  </modules>
  <items class="linked-hash-set" id="4">
    <org.openmrs.module.metadatasharing.Item id="5" uuid="4cd975c4-56b8-478b-a528-d8ffb9ecd200">
      <id>22774</id>
      <classname>org.openmrs.Concept</classname>
      <dateChanged id="6">2018-04-03 13:57:43</dateChanged>
      <retired>false</retired>
    </org.openmrs.module.metadatasharing.Item>
    <org.openmrs.module.metadatasharing.Item id="7" uuid="bc39b981-bde2-4486-b1b8-8cef5a3233e3">
      <id>22773</id>
      <classname>org.openmrs.Concept</classname>
      <dateChanged id="8">2018-04-03 09:33:27</dateChanged>
      <retired>false</retired>
    </org.openmrs.module.metadatasharing.Item>
    <org.openmrs.module.metadatasharing.Item id="9" uuid="e13e172c-9f49-4bd0-a976-b0c167f47918">
      <id>22772</id>
      <classname>org.openmrs.Concept</classname>
      <dateChanged id="10">2018-04-02 13:38:36</dateChanged>
      <retired>false</retired>
    </org.openmrs.module.metadatasharing.Item>
  </items>
  <relatedItems class="linked-hash-set" id="11">
    <org.openmrs.module.metadatasharing.Item id="12" uuid="8d4a4c94-c2cc-11de-8d13-0010c6dffd0f">
      <id>4</id>
      <classname>org.openmrs.ConceptDatatype</classname>
      <dateChanged id="13">2004-02-01 22:00:00</dateChanged>
      <retired>false</retired>
    </org.openmrs.module.metadatasharing.Item>
    <org.openmrs.module.metadatasharing.Item id="14" uuid="8d492594-c2cc-11de-8d13-0010c6dffd0f">
      <id>10</id>
      <classname>org.openmrs.ConceptClass</classname>
      <dateChanged id="15">2004-03-02 00:00:00</dateChanged>
      <retired>false</retired>
    </org.openmrs.module.metadatasharing.Item>
    <org.openmrs.module.metadatasharing.Item id="16" uuid="bc1a7e7a-d3f1-41a7-b9de-024e0bab1f27">
      <id>31281</id>
      <classname>org.openmrs.ConceptName</classname>
      <dateChanged id="17">2018-04-03 13:57:43</dateChanged>
    </org.openmrs.module.metadatasharing.Item>
    <org.openmrs.module.metadatasharing.Item id="18" uuid="c6819754-5b31-4552-a1a1-4354bf048f54">
      <id>31282</id>
      <classname>org.openmrs.ConceptName</classname>
      <dateChanged id="19">2018-04-03 13:57:43</dateChanged>
    </org.openmrs.module.metadatasharing.Item>
    <org.openmrs.module.metadatasharing.Item id="20" uuid="79e620fc-eb38-40db-a969-7547e3536fba">
      <id>8474</id>
      <classname>org.openmrs.ConceptDescription</classname>
      <dateChanged id="21">2018-04-03 13:57:43</dateChanged>
    </org.openmrs.module.metadatasharing.Item>
    <org.openmrs.module.metadatasharing.Item id="22" uuid="c8bdbb8c-3c45-451b-b109-8d403d14756d">
      <id>8475</id>
      <classname>org.openmrs.ConceptDescription</classname>
      <dateChanged id="23">2018-04-03 13:57:43</dateChanged>
    </org.openmrs.module.metadatasharing.Item>
    <org.openmrs.module.metadatasharing.Item id="24" uuid="9d944175-7a96-4245-9b09-f98ef04e8169">
      <id>38303</id>
      <classname>org.openmrs.ConceptMap</classname>
      <dateChanged id="25">2018-04-09 12:29:17</dateChanged>
    </org.openmrs.module.metadatasharing.Item>
    <org.openmrs.module.metadatasharing.Item id="26" uuid="35543629-7d8c-11e1-909d-c80aa9edcf4e">
      <id>1</id>
      <classname>org.openmrs.ConceptMapType</classname>
      <dateChanged id="27">2018-04-05 08:48:22</dateChanged>
      <retired>false</retired>
    </org.openmrs.module.metadatasharing.Item>
    <org.openmrs.module.metadatasharing.Item id="28" uuid="d53ba160-cdf5-4a32-bd60-2bf0049dd938">
      <id>37449</id>
      <classname>org.openmrs.ConceptReferenceTerm</classname>
      <dateChanged id="29">2018-04-03 09:01:40</dateChanged>
      <retired>false</retired>
    </org.openmrs.module.metadatasharing.Item>
    <org.openmrs.module.metadatasharing.Item id="30" uuid="919246ff-6bfc-42fc-8213-69d2d1ce0db7">
      <id>34</id>
      <classname>org.openmrs.ConceptSource</classname>
      <dateChanged id="31">2016-10-12 13:42:37</dateChanged>
      <retired>false</retired>
    </org.openmrs.module.metadatasharing.Item>
    <org.openmrs.module.metadatasharing.Item id="32" uuid="8d4a4ab4-c2cc-11de-8d13-0010c6dffd0f">
      <id>3</id>
      <classname>org.openmrs.ConceptDatatype</classname>
      <dateChanged id="33">2004-02-02 00:00:00</dateChanged>
      <retired>false</retired>
    </org.openmrs.module.metadatasharing.Item>
    <org.openmrs.module.metadatasharing.Item id="34" uuid="8d491e50-c2cc-11de-8d13-0010c6dffd0f">
      <id>7</id>
      <classname>org.openmrs.ConceptClass</classname>
      <dateChanged id="35">2004-03-01 22:00:00</dateChanged>
      <retired>false</retired>
    </org.openmrs.module.metadatasharing.Item>
    <org.openmrs.module.metadatasharing.Item id="36" uuid="45b822e4-4671-4083-8cad-c9fc22669e83">
      <id>31279</id>
      <classname>org.openmrs.ConceptName</classname>
      <dateChanged id="37">2018-04-03 09:33:27</dateChanged>
    </org.openmrs.module.metadatasharing.Item>
    <org.openmrs.module.metadatasharing.Item id="38" uuid="46d95043-4303-4869-8617-3bc8a7149b69">
      <id>31280</id>
      <classname>org.openmrs.ConceptName</classname>
      <dateChanged id="39">2018-04-03 09:33:27</dateChanged>
    </org.openmrs.module.metadatasharing.Item>
    <org.openmrs.module.metadatasharing.Item id="40" uuid="01ec75f7-5916-4e82-be15-f59a2c8394fb">
      <id>8472</id>
      <classname>org.openmrs.ConceptDescription</classname>
      <dateChanged id="41">2018-04-03 09:33:27</dateChanged>
    </org.openmrs.module.metadatasharing.Item>
    <org.openmrs.module.metadatasharing.Item id="42" uuid="21649770-b62c-4cac-9c29-5b6a76d124f0">
      <id>8473</id>
      <classname>org.openmrs.ConceptDescription</classname>
      <dateChanged id="43">2018-04-03 09:33:27</dateChanged>
    </org.openmrs.module.metadatasharing.Item>
    <org.openmrs.module.metadatasharing.Item id="44" uuid="8336114b-f048-4fe7-af7f-152bad5ab305">
      <id>38304</id>
      <classname>org.openmrs.ConceptMap</classname>
      <dateChanged id="45">2018-04-09 12:29:17</dateChanged>
    </org.openmrs.module.metadatasharing.Item>
    <org.openmrs.module.metadatasharing.Item id="46" uuid="221d2ee4-2469-43e1-b644-b43ab3d93181">
      <id>38818</id>
      <classname>org.openmrs.ConceptReferenceTerm</classname>
      <dateChanged id="47">2018-04-03 09:01:40</dateChanged>
      <retired>false</retired>
    </org.openmrs.module.metadatasharing.Item>
    <org.openmrs.module.metadatasharing.Item id="48" uuid="8d4a48b6-c2cc-11de-8d13-0010c6dffd0f">
      <id>2</id>
      <classname>org.openmrs.ConceptDatatype</classname>
      <dateChanged id="49">2004-02-02 00:00:00</dateChanged>
      <retired>false</retired>
    </org.openmrs.module.metadatasharing.Item>
    <org.openmrs.module.metadatasharing.Item id="50" uuid="78980c70-915a-4f37-b3ff-7771032898c9">
      <id>31277</id>
      <classname>org.openmrs.ConceptName</classname>
      <dateChanged id="51">2018-04-02 13:38:36</dateChanged>
    </org.openmrs.module.metadatasharing.Item>
    <org.openmrs.module.metadatasharing.Item id="52" uuid="7798ac0e-8838-497a-ac95-a76b52dae8b9">
      <id>31278</id>
      <classname>org.openmrs.ConceptName</classname>
      <dateChanged id="53">2018-04-02 13:38:36</dateChanged>
    </org.openmrs.module.metadatasharing.Item>
    <org.openmrs.module.metadatasharing.Item id="54" uuid="2c4417f9-72d9-4c53-ac66-4fb8e93865c6">
      <id>6035</id>
      <classname>org.openmrs.ConceptAnswer</classname>
      <dateChanged id="55">2018-04-02 13:38:36</dateChanged>
    </org.openmrs.module.metadatasharing.Item>
    <org.openmrs.module.metadatasharing.Item id="56" uuid="877714f6-0a02-4a9d-bc16-a1e23d900eaa">
      <id>22771</id>
      <classname>org.openmrs.Concept</classname>
      <dateChanged id="57">2018-04-02 13:26:07</dateChanged>
      <retired>false</retired>
    </org.openmrs.module.metadatasharing.Item>
    <org.openmrs.module.metadatasharing.Item id="58" uuid="8d492774-c2cc-11de-8d13-0010c6dffd0f">
      <id>11</id>
      <classname>org.openmrs.ConceptClass</classname>
      <dateChanged id="59">2004-03-01 22:00:00</dateChanged>
      <retired>false</retired>
    </org.openmrs.module.metadatasharing.Item>
    <org.openmrs.module.metadatasharing.Item id="60" uuid="f3fc8737-2b7b-42bf-90de-350e531c0b81">
      <id>31275</id>
      <classname>org.openmrs.ConceptName</classname>
      <dateChanged id="61">2018-04-02 13:26:07</dateChanged>
    </org.openmrs.module.metadatasharing.Item>
    <org.openmrs.module.metadatasharing.Item id="62" uuid="146f8799-47ae-468d-9fba-75ac8583a081">
      <id>31276</id>
      <classname>org.openmrs.ConceptName</classname>
      <dateChanged id="63">2018-04-02 13:26:07</dateChanged>
    </org.openmrs.module.metadatasharing.Item>
    <org.openmrs.module.metadatasharing.Item id="64" uuid="fc449a91-62b4-479e-9532-ae8116d2829f">
      <id>38306</id>
      <classname>org.openmrs.ConceptMap</classname>
      <dateChanged id="65">2018-04-09 12:29:17</dateChanged>
    </org.openmrs.module.metadatasharing.Item>
    <org.openmrs.module.metadatasharing.Item id="66" uuid="b1942a21-dd9f-427c-8fce-d697d81612d1">
      <id>36621</id>
      <classname>org.openmrs.ConceptReferenceTerm</classname>
      <dateChanged id="67">2018-04-05 08:45:26</dateChanged>
      <retired>false</retired>
    </org.openmrs.module.metadatasharing.Item>
    <org.openmrs.module.metadatasharing.Item id="68" uuid="f9897f5d-d3db-4a5a-965b-87c3b3df88b9">
      <id>6036</id>
      <classname>org.openmrs.ConceptAnswer</classname>
      <dateChanged id="69">2018-04-02 13:38:36</dateChanged>
    </org.openmrs.module.metadatasharing.Item>
    <org.openmrs.module.metadatasharing.Item id="70" uuid="e1df78b2-1d5f-11e0-b929-000c29ad1d07">
      <id>1921</id>
      <classname>org.openmrs.Concept</classname>
      <dateChanged id="71">2008-11-21 13:27:44</dateChanged>
      <retired>false</retired>
    </org.openmrs.module.metadatasharing.Item>
    <org.openmrs.module.metadatasharing.Item id="72" uuid="e2539f80-1d5f-11e0-b929-000c29ad1d07">
      <id>3672</id>
      <classname>org.openmrs.ConceptName</classname>
      <dateChanged id="73">2008-11-21 13:27:44</dateChanged>
    </org.openmrs.module.metadatasharing.Item>
    <org.openmrs.module.metadatasharing.Item id="74" uuid="e253a066-1d5f-11e0-b929-000c29ad1d07">
      <id>3673</id>
      <classname>org.openmrs.ConceptName</classname>
      <dateChanged id="75">2008-11-21 13:27:44</dateChanged>
    </org.openmrs.module.metadatasharing.Item>
    <org.openmrs.module.metadatasharing.Item id="76" uuid="be2d71f3-8cef-43b6-bcdc-376d8cd5f704">
      <id>38307</id>
      <classname>org.openmrs.ConceptMap</classname>
      <dateChanged id="77">2018-04-09 12:29:17</dateChanged>
    </org.openmrs.module.metadatasharing.Item>
    <org.openmrs.module.metadatasharing.Item id="78" uuid="f131ddf9-109a-4d23-86b1-456c743ac6c8">
      <id>38823</id>
      <classname>org.openmrs.ConceptReferenceTerm</classname>
      <dateChanged id="79">2018-04-09 12:29:17</dateChanged>
      <retired>false</retired>
    </org.openmrs.module.metadatasharing.Item>
    <org.openmrs.module.metadatasharing.Item id="80" uuid="fd66fa60-4be7-4c6f-8616-328d73bdf04e">
      <id>8470</id>
      <classname>org.openmrs.ConceptDescription</classname>
      <dateChanged id="81">2018-04-02 13:38:36</dateChanged>
    </org.openmrs.module.metadatasharing.Item>
    <org.openmrs.module.metadatasharing.Item id="82" uuid="2594b4dc-fd33-485d-894d-63a0fb62d97b">
      <id>8471</id>
      <classname>org.openmrs.ConceptDescription</classname>
      <dateChanged id="83">2018-04-02 13:38:36</dateChanged>
    </org.openmrs.module.metadatasharing.Item>
    <org.openmrs.module.metadatasharing.Item id="84" uuid="01996263-548c-47f5-9c28-16d30ae5b03e">
      <id>38305</id>
      <classname>org.openmrs.ConceptMap</classname>
      <dateChanged id="85">2018-04-09 12:29:17</dateChanged>
    </org.openmrs.module.metadatasharing.Item>
    <org.openmrs.module.metadatasharing.Item id="86" uuid="5b164e07-b184-4193-8a47-fbf7048ccc66">
      <id>36764</id>
      <classname>org.openmrs.ConceptReferenceTerm</classname>
      <dateChanged id="87">2018-03-28 10:16:33</dateChanged>
      <retired>false</retired>
    </org.openmrs.module.metadatasharing.Item>
  </relatedItems>
</package>
