<?xml version="1.0" encoding="UTF-8"?>
<list id="1">
  <org.openmrs.Concept id="2" uuid="4cd975c4-56b8-478b-a528-d8ffb9ecd200">
    <conceptId>22774</conceptId>
    <retired>false</retired>
    <datatype id="3" resolves-to="org.openmrs.ConceptDatatype" uuid="8d4a4c94-c2cc-11de-8d13-0010c6dffd0f">
      <name>N/A</name>
      <description>Not associated with a datatype (e.g., term answers, sets)</description>
      <creator/>
      <dateCreated id="4">2004-02-01 22:00:00</dateCreated>
      <retired>false</retired>
      <conceptDatatypeId>4</conceptDatatypeId>
      <hl7Abbreviation>ZZ</hl7Abbreviation>
    </datatype>
    <conceptClass id="5" resolves-to="org.openmrs.ConceptClass" uuid="8d492594-c2cc-11de-8d13-0010c6dffd0f">
      <name>ConvSet</name>
      <description>Term to describe convenience sets</description>
      <creator/>
      <dateCreated id="6">2004-03-02 00:00:00</dateCreated>
      <retired>false</retired>
      <conceptClassId>10</conceptClassId>
    </conceptClass>
    <set>false</set>
    <creator/>
    <dateCreated id="7">2018-04-03 13:57:43</dateCreated>
    <changedBy/>
    <dateChanged id="8">2018-04-09 12:29:17</dateChanged>
    <names class="set" id="9">
      <org.openmrs.ConceptName id="10" uuid="bc1a7e7a-d3f1-41a7-b9de-024e0bab1f27">
        <conceptNameId>31281</conceptNameId>
        <concept reference="2"/>
        <name>Informação de Parceiro Sexual</name>
        <locale id="11">pt</locale>
        <creator/>
        <dateCreated id="12">2018-04-03 13:57:43</dateCreated>
        <voided>false</voided>
        <tags class="set" id="13"/>
        <conceptNameType>FULLY_SPECIFIED</conceptNameType>
        <localePreferred>true</localePreferred>
      </org.openmrs.ConceptName>
      <org.openmrs.ConceptName id="14" uuid="c6819754-5b31-4552-a1a1-4354bf048f54">
        <conceptNameId>31282</conceptNameId>
        <concept reference="2"/>
        <name>Sexual Partner Information</name>
        <locale id="15">en</locale>
        <creator/>
        <dateCreated id="16">2018-04-03 13:57:43</dateCreated>
        <voided>false</voided>
        <tags class="set" id="17"/>
        <conceptNameType>FULLY_SPECIFIED</conceptNameType>
        <localePreferred>true</localePreferred>
      </org.openmrs.ConceptName>
    </names>
    <answers class="set" id="18"/>
    <conceptSets class="set" id="19"/>
    <descriptions class="set" id="20">
      <org.openmrs.ConceptDescription id="21" uuid="79e620fc-eb38-40db-a969-7547e3536fba">
        <conceptDescriptionId>8474</conceptDescriptionId>
        <concept reference="2"/>
        <description>For grouping information about sexual partners</description>
        <locale id="22">en</locale>
        <creator/>
        <dateCreated id="23">2018-04-03 13:57:43</dateCreated>
      </org.openmrs.ConceptDescription>
      <org.openmrs.ConceptDescription id="24" uuid="c8bdbb8c-3c45-451b-b109-8d403d14756d">
        <conceptDescriptionId>8475</conceptDescriptionId>
        <concept reference="2"/>
        <description>Para agrupar informação sobre parceiros sexuais</description>
        <locale id="25">pt</locale>
        <creator/>
        <dateCreated id="26">2018-04-03 13:57:43</dateCreated>
      </org.openmrs.ConceptDescription>
    </descriptions>
    <conceptMappings class="set" id="27">
      <org.openmrs.ConceptMap id="28" uuid="9d944175-7a96-4245-9b09-f98ef04e8169">
        <conceptMapType id="29" uuid="35543629-7d8c-11e1-909d-c80aa9edcf4e">
          <name>SAME-AS</name>
          <creator/>
          <dateCreated id="30">2015-03-21 22:00:00</dateCreated>
          <changedBy/>
          <dateChanged id="31">2018-04-05 08:48:22</dateChanged>
          <retired>false</retired>
          <conceptMapTypeId>1</conceptMapTypeId>
          <isHidden>false</isHidden>
        </conceptMapType>
        <creator/>
        <dateCreated id="32">2018-04-09 12:29:17</dateCreated>
        <conceptMapId>38303</conceptMapId>
        <concept reference="2"/>
        <conceptReferenceTerm id="33" uuid="d53ba160-cdf5-4a32-bd60-2bf0049dd938">
          <creator/>
          <dateCreated id="34">2018-04-03 09:01:40</dateCreated>
          <retired>false</retired>
          <conceptReferenceTermId>37449</conceptReferenceTermId>
          <conceptSource id="35" uuid="919246ff-6bfc-42fc-8213-69d2d1ce0db7">
            <name>eSaude</name>
            <description>Mozambique eSaude concept dictionary</description>
            <creator/>
            <dateCreated id="36">2016-10-12 13:42:37</dateCreated>
            <retired>false</retired>
            <conceptSourceId>34</conceptSourceId>
            <hl7Code>eSaude</hl7Code>
          </conceptSource>
          <code>22774</code>
          <conceptReferenceTermMaps id="37"/>
        </conceptReferenceTerm>
      </org.openmrs.ConceptMap>
    </conceptMappings>
  </org.openmrs.Concept>
  <org.openmrs.Concept id="38" uuid="bc39b981-bde2-4486-b1b8-8cef5a3233e3">
    <conceptId>22773</conceptId>
    <retired>false</retired>
    <datatype id="39" resolves-to="org.openmrs.ConceptDatatype" uuid="8d4a4ab4-c2cc-11de-8d13-0010c6dffd0f">
      <name>Text</name>
      <description>Free text</description>
      <creator/>
      <dateCreated id="40">2004-02-02 00:00:00</dateCreated>
      <retired>false</retired>
      <conceptDatatypeId>3</conceptDatatypeId>
      <hl7Abbreviation>ST</hl7Abbreviation>
    </datatype>
    <conceptClass id="41" resolves-to="org.openmrs.ConceptClass" uuid="8d491e50-c2cc-11de-8d13-0010c6dffd0f">
      <name>Question</name>
      <description>Question (eg, patient history, SF36 items)</description>
      <creator/>
      <dateCreated id="42">2004-03-01 22:00:00</dateCreated>
      <retired>false</retired>
      <conceptClassId>7</conceptClassId>
    </conceptClass>
    <set>false</set>
    <creator/>
    <dateCreated id="43">2018-04-03 09:33:27</dateCreated>
    <changedBy/>
    <dateChanged id="44">2018-04-09 12:29:17</dateChanged>
    <names class="set" id="45">
      <org.openmrs.ConceptName id="46" uuid="45b822e4-4671-4083-8cad-c9fc22669e83">
        <conceptNameId>31279</conceptNameId>
        <concept reference="38"/>
        <name>Partner&apos;s Name</name>
        <locale id="47">en</locale>
        <creator/>
        <dateCreated id="48">2018-04-03 09:33:27</dateCreated>
        <voided>false</voided>
        <tags class="set" id="49"/>
        <conceptNameType>FULLY_SPECIFIED</conceptNameType>
        <localePreferred>true</localePreferred>
      </org.openmrs.ConceptName>
      <org.openmrs.ConceptName id="50" uuid="46d95043-4303-4869-8617-3bc8a7149b69">
        <conceptNameId>31280</conceptNameId>
        <concept reference="38"/>
        <name>Nome do parceiro</name>
        <locale id="51">pt</locale>
        <creator/>
        <dateCreated id="52">2018-04-03 09:33:27</dateCreated>
        <voided>false</voided>
        <tags class="set" id="53"/>
        <conceptNameType>FULLY_SPECIFIED</conceptNameType>
        <localePreferred>true</localePreferred>
      </org.openmrs.ConceptName>
    </names>
    <answers class="set" id="54"/>
    <conceptSets class="set" id="55"/>
    <descriptions class="set" id="56">
      <org.openmrs.ConceptDescription id="57" uuid="01ec75f7-5916-4e82-be15-f59a2c8394fb">
        <conceptDescriptionId>8472</conceptDescriptionId>
        <concept reference="38"/>
        <description>Patient sexual partner&apos;s name</description>
        <locale id="58">en</locale>
        <creator/>
        <dateCreated id="59">2018-04-03 09:33:27</dateCreated>
      </org.openmrs.ConceptDescription>
      <org.openmrs.ConceptDescription id="60" uuid="21649770-b62c-4cac-9c29-5b6a76d124f0">
        <conceptDescriptionId>8473</conceptDescriptionId>
        <concept reference="38"/>
        <description>Nome do parceiro sexual do paciente</description>
        <locale id="61">pt</locale>
        <creator/>
        <dateCreated id="62">2018-04-03 09:33:27</dateCreated>
      </org.openmrs.ConceptDescription>
    </descriptions>
    <conceptMappings class="set" id="63">
      <org.openmrs.ConceptMap id="64" uuid="8336114b-f048-4fe7-af7f-152bad5ab305">
        <conceptMapType reference="29"/>
        <creator/>
        <dateCreated id="65">2018-04-09 12:29:17</dateCreated>
        <conceptMapId>38304</conceptMapId>
        <concept reference="38"/>
        <conceptReferenceTerm id="66" uuid="221d2ee4-2469-43e1-b644-b43ab3d93181">
          <creator/>
          <dateCreated id="67">2018-04-03 09:01:40</dateCreated>
          <retired>false</retired>
          <conceptReferenceTermId>38818</conceptReferenceTermId>
          <conceptSource reference="35"/>
          <code>22773</code>
          <conceptReferenceTermMaps id="68"/>
        </conceptReferenceTerm>
      </org.openmrs.ConceptMap>
    </conceptMappings>
  </org.openmrs.Concept>
  <org.openmrs.Concept id="69" uuid="e13e172c-9f49-4bd0-a976-b0c167f47918">
    <conceptId>22772</conceptId>
    <retired>false</retired>
    <datatype id="70" resolves-to="org.openmrs.ConceptDatatype" uuid="8d4a48b6-c2cc-11de-8d13-0010c6dffd0f">
      <name>Coded</name>
      <description>Value determined by term dictionary lookup (i.e., term identifier)</description>
      <creator/>
      <dateCreated id="71">2004-02-02 00:00:00</dateCreated>
      <retired>false</retired>
      <conceptDatatypeId>2</conceptDatatypeId>
      <hl7Abbreviation>CWE</hl7Abbreviation>
    </datatype>
    <conceptClass reference="41"/>
    <set>false</set>
    <creator/>
    <dateCreated id="72">2018-04-02 13:38:36</dateCreated>
    <changedBy/>
    <dateChanged id="73">2018-04-09 12:29:17</dateChanged>
    <names class="set" id="74">
      <org.openmrs.ConceptName id="75" uuid="78980c70-915a-4f37-b3ff-7771032898c9">
        <conceptNameId>31277</conceptNameId>
        <concept reference="69"/>
        <name>Relationship to Patient</name>
        <locale id="76">en</locale>
        <creator/>
        <dateCreated id="77">2018-04-02 13:38:36</dateCreated>
        <voided>false</voided>
        <tags class="set" id="78"/>
        <conceptNameType>FULLY_SPECIFIED</conceptNameType>
        <localePreferred>true</localePreferred>
      </org.openmrs.ConceptName>
      <org.openmrs.ConceptName id="79" uuid="7798ac0e-8838-497a-ac95-a76b52dae8b9">
        <conceptNameId>31278</conceptNameId>
        <concept reference="69"/>
        <name>Relacionamento</name>
        <locale id="80">pt</locale>
        <creator/>
        <dateCreated id="81">2018-04-02 13:38:36</dateCreated>
        <voided>false</voided>
        <tags class="set" id="82"/>
        <conceptNameType>FULLY_SPECIFIED</conceptNameType>
        <localePreferred>true</localePreferred>
      </org.openmrs.ConceptName>
    </names>
    <answers class="set" id="83">
      <org.openmrs.ConceptAnswer id="84" uuid="2c4417f9-72d9-4c53-ac66-4fb8e93865c6">
        <conceptAnswerId>6035</conceptAnswerId>
        <concept reference="69"/>
        <answerConcept id="85" resolves-to="org.openmrs.Concept" uuid="877714f6-0a02-4a9d-bc16-a1e23d900eaa">
          <conceptId>22771</conceptId>
          <retired>false</retired>
          <datatype reference="3"/>
          <conceptClass id="86" resolves-to="org.openmrs.ConceptClass" uuid="8d492774-c2cc-11de-8d13-0010c6dffd0f">
            <name>Misc</name>
            <description>Terms which don&apos;t fit other categories</description>
            <creator/>
            <dateCreated id="87">2004-03-01 22:00:00</dateCreated>
            <retired>false</retired>
            <conceptClassId>11</conceptClassId>
          </conceptClass>
          <set>false</set>
          <creator/>
          <dateCreated id="88">2018-04-02 13:26:07</dateCreated>
          <changedBy/>
          <dateChanged id="89">2018-04-09 12:29:17</dateChanged>
          <names class="set" id="90">
            <org.openmrs.ConceptName id="91" uuid="f3fc8737-2b7b-42bf-90de-350e531c0b81">
              <conceptNameId>31275</conceptNameId>
              <concept reference="85"/>
              <name>Spouse</name>
              <locale id="92">en</locale>
              <creator/>
              <dateCreated id="93">2018-04-02 13:26:07</dateCreated>
              <voided>false</voided>
              <tags class="set" id="94"/>
              <conceptNameType>FULLY_SPECIFIED</conceptNameType>
              <localePreferred>true</localePreferred>
            </org.openmrs.ConceptName>
            <org.openmrs.ConceptName id="95" uuid="146f8799-47ae-468d-9fba-75ac8583a081">
              <conceptNameId>31276</conceptNameId>
              <concept reference="85"/>
              <name>Conjuge</name>
              <locale id="96">pt</locale>
              <creator/>
              <dateCreated id="97">2018-04-02 13:26:07</dateCreated>
              <voided>false</voided>
              <tags class="set" id="98"/>
              <conceptNameType>FULLY_SPECIFIED</conceptNameType>
              <localePreferred>true</localePreferred>
            </org.openmrs.ConceptName>
          </names>
          <answers class="set" id="99"/>
          <conceptSets class="set" id="100"/>
          <descriptions class="set" id="101"/>
          <conceptMappings class="set" id="102">
            <org.openmrs.ConceptMap id="103" uuid="fc449a91-62b4-479e-9532-ae8116d2829f">
              <conceptMapType reference="29"/>
              <creator/>
              <dateCreated id="104">2018-04-09 12:29:17</dateCreated>
              <conceptMapId>38306</conceptMapId>
              <concept reference="85"/>
              <conceptReferenceTerm id="105" uuid="b1942a21-dd9f-427c-8fce-d697d81612d1">
                <creator/>
                <dateCreated id="106">2017-06-28 04:03:31</dateCreated>
                <changedBy/>
                <dateChanged id="107">2018-04-05 08:45:26</dateChanged>
                <retired>false</retired>
                <conceptReferenceTermId>36621</conceptReferenceTermId>
                <conceptSource reference="35"/>
                <code>22771</code>
                <conceptReferenceTermMaps id="108"/>
              </conceptReferenceTerm>
            </org.openmrs.ConceptMap>
          </conceptMappings>
        </answerConcept>
        <creator/>
        <dateCreated id="109">2018-04-02 13:38:36</dateCreated>
        <sortWeight>1.0</sortWeight>
      </org.openmrs.ConceptAnswer>
      <org.openmrs.ConceptAnswer id="110" uuid="f9897f5d-d3db-4a5a-965b-87c3b3df88b9">
        <conceptAnswerId>6036</conceptAnswerId>
        <concept reference="69"/>
        <answerConcept id="111" resolves-to="org.openmrs.Concept" uuid="e1df78b2-1d5f-11e0-b929-000c29ad1d07">
          <conceptId>1921</conceptId>
          <retired>false</retired>
          <datatype reference="3"/>
          <conceptClass reference="86"/>
          <set>false</set>
          <creator/>
          <dateCreated id="112">2008-11-21 13:27:44</dateCreated>
          <changedBy/>
          <dateChanged id="113">2018-04-09 12:29:17</dateChanged>
          <names class="set" id="114">
            <org.openmrs.ConceptName id="115" uuid="e2539f80-1d5f-11e0-b929-000c29ad1d07">
              <conceptNameId>3672</conceptNameId>
              <concept reference="111"/>
              <name>PARCEIRO</name>
              <locale id="116">pt</locale>
              <creator/>
              <dateCreated id="117">2008-11-21 13:27:44</dateCreated>
              <voided>false</voided>
              <tags class="set" id="118"/>
              <conceptNameType>FULLY_SPECIFIED</conceptNameType>
              <localePreferred>true</localePreferred>
            </org.openmrs.ConceptName>
            <org.openmrs.ConceptName id="119" uuid="e253a066-1d5f-11e0-b929-000c29ad1d07">
              <conceptNameId>3673</conceptNameId>
              <concept reference="111"/>
              <name>SEXUAL PARTNER</name>
              <locale id="120">en</locale>
              <creator/>
              <dateCreated id="121">2008-11-21 13:27:44</dateCreated>
              <voided>false</voided>
              <tags class="set" id="122"/>
              <conceptNameType>FULLY_SPECIFIED</conceptNameType>
              <localePreferred>true</localePreferred>
            </org.openmrs.ConceptName>
          </names>
          <answers class="set" id="123"/>
          <conceptSets class="set" id="124"/>
          <descriptions class="set" id="125"/>
          <conceptMappings class="set" id="126">
            <org.openmrs.ConceptMap id="127" uuid="be2d71f3-8cef-43b6-bcdc-376d8cd5f704">
              <conceptMapType reference="29"/>
              <creator/>
              <dateCreated id="128">2018-04-09 12:29:17</dateCreated>
              <conceptMapId>38307</conceptMapId>
              <concept reference="111"/>
              <conceptReferenceTerm id="129" uuid="f131ddf9-109a-4d23-86b1-456c743ac6c8">
                <creator/>
                <dateCreated id="130">2018-04-09 12:29:17</dateCreated>
                <retired>false</retired>
                <conceptReferenceTermId>38823</conceptReferenceTermId>
                <conceptSource reference="35"/>
                <code>1921</code>
                <conceptReferenceTermMaps id="131"/>
              </conceptReferenceTerm>
            </org.openmrs.ConceptMap>
          </conceptMappings>
        </answerConcept>
        <creator/>
        <dateCreated id="132">2018-04-02 13:38:36</dateCreated>
        <sortWeight>2.0</sortWeight>
      </org.openmrs.ConceptAnswer>
    </answers>
    <conceptSets class="set" id="133"/>
    <descriptions class="set" id="134">
      <org.openmrs.ConceptDescription id="135" uuid="fd66fa60-4be7-4c6f-8616-328d73bdf04e">
        <conceptDescriptionId>8470</conceptDescriptionId>
        <concept reference="69"/>
        <description>Sexual partner&apos;s relationship to patient.</description>
        <locale id="136">en</locale>
        <creator/>
        <dateCreated id="137">2018-04-02 13:38:36</dateCreated>
      </org.openmrs.ConceptDescription>
      <org.openmrs.ConceptDescription id="138" uuid="2594b4dc-fd33-485d-894d-63a0fb62d97b">
        <conceptDescriptionId>8471</conceptDescriptionId>
        <concept reference="69"/>
        <description>Grau de relacionamento do parceiro sexual com o paciente.</description>
        <locale id="139">pt</locale>
        <creator/>
        <dateCreated id="140">2018-04-02 13:38:36</dateCreated>
      </org.openmrs.ConceptDescription>
    </descriptions>
    <conceptMappings class="set" id="141">
      <org.openmrs.ConceptMap id="142" uuid="01996263-548c-47f5-9c28-16d30ae5b03e">
        <conceptMapType reference="29"/>
        <creator/>
        <dateCreated id="143">2018-04-09 12:29:17</dateCreated>
        <conceptMapId>38305</conceptMapId>
        <concept reference="69"/>
        <conceptReferenceTerm id="144" uuid="5b164e07-b184-4193-8a47-fbf7048ccc66">
          <creator/>
          <dateCreated id="145">2017-06-28 04:03:32</dateCreated>
          <changedBy/>
          <dateChanged id="146">2018-03-28 10:16:33</dateChanged>
          <retired>false</retired>
          <conceptReferenceTermId>36764</conceptReferenceTermId>
          <conceptSource reference="35"/>
          <code>22772</code>
          <conceptReferenceTermMaps id="147"/>
        </conceptReferenceTerm>
      </org.openmrs.ConceptMap>
    </conceptMappings>
  </org.openmrs.Concept>
</list>
