<?xml version="1.0" encoding="UTF-8"?>
<list id="1">
  <org.openmrs.EncounterType id="2" uuid="fc72477b-90a5-4222-a43d-efe10f0ad342">
    <name>Sexual Partner</name>
    <description>Sexual Partner encounter type</description>
    <creator/>
    <dateCreated id="3">2018-04-16 09:07:59</dateCreated>
    <retired>false</retired>
    <encounterTypeId>48</encounterTypeId>
  </org.openmrs.EncounterType>
  <org.openmrs.Concept id="4" uuid="4cd975c4-56b8-478b-a528-d8ffb9ecd200">
    <conceptId>23698</conceptId>
    <retired>false</retired>
    <datatype id="5" resolves-to="org.openmrs.ConceptDatatype" uuid="8d4a4c94-c2cc-11de-8d13-0010c6dffd0f">
      <name>N/A</name>
      <description>Not associated with a datatype (e.g., term answers, sets)</description>
      <creator/>
      <dateCreated id="6">2004-02-01 22:00:00</dateCreated>
      <retired>false</retired>
      <conceptDatatypeId>4</conceptDatatypeId>
      <hl7Abbreviation>ZZ</hl7Abbreviation>
    </datatype>
    <conceptClass id="7" resolves-to="org.openmrs.ConceptClass" uuid="8d492594-c2cc-11de-8d13-0010c6dffd0f">
      <name>ConvSet</name>
      <description>Term to describe convenience sets</description>
      <creator/>
      <dateCreated id="8">2004-03-02 00:00:00</dateCreated>
      <retired>false</retired>
      <conceptClassId>10</conceptClassId>
    </conceptClass>
    <set>false</set>
    <creator/>
    <dateCreated id="9">2018-04-03 13:57:43</dateCreated>
    <changedBy/>
    <dateChanged id="10">2018-04-12 13:43:27</dateChanged>
    <names class="set" id="11">
      <org.openmrs.ConceptName id="12" uuid="bc1a7e7a-d3f1-41a7-b9de-024e0bab1f27">
        <conceptNameId>33135</conceptNameId>
        <concept reference="4"/>
        <name>Informação de Parceiro Sexual</name>
        <locale id="13">pt</locale>
        <creator/>
        <dateCreated id="14">2018-04-03 13:57:43</dateCreated>
        <voided>false</voided>
        <tags class="set" id="15"/>
        <conceptNameType>FULLY_SPECIFIED</conceptNameType>
        <localePreferred>true</localePreferred>
      </org.openmrs.ConceptName>
      <org.openmrs.ConceptName id="16" uuid="c6819754-5b31-4552-a1a1-4354bf048f54">
        <conceptNameId>33136</conceptNameId>
        <concept reference="4"/>
        <name>Sexual Partner Information</name>
        <locale id="17">en</locale>
        <creator/>
        <dateCreated id="18">2018-04-03 13:57:43</dateCreated>
        <voided>false</voided>
        <tags class="set" id="19"/>
        <conceptNameType>FULLY_SPECIFIED</conceptNameType>
        <localePreferred>true</localePreferred>
      </org.openmrs.ConceptName>
    </names>
    <answers class="set" id="20"/>
    <conceptSets class="set" id="21"/>
    <descriptions class="set" id="22">
      <org.openmrs.ConceptDescription id="23" uuid="79e620fc-eb38-40db-a969-7547e3536fba">
        <conceptDescriptionId>8473</conceptDescriptionId>
        <concept reference="4"/>
        <description>For grouping information about sexual partners</description>
        <locale id="24">en</locale>
        <creator/>
        <dateCreated id="25">2018-04-03 13:57:43</dateCreated>
      </org.openmrs.ConceptDescription>
      <org.openmrs.ConceptDescription id="26" uuid="c8bdbb8c-3c45-451b-b109-8d403d14756d">
        <conceptDescriptionId>8474</conceptDescriptionId>
        <concept reference="4"/>
        <description>Para agrupar informação sobre parceiros sexuais</description>
        <locale id="27">pt</locale>
        <creator/>
        <dateCreated id="28">2018-04-03 13:57:43</dateCreated>
      </org.openmrs.ConceptDescription>
    </descriptions>
    <conceptMappings class="set" id="29">
      <org.openmrs.ConceptMap id="30" uuid="9d944175-7a96-4245-9b09-f98ef04e8169">
        <conceptMapType id="31" resolves-to="org.openmrs.ConceptMapType" uuid="35543629-7d8c-11e1-909d-c80aa9edcf4e">
          <name>SAME-AS</name>
          <creator/>
          <dateCreated id="32">2015-03-21 22:00:00</dateCreated>
          <changedBy/>
          <dateChanged id="33">2018-04-12 13:43:28</dateChanged>
          <retired>false</retired>
          <conceptMapTypeId>1</conceptMapTypeId>
          <isHidden>false</isHidden>
        </conceptMapType>
        <creator/>
        <dateCreated id="34">2018-04-09 12:29:17</dateCreated>
        <conceptMapId>38302</conceptMapId>
        <concept reference="4"/>
        <conceptReferenceTerm id="35" resolves-to="org.openmrs.ConceptReferenceTerm" uuid="d53ba160-cdf5-4a32-bd60-2bf0049dd938">
          <creator/>
          <dateCreated id="36">2018-04-03 09:01:40</dateCreated>
          <changedBy/>
          <dateChanged id="37">2018-04-12 13:43:28</dateChanged>
          <retired>false</retired>
          <conceptReferenceTermId>37448</conceptReferenceTermId>
          <conceptSource id="38" resolves-to="org.openmrs.ConceptSource" uuid="919246ff-6bfc-42fc-8213-69d2d1ce0db7">
            <name>eSaude</name>
            <description>Mozambique eSaude concept dictionary</description>
            <creator/>
            <dateCreated id="39">2016-10-12 13:42:37</dateCreated>
            <retired>false</retired>
            <conceptSourceId>34</conceptSourceId>
            <hl7Code>eSaude</hl7Code>
          </conceptSource>
          <code>22774</code>
          <conceptReferenceTermMaps id="40"/>
        </conceptReferenceTerm>
      </org.openmrs.ConceptMap>
    </conceptMappings>
  </org.openmrs.Concept>
  <org.openmrs.Concept id="41" uuid="bc39b981-bde2-4486-b1b8-8cef5a3233e3">
    <conceptId>23699</conceptId>
    <retired>false</retired>
    <datatype id="42" resolves-to="org.openmrs.ConceptDatatype" uuid="8d4a4ab4-c2cc-11de-8d13-0010c6dffd0f">
      <name>Text</name>
      <description>Free text</description>
      <creator/>
      <dateCreated id="43">2004-02-02 00:00:00</dateCreated>
      <retired>false</retired>
      <conceptDatatypeId>3</conceptDatatypeId>
      <hl7Abbreviation>ST</hl7Abbreviation>
    </datatype>
    <conceptClass id="44" resolves-to="org.openmrs.ConceptClass" uuid="8d491e50-c2cc-11de-8d13-0010c6dffd0f">
      <name>Question</name>
      <description>Question (eg, patient history, SF36 items)</description>
      <creator/>
      <dateCreated id="45">2004-03-01 22:00:00</dateCreated>
      <retired>false</retired>
      <conceptClassId>7</conceptClassId>
    </conceptClass>
    <set>false</set>
    <creator/>
    <dateCreated id="46">2018-04-03 09:33:27</dateCreated>
    <changedBy/>
    <dateChanged id="47">2018-04-12 13:43:27</dateChanged>
    <names class="set" id="48">
      <org.openmrs.ConceptName id="49" uuid="45b822e4-4671-4083-8cad-c9fc22669e83">
        <conceptNameId>33137</conceptNameId>
        <concept reference="41"/>
        <name>Partner&apos;s Name</name>
        <locale id="50">en</locale>
        <creator/>
        <dateCreated id="51">2018-04-03 09:33:27</dateCreated>
        <voided>false</voided>
        <tags class="set" id="52"/>
        <conceptNameType>FULLY_SPECIFIED</conceptNameType>
        <localePreferred>true</localePreferred>
      </org.openmrs.ConceptName>
      <org.openmrs.ConceptName id="53" uuid="46d95043-4303-4869-8617-3bc8a7149b69">
        <conceptNameId>33138</conceptNameId>
        <concept reference="41"/>
        <name>Nome do parceiro</name>
        <locale id="54">pt</locale>
        <creator/>
        <dateCreated id="55">2018-04-03 09:33:27</dateCreated>
        <voided>false</voided>
        <tags class="set" id="56"/>
        <conceptNameType>FULLY_SPECIFIED</conceptNameType>
        <localePreferred>true</localePreferred>
      </org.openmrs.ConceptName>
    </names>
    <answers class="set" id="57"/>
    <conceptSets class="set" id="58"/>
    <descriptions class="set" id="59">
      <org.openmrs.ConceptDescription id="60" uuid="01ec75f7-5916-4e82-be15-f59a2c8394fb">
        <conceptDescriptionId>8475</conceptDescriptionId>
        <concept reference="41"/>
        <description>Patient sexual partner&apos;s name</description>
        <locale id="61">en</locale>
        <creator/>
        <dateCreated id="62">2018-04-03 09:33:27</dateCreated>
      </org.openmrs.ConceptDescription>
      <org.openmrs.ConceptDescription id="63" uuid="21649770-b62c-4cac-9c29-5b6a76d124f0">
        <conceptDescriptionId>8476</conceptDescriptionId>
        <concept reference="41"/>
        <description>Nome do parceiro sexual do paciente</description>
        <locale id="64">pt</locale>
        <creator/>
        <dateCreated id="65">2018-04-03 09:33:27</dateCreated>
      </org.openmrs.ConceptDescription>
    </descriptions>
    <conceptMappings class="set" id="66">
      <org.openmrs.ConceptMap id="67" uuid="8336114b-f048-4fe7-af7f-152bad5ab305">
        <conceptMapType reference="31"/>
        <creator/>
        <dateCreated id="68">2018-04-09 12:29:17</dateCreated>
        <conceptMapId>38303</conceptMapId>
        <concept reference="41"/>
        <conceptReferenceTerm id="69" resolves-to="org.openmrs.ConceptReferenceTerm" uuid="221d2ee4-2469-43e1-b644-b43ab3d93181">
          <creator/>
          <dateCreated id="70">2018-04-03 09:01:40</dateCreated>
          <changedBy/>
          <dateChanged id="71">2018-04-12 13:43:28</dateChanged>
          <retired>false</retired>
          <conceptReferenceTermId>38817</conceptReferenceTermId>
          <conceptSource reference="38"/>
          <code>22773</code>
          <conceptReferenceTermMaps id="72"/>
        </conceptReferenceTerm>
      </org.openmrs.ConceptMap>
    </conceptMappings>
  </org.openmrs.Concept>
  <org.openmrs.Concept id="73" uuid="e13e172c-9f49-4bd0-a976-b0c167f47918">
    <conceptId>23701</conceptId>
    <retired>false</retired>
    <datatype id="74" resolves-to="org.openmrs.ConceptDatatype" uuid="8d4a48b6-c2cc-11de-8d13-0010c6dffd0f">
      <name>Coded</name>
      <description>Value determined by term dictionary lookup (i.e., term identifier)</description>
      <creator/>
      <dateCreated id="75">2004-02-02 00:00:00</dateCreated>
      <retired>false</retired>
      <conceptDatatypeId>2</conceptDatatypeId>
      <hl7Abbreviation>CWE</hl7Abbreviation>
    </datatype>
    <conceptClass reference="44"/>
    <set>false</set>
    <creator/>
    <dateCreated id="76">2018-04-02 13:38:36</dateCreated>
    <changedBy/>
    <dateChanged id="77">2018-04-12 13:43:28</dateChanged>
    <names class="set" id="78">
      <org.openmrs.ConceptName id="79" uuid="78980c70-915a-4f37-b3ff-7771032898c9">
        <conceptNameId>33141</conceptNameId>
        <concept reference="73"/>
        <name>Relationship to Patient</name>
        <locale id="80">en</locale>
        <creator/>
        <dateCreated id="81">2018-04-02 13:38:36</dateCreated>
        <voided>false</voided>
        <tags class="set" id="82"/>
        <conceptNameType>FULLY_SPECIFIED</conceptNameType>
        <localePreferred>true</localePreferred>
      </org.openmrs.ConceptName>
      <org.openmrs.ConceptName id="83" uuid="7798ac0e-8838-497a-ac95-a76b52dae8b9">
        <conceptNameId>33142</conceptNameId>
        <concept reference="73"/>
        <name>Relacionamento</name>
        <locale id="84">pt</locale>
        <creator/>
        <dateCreated id="85">2018-04-02 13:38:36</dateCreated>
        <voided>false</voided>
        <tags class="set" id="86"/>
        <conceptNameType>FULLY_SPECIFIED</conceptNameType>
        <localePreferred>true</localePreferred>
      </org.openmrs.ConceptName>
    </names>
    <answers class="set" id="87">
      <org.openmrs.ConceptAnswer id="88" uuid="2c4417f9-72d9-4c53-ac66-4fb8e93865c6">
        <conceptAnswerId>6961</conceptAnswerId>
        <concept reference="73"/>
        <answerConcept id="89" resolves-to="org.openmrs.Concept" uuid="877714f6-0a02-4a9d-bc16-a1e23d900eaa">
          <conceptId>23700</conceptId>
          <retired>false</retired>
          <datatype reference="5"/>
          <conceptClass id="90" resolves-to="org.openmrs.ConceptClass" uuid="8d492774-c2cc-11de-8d13-0010c6dffd0f">
            <name>Misc</name>
            <description>Terms which don&apos;t fit other categories</description>
            <creator/>
            <dateCreated id="91">2004-03-01 22:00:00</dateCreated>
            <retired>false</retired>
            <conceptClassId>11</conceptClassId>
          </conceptClass>
          <set>false</set>
          <creator/>
          <dateCreated id="92">2018-04-02 13:26:07</dateCreated>
          <changedBy/>
          <dateChanged id="93">2018-04-12 13:43:27</dateChanged>
          <names class="set" id="94">
            <org.openmrs.ConceptName id="95" uuid="f3fc8737-2b7b-42bf-90de-350e531c0b81">
              <conceptNameId>33139</conceptNameId>
              <concept reference="89"/>
              <name>Spouse</name>
              <locale id="96">en</locale>
              <creator/>
              <dateCreated id="97">2018-04-02 13:26:07</dateCreated>
              <voided>false</voided>
              <tags class="set" id="98"/>
              <conceptNameType>FULLY_SPECIFIED</conceptNameType>
              <localePreferred>true</localePreferred>
            </org.openmrs.ConceptName>
            <org.openmrs.ConceptName id="99" uuid="146f8799-47ae-468d-9fba-75ac8583a081">
              <conceptNameId>33140</conceptNameId>
              <concept reference="89"/>
              <name>Conjuge</name>
              <locale id="100">pt</locale>
              <creator/>
              <dateCreated id="101">2018-04-02 13:26:07</dateCreated>
              <voided>false</voided>
              <tags class="set" id="102"/>
              <conceptNameType>FULLY_SPECIFIED</conceptNameType>
              <localePreferred>true</localePreferred>
            </org.openmrs.ConceptName>
          </names>
          <answers class="set" id="103"/>
          <conceptSets class="set" id="104"/>
          <descriptions class="set" id="105"/>
          <conceptMappings class="set" id="106">
            <org.openmrs.ConceptMap id="107" uuid="fc449a91-62b4-479e-9532-ae8116d2829f">
              <conceptMapType reference="31"/>
              <creator/>
              <dateCreated id="108">2018-04-09 12:29:17</dateCreated>
              <conceptMapId>38304</conceptMapId>
              <concept reference="89"/>
              <conceptReferenceTerm id="109" resolves-to="org.openmrs.ConceptReferenceTerm" uuid="b1942a21-dd9f-427c-8fce-d697d81612d1">
                <creator/>
                <dateCreated id="110">2017-06-28 04:03:31</dateCreated>
                <changedBy/>
                <dateChanged id="111">2018-04-12 13:43:28</dateChanged>
                <retired>false</retired>
                <conceptReferenceTermId>36621</conceptReferenceTermId>
                <conceptSource reference="38"/>
                <code>22771</code>
                <conceptReferenceTermMaps id="112"/>
              </conceptReferenceTerm>
            </org.openmrs.ConceptMap>
          </conceptMappings>
        </answerConcept>
        <creator/>
        <dateCreated id="113">2018-04-02 13:38:36</dateCreated>
        <sortWeight>1.0</sortWeight>
      </org.openmrs.ConceptAnswer>
      <org.openmrs.ConceptAnswer id="114" uuid="f9897f5d-d3db-4a5a-965b-87c3b3df88b9">
        <conceptAnswerId>6962</conceptAnswerId>
        <concept reference="73"/>
        <answerConcept id="115" resolves-to="org.openmrs.Concept" uuid="e1df78b2-1d5f-11e0-b929-000c29ad1d07">
          <conceptId>1921</conceptId>
          <retired>false</retired>
          <datatype reference="5"/>
          <conceptClass reference="90"/>
          <set>false</set>
          <creator/>
          <dateCreated id="116">2008-11-21 13:27:44</dateCreated>
          <changedBy/>
          <dateChanged id="117">2018-04-12 13:43:28</dateChanged>
          <names class="set" id="118">
            <org.openmrs.ConceptName id="119" uuid="e2539f80-1d5f-11e0-b929-000c29ad1d07">
              <conceptNameId>3672</conceptNameId>
              <concept reference="115"/>
              <name>PARCEIRO</name>
              <locale id="120">pt</locale>
              <creator/>
              <dateCreated id="121">2008-11-21 13:27:44</dateCreated>
              <voided>false</voided>
              <tags class="set" id="122"/>
              <conceptNameType>FULLY_SPECIFIED</conceptNameType>
              <localePreferred>true</localePreferred>
            </org.openmrs.ConceptName>
            <org.openmrs.ConceptName id="123" uuid="e253a066-1d5f-11e0-b929-000c29ad1d07">
              <conceptNameId>3673</conceptNameId>
              <concept reference="115"/>
              <name>SEXUAL PARTNER</name>
              <locale id="124">en</locale>
              <creator/>
              <dateCreated id="125">2008-11-21 13:27:44</dateCreated>
              <voided>false</voided>
              <tags class="set" id="126"/>
              <conceptNameType>FULLY_SPECIFIED</conceptNameType>
              <localePreferred>true</localePreferred>
            </org.openmrs.ConceptName>
          </names>
          <answers class="set" id="127"/>
          <conceptSets class="set" id="128"/>
          <descriptions class="set" id="129"/>
          <conceptMappings class="set" id="130">
            <org.openmrs.ConceptMap id="131" uuid="be2d71f3-8cef-43b6-bcdc-376d8cd5f704">
              <conceptMapType reference="31"/>
              <creator/>
              <dateCreated id="132">2018-04-09 12:29:17</dateCreated>
              <conceptMapId>38306</conceptMapId>
              <concept reference="115"/>
              <conceptReferenceTerm id="133" resolves-to="org.openmrs.ConceptReferenceTerm" uuid="f131ddf9-109a-4d23-86b1-456c743ac6c8">
                <creator/>
                <dateCreated id="134">2018-04-09 12:29:17</dateCreated>
                <retired>false</retired>
                <conceptReferenceTermId>38822</conceptReferenceTermId>
                <conceptSource reference="38"/>
                <code>1921</code>
                <conceptReferenceTermMaps id="135"/>
              </conceptReferenceTerm>
            </org.openmrs.ConceptMap>
          </conceptMappings>
        </answerConcept>
        <creator/>
        <dateCreated id="136">2018-04-02 13:38:36</dateCreated>
        <sortWeight>2.0</sortWeight>
      </org.openmrs.ConceptAnswer>
    </answers>
    <conceptSets class="set" id="137"/>
    <descriptions class="set" id="138">
      <org.openmrs.ConceptDescription id="139" uuid="fd66fa60-4be7-4c6f-8616-328d73bdf04e">
        <conceptDescriptionId>8477</conceptDescriptionId>
        <concept reference="73"/>
        <description>Sexual partner&apos;s relationship to patient.</description>
        <locale id="140">en</locale>
        <creator/>
        <dateCreated id="141">2018-04-02 13:38:36</dateCreated>
      </org.openmrs.ConceptDescription>
      <org.openmrs.ConceptDescription id="142" uuid="2594b4dc-fd33-485d-894d-63a0fb62d97b">
        <conceptDescriptionId>8478</conceptDescriptionId>
        <concept reference="73"/>
        <description>Grau de relacionamento do parceiro sexual com o paciente.</description>
        <locale id="143">pt</locale>
        <creator/>
        <dateCreated id="144">2018-04-02 13:38:36</dateCreated>
      </org.openmrs.ConceptDescription>
    </descriptions>
    <conceptMappings class="set" id="145">
      <org.openmrs.ConceptMap id="146" uuid="01996263-548c-47f5-9c28-16d30ae5b03e">
        <conceptMapType reference="31"/>
        <creator/>
        <dateCreated id="147">2018-04-09 12:29:17</dateCreated>
        <conceptMapId>38305</conceptMapId>
        <concept reference="73"/>
        <conceptReferenceTerm id="148" resolves-to="org.openmrs.ConceptReferenceTerm" uuid="5b164e07-b184-4193-8a47-fbf7048ccc66">
          <creator/>
          <dateCreated id="149">2017-06-28 04:03:32</dateCreated>
          <changedBy/>
          <dateChanged id="150">2018-04-12 13:43:28</dateChanged>
          <retired>false</retired>
          <conceptReferenceTermId>36764</conceptReferenceTermId>
          <conceptSource reference="38"/>
          <code>22772</code>
          <conceptReferenceTermMaps id="151"/>
        </conceptReferenceTerm>
      </org.openmrs.ConceptMap>
    </conceptMappings>
  </org.openmrs.Concept>
</list>
