<?xml version="1.0" encoding="UTF-8"?>
<list id="1">
  <org.openmrs.PatientIdentifierType id="2" uuid="e2b966d0-1d5f-11e0-b929-000c29ad1d07">
    <name>NID (SERVICO TARV)</name>
    <description>Numero de Identificaçao de Doente, serviço TARV</description>
    <creator/>
    <dateCreated id="3">2005-09-22 00:00:00</dateCreated>
    <retired>false</retired>
    <patientIdentifierTypeId>2</patientIdentifierTypeId>
    <format>[0-9]{8}/[0-9]{2}/[0-9]{5}</format>
    <required>false</required>
    <formatDescription>PPDDUUSS/AA/NNNNN</formatDescription>
    <checkDigit>false</checkDigit>
  </org.openmrs.PatientIdentifierType>
  <org.openmrs.PatientIdentifierType id="4" uuid="5346c8eb-10e7-11e5-9009-0242ac110012">
    <name>Bahmni Id</name>
    <description>New patient identifier type created for use by the Bahmni Registration System</description>
    <creator/>
    <dateCreated id="5">2015-06-12 00:00:00</dateCreated>
    <retired>true</retired>
    <dateRetired id="6">2016-08-25 12:35:35</dateRetired>
    <retiredBy/>
    <retireReason>Not needed</retireReason>
    <patientIdentifierTypeId>13</patientIdentifierTypeId>
    <required>false</required>
    <checkDigit>false</checkDigit>
    <locationBehavior>NOT_USED</locationBehavior>
  </org.openmrs.PatientIdentifierType>
</list>
