<?xml version="1.0" encoding="UTF-8"?>
<package id="1" uuid="c5f7b9e4-4898-4832-8c71-1f2e363a765e">
  <dateCreated id="2">2016-11-29 16:00:00</dateCreated>
  <name>CDC Retention Report v2</name>
  <description>Report created for CDC retention evaluation</description>
  <openmrsVersion>1.9.1  Build 28992</openmrsVersion>
  <version>5</version>
  <groupUuid>f8e06981-e13b-40ba-ab28-c17d96cff16e</groupUuid>
  <modules id="3">
    <entry>
      <string>htmlwidgets</string>
      <string>1.6.4</string>
    </entry>
    <entry>
      <string>reportingcompatibility</string>
      <string>1.5.8</string>
    </entry>
    <entry>
      <string>htmlformentry</string>
      <string>2.0</string>
    </entry>
    <entry>
      <string>patientsummary</string>
      <string>2.0</string>
    </entry>
    <entry>
      <string>metadatamapping</string>
      <string>1.0.2</string>
    </entry>
    <entry>
      <string>logic</string>
      <string>0.5.2</string>
    </entry>
    <entry>
      <string>calculation</string>
      <string>1.0</string>
    </entry>
    <entry>
      <string>sync</string>
      <string>1.2</string>
    </entry>
    <entry>
      <string>htmlformentry19ext</string>
      <string>0.9</string>
    </entry>
    <entry>
      <string>reporting</string>
      <string>0.7.6</string>
    </entry>
    <entry>
      <string>metadatasharing</string>
      <string>1.1.9</string>
    </entry>
    <entry>
      <string>addresshierarchy</string>
      <string>2.2.9</string>
    </entry>
    <entry>
      <string>serialization.xstream</string>
      <string>0.2.7</string>
    </entry>
    <entry>
      <string>gaac</string>
      <string>1.0-SNAPSHOT</string>
    </entry>
  </modules>
  <items class="linked-hash-set" id="4">
    <org.openmrs.module.metadatasharing.Item id="5" uuid="7282e74e-030d-43dc-bb37-f14e17d8dad2">
      <id>1478</id>
      <classname>org.openmrs.api.db.SerializedObject</classname>
      <dateChanged id="6">2016-11-25 17:27:29</dateChanged>
      <retired>false</retired>
    </org.openmrs.module.metadatasharing.Item>
    <org.openmrs.module.metadatasharing.Item id="7" uuid="401b142b-6752-4537-96db-3b39090faff0">
      <id>576</id>
      <classname>org.openmrs.api.db.SerializedObject</classname>
      <dateChanged id="8">2013-09-23 14:45:19</dateChanged>
      <retired>false</retired>
    </org.openmrs.module.metadatasharing.Item>
    <org.openmrs.module.metadatasharing.Item id="9" uuid="fb68e4d5-2a90-4693-b88b-37f44e6dc96a">
      <id>1489</id>
      <classname>org.openmrs.api.db.SerializedObject</classname>
      <dateChanged id="10">2016-11-25 17:19:04</dateChanged>
      <retired>false</retired>
    </org.openmrs.module.metadatasharing.Item>
    <org.openmrs.module.metadatasharing.Item id="11" uuid="fd97a335-8d9b-48ee-a62c-0ead5a3e3009">
      <id>246</id>
      <classname>org.openmrs.api.db.SerializedObject</classname>
      <dateChanged id="12">2013-09-23 09:31:33</dateChanged>
      <retired>false</retired>
    </org.openmrs.module.metadatasharing.Item>
    <org.openmrs.module.metadatasharing.Item id="13" uuid="0db2683c-4cb0-4851-b9ed-4bf89626aae2">
      <id>797</id>
      <classname>org.openmrs.api.db.SerializedObject</classname>
      <dateChanged id="14">2013-09-19 10:22:12</dateChanged>
      <retired>false</retired>
    </org.openmrs.module.metadatasharing.Item>
    <org.openmrs.module.metadatasharing.Item id="15" uuid="91787a86-0362-4820-a4ee-025d5501198b">
      <id>573</id>
      <classname>org.openmrs.api.db.SerializedObject</classname>
      <dateChanged id="16">2016-03-29 18:59:10</dateChanged>
      <retired>false</retired>
    </org.openmrs.module.metadatasharing.Item>
    <org.openmrs.module.metadatasharing.Item id="17" uuid="4607319f-86f3-4251-ba6a-7aedb52056d0">
      <id>1466</id>
      <classname>org.openmrs.api.db.SerializedObject</classname>
      <dateChanged id="18">2016-11-24 16:01:05</dateChanged>
      <retired>false</retired>
    </org.openmrs.module.metadatasharing.Item>
    <org.openmrs.module.metadatasharing.Item id="19" uuid="dc0781b0-9351-43f2-9dc5-20410b52b0a6">
      <id>1480</id>
      <classname>org.openmrs.api.db.SerializedObject</classname>
      <dateChanged id="20">2016-11-25 14:52:30</dateChanged>
      <retired>false</retired>
    </org.openmrs.module.metadatasharing.Item>
    <org.openmrs.module.metadatasharing.Item id="21" uuid="91388069-6580-463a-b9a1-f96f74f83004">
      <id>801</id>
      <classname>org.openmrs.api.db.SerializedObject</classname>
      <dateChanged id="22">2015-07-07 17:23:25</dateChanged>
      <retired>false</retired>
    </org.openmrs.module.metadatasharing.Item>
    <org.openmrs.module.metadatasharing.Item id="23" uuid="9f7e8b72-7109-4253-9eec-f670965737f4">
      <id>784</id>
      <classname>org.openmrs.api.db.SerializedObject</classname>
      <dateChanged id="24">2013-09-16 15:00:22</dateChanged>
      <retired>false</retired>
    </org.openmrs.module.metadatasharing.Item>
    <org.openmrs.module.metadatasharing.Item id="25" uuid="1523f92b-93c6-4669-a4f0-3b824aa2b021">
      <id>1482</id>
      <classname>org.openmrs.api.db.SerializedObject</classname>
      <dateChanged id="26">2016-11-25 15:02:17</dateChanged>
      <retired>false</retired>
    </org.openmrs.module.metadatasharing.Item>
    <org.openmrs.module.metadatasharing.Item id="27" uuid="48898c2e-8017-44d1-9e4b-684d8967b41d">
      <id>2</id>
      <classname>org.openmrs.api.db.SerializedObject</classname>
      <dateChanged id="28">2012-08-24 12:31:18</dateChanged>
      <retired>false</retired>
    </org.openmrs.module.metadatasharing.Item>
    <org.openmrs.module.metadatasharing.Item id="29" uuid="9a98a943-28da-46fd-9589-320ccdf14a9c">
      <id>316</id>
      <classname>org.openmrs.api.db.SerializedObject</classname>
      <dateChanged id="30">2014-10-03 14:47:40</dateChanged>
      <retired>false</retired>
    </org.openmrs.module.metadatasharing.Item>
    <org.openmrs.module.metadatasharing.Item id="31" uuid="5ce50fc1-d6c8-4abd-a07b-4fa28c47a589">
      <id>1515</id>
      <classname>org.openmrs.api.db.SerializedObject</classname>
      <dateChanged id="32">2016-11-25 11:07:24</dateChanged>
      <retired>false</retired>
    </org.openmrs.module.metadatasharing.Item>
    <org.openmrs.module.metadatasharing.Item id="33" uuid="6f507952-6008-4463-88ed-305789705532">
      <id>1477</id>
      <classname>org.openmrs.api.db.SerializedObject</classname>
      <dateChanged id="34">2016-11-25 17:33:10</dateChanged>
      <retired>false</retired>
    </org.openmrs.module.metadatasharing.Item>
    <org.openmrs.module.metadatasharing.Item id="35" uuid="64f8ff73-1aa4-49bb-82c3-7f41ef98deea">
      <id>343</id>
      <classname>org.openmrs.api.db.SerializedObject</classname>
      <dateChanged id="36">2012-09-21 11:35:37</dateChanged>
      <retired>false</retired>
    </org.openmrs.module.metadatasharing.Item>
    <org.openmrs.module.metadatasharing.Item id="37" uuid="4a426220-ac60-43a1-9e0a-91edc9c16fa0">
      <id>101</id>
      <classname>org.openmrs.api.db.SerializedObject</classname>
      <dateChanged id="38">2011-10-20 22:16:05</dateChanged>
      <retired>false</retired>
    </org.openmrs.module.metadatasharing.Item>
    <org.openmrs.module.metadatasharing.Item id="39" uuid="e88ebf0e-8304-4d88-8e2b-7ff41f5de71d">
      <id>74</id>
      <classname>org.openmrs.api.db.SerializedObject</classname>
      <dateChanged id="40">2012-05-11 09:55:46</dateChanged>
      <retired>false</retired>
    </org.openmrs.module.metadatasharing.Item>
    <org.openmrs.module.metadatasharing.Item id="41" uuid="7450a07e-f5c4-4ef4-9831-4ad27d487e6c">
      <id>1487</id>
      <classname>org.openmrs.api.db.SerializedObject</classname>
      <dateChanged id="42">2016-11-25 15:43:35</dateChanged>
      <retired>false</retired>
    </org.openmrs.module.metadatasharing.Item>
    <org.openmrs.module.metadatasharing.Item id="43" uuid="71cc5548-fed1-4b5f-9e8a-e8576cfb7a60">
      <id>209</id>
      <classname>org.openmrs.api.db.SerializedObject</classname>
      <dateChanged id="44">2015-09-16 14:54:52</dateChanged>
      <retired>false</retired>
    </org.openmrs.module.metadatasharing.Item>
    <org.openmrs.module.metadatasharing.Item id="45" uuid="a1145104-132f-460b-b85e-ea265916625b">
      <id>272</id>
      <classname>org.openmrs.api.db.SerializedObject</classname>
      <dateChanged id="46">2016-03-23 14:29:32</dateChanged>
      <retired>false</retired>
    </org.openmrs.module.metadatasharing.Item>
    <org.openmrs.module.metadatasharing.Item id="47" uuid="e51a6ded-41c5-420f-9623-e5d88545663d">
      <id>342</id>
      <classname>org.openmrs.api.db.SerializedObject</classname>
      <dateChanged id="48">2016-10-31 10:00:21</dateChanged>
      <retired>false</retired>
    </org.openmrs.module.metadatasharing.Item>
    <org.openmrs.module.metadatasharing.Item id="49" uuid="99df2a8b-ed1e-4907-b13f-f3b55b10c1b8">
      <id>1039</id>
      <classname>org.openmrs.api.db.SerializedObject</classname>
      <dateChanged id="50">2016-10-07 13:20:24</dateChanged>
      <retired>false</retired>
    </org.openmrs.module.metadatasharing.Item>
    <org.openmrs.module.metadatasharing.Item id="51" uuid="7fb3a6f3-cea4-48fd-b861-b54ef6df0bc8">
      <id>75</id>
      <classname>org.openmrs.api.db.SerializedObject</classname>
      <dateChanged id="52">2012-08-24 09:23:34</dateChanged>
      <retired>false</retired>
    </org.openmrs.module.metadatasharing.Item>
    <org.openmrs.module.metadatasharing.Item id="53" uuid="b425b1de-240c-4672-8e22-5c64c1d5b910">
      <id>458</id>
      <classname>org.openmrs.api.db.SerializedObject</classname>
      <dateChanged id="54">2012-09-17 12:25:01</dateChanged>
      <retired>false</retired>
    </org.openmrs.module.metadatasharing.Item>
    <org.openmrs.module.metadatasharing.Item id="55" uuid="edbea844-4e16-462e-a2bf-37636eef90cd">
      <id>1483</id>
      <classname>org.openmrs.api.db.SerializedObject</classname>
      <dateChanged id="56">2016-11-25 15:11:12</dateChanged>
      <retired>false</retired>
    </org.openmrs.module.metadatasharing.Item>
    <org.openmrs.module.metadatasharing.Item id="57" uuid="72e96b05-beb4-4fe3-a7ca-8f5c532c4eae">
      <id>315</id>
      <classname>org.openmrs.api.db.SerializedObject</classname>
      <dateChanged id="58">2011-10-15 12:53:53</dateChanged>
      <retired>false</retired>
    </org.openmrs.module.metadatasharing.Item>
    <org.openmrs.module.metadatasharing.Item id="59" uuid="93ad45cc-5b10-42e4-92f3-72fde4b4354e">
      <id>1486</id>
      <classname>org.openmrs.api.db.SerializedObject</classname>
      <dateChanged id="60">2016-11-25 11:51:09</dateChanged>
      <retired>false</retired>
    </org.openmrs.module.metadatasharing.Item>
    <org.openmrs.module.metadatasharing.Item id="61" uuid="13e5d7f9-8bd6-438b-b694-4c0fd60424a2">
      <id>1476</id>
      <classname>org.openmrs.api.db.SerializedObject</classname>
      <dateChanged id="62">2016-11-24 14:05:39</dateChanged>
      <retired>false</retired>
    </org.openmrs.module.metadatasharing.Item>
    <org.openmrs.module.metadatasharing.Item id="63" uuid="a9043c4d-47f7-4e8d-96c7-4ff8389999e3">
      <id>798</id>
      <classname>org.openmrs.api.db.SerializedObject</classname>
      <dateChanged id="64">2016-03-29 19:12:36</dateChanged>
      <retired>false</retired>
    </org.openmrs.module.metadatasharing.Item>
    <org.openmrs.module.metadatasharing.Item id="65" uuid="c6705524-2221-4429-8d66-5b587d8d5e9a">
      <id>1514</id>
      <classname>org.openmrs.api.db.SerializedObject</classname>
      <dateChanged id="66">2016-11-25 10:31:30</dateChanged>
      <retired>false</retired>
    </org.openmrs.module.metadatasharing.Item>
    <org.openmrs.module.metadatasharing.Item id="67" uuid="78123fbc-b52c-429e-babf-71e23fffe17f">
      <id>483</id>
      <classname>org.openmrs.api.db.SerializedObject</classname>
      <dateChanged id="68">2012-11-29 11:21:27</dateChanged>
      <retired>false</retired>
    </org.openmrs.module.metadatasharing.Item>
    <org.openmrs.module.metadatasharing.Item id="69" uuid="bf449c59-4b12-498c-acf9-7ec283960230">
      <id>1509</id>
      <classname>org.openmrs.api.db.SerializedObject</classname>
      <dateChanged id="70">2016-11-24 13:51:37</dateChanged>
      <retired>false</retired>
    </org.openmrs.module.metadatasharing.Item>
    <org.openmrs.module.metadatasharing.Item id="71" uuid="84f2a4ac-f5e7-498a-8f46-dc37f5405350">
      <id>1484</id>
      <classname>org.openmrs.api.db.SerializedObject</classname>
      <dateChanged id="72">2016-11-25 15:18:37</dateChanged>
      <retired>false</retired>
    </org.openmrs.module.metadatasharing.Item>
    <org.openmrs.module.metadatasharing.Item id="73" uuid="5dcbd351-239b-42e5-823f-a5285869e849">
      <id>1516</id>
      <classname>org.openmrs.api.db.SerializedObject</classname>
      <dateChanged id="74">2016-11-25 14:16:45</dateChanged>
      <retired>false</retired>
    </org.openmrs.module.metadatasharing.Item>
    <org.openmrs.module.metadatasharing.Item id="75" uuid="6ddb479e-72c2-4c16-b697-cbcd4e0dd090">
      <id>1511</id>
      <classname>org.openmrs.api.db.SerializedObject</classname>
      <dateChanged id="76">2016-11-25 08:48:50</dateChanged>
      <retired>false</retired>
    </org.openmrs.module.metadatasharing.Item>
    <org.openmrs.module.metadatasharing.Item id="77" uuid="d2beb6dd-9a6d-4421-9b9d-d4993b8a1df3">
      <id>1467</id>
      <classname>org.openmrs.api.db.SerializedObject</classname>
      <dateChanged id="78">2016-11-24 16:30:35</dateChanged>
      <retired>false</retired>
    </org.openmrs.module.metadatasharing.Item>
    <org.openmrs.module.metadatasharing.Item id="79" uuid="f92ac516-f279-4267-9d1b-ae7ec8e7c8ee">
      <id>1488</id>
      <classname>org.openmrs.api.db.SerializedObject</classname>
      <dateChanged id="80">2016-11-25 17:51:40</dateChanged>
      <retired>false</retired>
    </org.openmrs.module.metadatasharing.Item>
    <org.openmrs.module.metadatasharing.Item id="81" uuid="4f0e74e8-b858-4d5e-bb8a-88601cda477e">
      <id>1513</id>
      <classname>org.openmrs.api.db.SerializedObject</classname>
      <dateChanged id="82">2016-11-25 10:20:19</dateChanged>
      <retired>false</retired>
    </org.openmrs.module.metadatasharing.Item>
    <org.openmrs.module.metadatasharing.Item id="83" uuid="c8736ca1-0c05-483b-95cd-eaba2750e5d0">
      <id>1038</id>
      <classname>org.openmrs.api.db.SerializedObject</classname>
      <dateChanged id="84">2014-10-03 14:03:14</dateChanged>
      <retired>false</retired>
    </org.openmrs.module.metadatasharing.Item>
    <org.openmrs.module.metadatasharing.Item id="85" uuid="bfab8cf5-77e4-4afc-bc0d-2212efe58586">
      <id>90</id>
      <classname>org.openmrs.api.db.SerializedObject</classname>
      <dateChanged id="86">2013-09-19 10:10:32</dateChanged>
      <retired>false</retired>
    </org.openmrs.module.metadatasharing.Item>
    <org.openmrs.module.metadatasharing.Item id="87" uuid="1360ff4f-a90e-4640-adfb-719a9a5532e1">
      <id>1469</id>
      <classname>org.openmrs.api.db.SerializedObject</classname>
      <dateChanged id="88">2016-11-24 15:45:42</dateChanged>
      <retired>false</retired>
    </org.openmrs.module.metadatasharing.Item>
    <org.openmrs.module.metadatasharing.Item id="89" uuid="b04f3ba7-ad57-4b5b-8eff-a91a7a061da4">
      <id>805</id>
      <classname>org.openmrs.api.db.SerializedObject</classname>
      <dateChanged id="90">2015-07-07 17:10:44</dateChanged>
      <retired>false</retired>
    </org.openmrs.module.metadatasharing.Item>
    <org.openmrs.module.metadatasharing.Item id="91" uuid="33379d27-53d3-4184-b889-75bd6cd45431">
      <id>1510</id>
      <classname>org.openmrs.api.db.SerializedObject</classname>
      <dateChanged id="92">2016-11-25 08:11:36</dateChanged>
      <retired>false</retired>
    </org.openmrs.module.metadatasharing.Item>
    <org.openmrs.module.metadatasharing.Item id="93" uuid="33bc9550-aac0-42a9-9f17-76712da7fccc">
      <id>1481</id>
      <classname>org.openmrs.api.db.SerializedObject</classname>
      <dateChanged id="94">2016-11-25 17:36:38</dateChanged>
      <retired>false</retired>
    </org.openmrs.module.metadatasharing.Item>
    <org.openmrs.module.metadatasharing.Item id="95" uuid="a941a6d6-a465-496f-8124-f06b79fb953c">
      <id>56</id>
      <classname>org.openmrs.api.db.SerializedObject</classname>
      <dateChanged id="96">2016-09-28 11:36:58</dateChanged>
      <retired>false</retired>
    </org.openmrs.module.metadatasharing.Item>
    <org.openmrs.module.metadatasharing.Item id="97" uuid="f5a11f87-940e-42cf-81bb-e391c3d4994b">
      <id>1479</id>
      <classname>org.openmrs.api.db.SerializedObject</classname>
      <dateChanged id="98">2016-11-25 14:25:50</dateChanged>
      <retired>false</retired>
    </org.openmrs.module.metadatasharing.Item>
    <org.openmrs.module.metadatasharing.Item id="99" uuid="7b6a8a79-a98d-4e84-86fd-afafde8de29b">
      <id>1512</id>
      <classname>org.openmrs.api.db.SerializedObject</classname>
      <dateChanged id="100">2016-11-25 08:59:24</dateChanged>
      <retired>false</retired>
    </org.openmrs.module.metadatasharing.Item>
    <org.openmrs.module.metadatasharing.Item id="101" uuid="e62d9d63-8324-428d-b25e-a8bcb4e97a26">
      <id>800</id>
      <classname>org.openmrs.api.db.SerializedObject</classname>
      <dateChanged id="102">2013-09-23 09:27:10</dateChanged>
      <retired>false</retired>
    </org.openmrs.module.metadatasharing.Item>
    <org.openmrs.module.metadatasharing.Item id="103" uuid="f94cf860-7fa0-4873-a97a-dc645054ad22">
      <id>1108</id>
      <classname>org.openmrs.api.db.SerializedObject</classname>
      <dateChanged id="104">2014-10-10 16:36:49</dateChanged>
      <retired>false</retired>
    </org.openmrs.module.metadatasharing.Item>
    <org.openmrs.module.metadatasharing.Item id="105" uuid="f8c9bbed-163f-46d3-b84e-6c90c877a3a2">
      <id>1465</id>
      <classname>org.openmrs.api.db.SerializedObject</classname>
      <dateChanged id="106">2016-10-07 13:15:58</dateChanged>
      <retired>false</retired>
    </org.openmrs.module.metadatasharing.Item>
    <org.openmrs.module.metadatasharing.Item id="107" uuid="c1467d16-e67c-4503-a3b2-3a96dd12d310">
      <id>87</id>
      <classname>org.openmrs.module.reporting.report.ReportDesign</classname>
      <dateChanged id="108">2016-11-25 18:19:38</dateChanged>
      <retired>false</retired>
    </org.openmrs.module.metadatasharing.Item>
    <org.openmrs.module.metadatasharing.Item id="109" uuid="fc7617ba-aee2-42f4-a9f2-0e0dd0062a3b">
      <id>82</id>
      <classname>org.openmrs.module.reporting.report.ReportDesignResource</classname>
      <dateChanged id="110">2016-11-25 18:19:38</dateChanged>
      <retired>false</retired>
    </org.openmrs.module.metadatasharing.Item>
  </items>
  <relatedItems class="linked-hash-set" id="111">
    <org.openmrs.module.metadatasharing.Item id="112" uuid="f92ac516-f279-4267-9d1b-ae7ec8e7c8ee">
      <id>1488</id>
      <classname>org.openmrs.module.reporting.report.definition.PeriodIndicatorReportDefinition</classname>
      <dateChanged id="113">2016-11-25 17:51:40</dateChanged>
      <retired>false</retired>
    </org.openmrs.module.metadatasharing.Item>
  </relatedItems>
  <incrementalVersion>false</incrementalVersion>
</package>
