<?xml version="1.0" encoding="UTF-8"?>
<package id="1" uuid="8718b6c9-d717-4885-b152-739c1fabd795">
  <dateCreated id="2">2017-01-06 13:55:55</dateCreated>
  <name>APSS - Seguimento</name>
  <description>Apss seguimento encounter type</description>
  <openmrsVersion>1.11.6  Build 0d2192</openmrsVersion>
  <version>1</version>
  <groupUuid>51ea0c37-6f3e-4975-909c-4193c38e959d</groupUuid>
  <modules id="3">
    <entry>
      <string>htmlwidgets</string>
      <string>1.7.1</string>
    </entry>
    <entry>
      <string>dataintegrity</string>
      <string>3.0</string>
    </entry>
    <entry>
      <string>reportingcompatibility</string>
      <string>1.5.8</string>
    </entry>
    <entry>
      <string>webservices.rest</string>
      <string>2.13.e3a897</string>
    </entry>
    <entry>
      <string>htmlformentry</string>
      <string>3.2</string>
    </entry>
    <entry>
      <string>metadatamapping</string>
      <string>1.0.1</string>
    </entry>
    <entry>
      <string>reportingmds</string>
      <string>1.0-SNAPSHOT</string>
    </entry>
    <entry>
      <string>reportingrest</string>
      <string>1.6</string>
    </entry>
    <entry>
      <string>calculation</string>
      <string>1.1</string>
    </entry>
    <entry>
      <string>sync</string>
      <string>1.0.6</string>
    </entry>
    <entry>
      <string>reporting</string>
      <string>0.9.9</string>
    </entry>
    <entry>
      <string>metadatasharing</string>
      <string>1.2</string>
    </entry>
    <entry>
      <string>serialization.xstream</string>
      <string>0.2.9</string>
    </entry>
  </modules>
  <items class="linked-hash-set" id="4">
    <org.openmrs.module.metadatasharing.Item id="5" uuid="f4aa93fe-8737-4f70-9532-542b768459d7">
      <id>35</id>
      <classname>org.openmrs.EncounterType</classname>
      <dateChanged id="6">2014-07-09 06:16:00</dateChanged>
      <retired>false</retired>
    </org.openmrs.module.metadatasharing.Item>
  </items>
  <relatedItems class="linked-hash-set" id="7"/>
</package>
