<?xml version="1.0" encoding="UTF-8"?>
<package id="1" uuid="937ea41c-0b2c-4bcc-8e09-06c966a2a8ef">
  <dateCreated id="2">2016-08-16 10:57:02</dateCreated>
  <name>Diagnosis Concepts</name>
  <description>update</description>
  <openmrsVersion>1.11.5  Build a0c979</openmrsVersion>
  <version>1</version>
  <groupUuid>75aaf4eb-8e4d-4e0a-a1a6-c2496eca2e58</groupUuid>
  <modules id="3">
    <entry>
      <string>uilibrary</string>
      <string>1.5</string>
    </entry>
    <entry>
      <string>webservices.rest</string>
      <string>2.12-SNAPSHOT.26ea0d</string>
    </entry>
    <entry>
      <string>htmlformentry</string>
      <string>2.1.1</string>
    </entry>
    <entry>
      <string>patientsummary</string>
      <string>2.0</string>
    </entry>
    <entry>
      <string>calculation</string>
      <string>1.1</string>
    </entry>
    <entry>
      <string>providermanagement</string>
      <string>2.3</string>
    </entry>
    <entry>
      <string>event</string>
      <string>2.2.1</string>
    </entry>
    <entry>
      <string>bahmniapps</string>
      <string>0.74-SNAPSHOT</string>
    </entry>
    <entry>
      <string>formfilter</string>
      <string>1.0.0</string>
    </entry>
    <entry>
      <string>htmlformentry19ext</string>
      <string>1.2</string>
    </entry>
    <entry>
      <string>reference-data</string>
      <string>0.74-SNAPSHOT</string>
    </entry>
    <entry>
      <string>addresshierarchy</string>
      <string>2.4</string>
    </entry>
    <entry>
      <string>dataentrystatistics</string>
      <string>1.3.2</string>
    </entry>
    <entry>
      <string>serialization.xstream</string>
      <string>0.2.7</string>
    </entry>
    <entry>
      <string>htmlwidgets</string>
      <string>1.6.5</string>
    </entry>
    <entry>
      <string>reportingcompatibility</string>
      <string>1.5.8</string>
    </entry>
    <entry>
      <string>groovy</string>
      <string>2.2.4</string>
    </entry>
    <entry>
      <string>uiframework</string>
      <string>3.4</string>
    </entry>
    <entry>
      <string>bahmnicore</string>
      <string>0.77-SNAPSHOT</string>
    </entry>
    <entry>
      <string>patientflags</string>
      <string>1.3.4</string>
    </entry>
    <entry>
      <string>metadatamapping</string>
      <string>1.0.1</string>
    </entry>
    <entry>
      <string>appframework</string>
      <string>2.1</string>
    </entry>
    <entry>
      <string>logic</string>
      <string>0.5.2</string>
    </entry>
    <entry>
      <string>idgen-webservices</string>
      <string>1.0</string>
    </entry>
    <entry>
      <string>emrapi</string>
      <string>1.11.1</string>
    </entry>
    <entry>
      <string>openmrs-atomfeed</string>
      <string>2.4-SNAPSHOT</string>
    </entry>
    <entry>
      <string>idgen</string>
      <string>2.9.1</string>
    </entry>
    <entry>
      <string>databasebackup</string>
      <string>1.0</string>
    </entry>
    <entry>
      <string>metadatasharing</string>
      <string>1.1.9</string>
    </entry>
    <entry>
      <string>reporting</string>
      <string>0.9.7</string>
    </entry>
    <entry>
      <string>gaac</string>
      <string>1.0-SNAPSHOT</string>
    </entry>
  </modules>
  <items class="linked-hash-set" id="4">
    <org.openmrs.module.metadatasharing.Item id="5" uuid="eb5250ff-6e2a-4fbd-81d9-2504b8dbd91e">
      <id>6468</id>
      <classname>org.openmrs.Concept</classname>
      <dateChanged id="6">2016-08-03 14:41:17</dateChanged>
      <retired>false</retired>
    </org.openmrs.module.metadatasharing.Item>
    <org.openmrs.module.metadatasharing.Item id="7" uuid="e27a4b5f-7602-420e-9d7c-6eedd8becfdf">
      <id>6466</id>
      <classname>org.openmrs.Concept</classname>
      <dateChanged id="8">2016-08-03 14:36:13</dateChanged>
      <retired>false</retired>
    </org.openmrs.module.metadatasharing.Item>
    <org.openmrs.module.metadatasharing.Item id="9" uuid="659a4de5-10ea-4997-974c-e5ddeafa9ec6">
      <id>6472</id>
      <classname>org.openmrs.Concept</classname>
      <dateChanged id="10">2016-08-16 11:28:49</dateChanged>
      <retired>false</retired>
    </org.openmrs.module.metadatasharing.Item>
    <org.openmrs.module.metadatasharing.Item id="11" uuid="2cc653da-ddb4-435c-891a-51428c19e777">
      <id>6467</id>
      <classname>org.openmrs.Concept</classname>
      <dateChanged id="12">2016-08-03 14:39:01</dateChanged>
      <retired>false</retired>
    </org.openmrs.module.metadatasharing.Item>
    <org.openmrs.module.metadatasharing.Item id="13" uuid="77742a72-dfd9-48fe-8166-ae9238a248e2">
      <id>6469</id>
      <classname>org.openmrs.Concept</classname>
      <dateChanged id="14">2016-08-16 11:23:09</dateChanged>
      <retired>false</retired>
    </org.openmrs.module.metadatasharing.Item>
    <org.openmrs.module.metadatasharing.Item id="15" uuid="648e170c-4322-4820-ae17-989a8b115371">
      <id>6471</id>
      <classname>org.openmrs.Concept</classname>
      <dateChanged id="16">2016-08-16 11:24:07</dateChanged>
      <retired>false</retired>
    </org.openmrs.module.metadatasharing.Item>
    <org.openmrs.module.metadatasharing.Item id="17" uuid="17b9f774-3a6d-4364-9ad7-c50d99df9ba0">
      <id>6474</id>
      <classname>org.openmrs.Concept</classname>
      <dateChanged id="18">2016-08-16 11:30:42</dateChanged>
      <retired>false</retired>
    </org.openmrs.module.metadatasharing.Item>
  </items>
  <relatedItems class="linked-hash-set" id="19">
    <org.openmrs.module.metadatasharing.Item id="20" uuid="8d4a505e-c2cc-11de-8d13-0010c6dffd0f">
      <id>6</id>
      <classname>org.openmrs.ConceptDatatype</classname>
      <dateChanged id="21">2004-07-22 00:00:00</dateChanged>
      <retired>false</retired>
    </org.openmrs.module.metadatasharing.Item>
    <org.openmrs.module.metadatasharing.Item id="22" uuid="8d491e50-c2cc-11de-8d13-0010c6dffd0f">
      <id>7</id>
      <classname>org.openmrs.ConceptClass</classname>
      <dateChanged id="23">2004-03-02 00:00:00</dateChanged>
      <retired>false</retired>
    </org.openmrs.module.metadatasharing.Item>
    <org.openmrs.module.metadatasharing.Item id="24" uuid="06bce8ef-5e40-4879-b471-548b04a0642a">
      <id>7632</id>
      <classname>org.openmrs.ConceptName</classname>
      <dateChanged id="25">2016-08-03 14:41:17</dateChanged>
    </org.openmrs.module.metadatasharing.Item>
    <org.openmrs.module.metadatasharing.Item id="26" uuid="491f35c6-5f6a-4aa4-881c-8a1af9d0d386">
      <id>3681</id>
      <classname>org.openmrs.ConceptDescription</classname>
      <dateChanged id="27">2016-08-03 14:41:17</dateChanged>
    </org.openmrs.module.metadatasharing.Item>
    <org.openmrs.module.metadatasharing.Item id="28" uuid="29a0f446-75e3-4994-9e6e-e3732fd1e26a">
      <id>1014</id>
      <classname>org.openmrs.ConceptMap</classname>
      <dateChanged id="29">2016-08-16 11:42:11</dateChanged>
    </org.openmrs.module.metadatasharing.Item>
    <org.openmrs.module.metadatasharing.Item id="30" uuid="35543629-7d8c-11e1-909d-c80aa9edcf4e">
      <id>1</id>
      <classname>org.openmrs.ConceptMapType</classname>
      <dateChanged id="31">2013-01-17 00:00:00</dateChanged>
      <retired>false</retired>
    </org.openmrs.module.metadatasharing.Item>
    <org.openmrs.module.metadatasharing.Item id="32" uuid="3ffbcaf1-569c-4190-940f-1c43a3ceba00">
      <id>1630</id>
      <classname>org.openmrs.ConceptReferenceTerm</classname>
      <dateChanged id="33">2016-08-16 11:42:11</dateChanged>
      <retired>false</retired>
    </org.openmrs.module.metadatasharing.Item>
    <org.openmrs.module.metadatasharing.Item id="34" uuid="919246ff-6bfc-42fc-8213-69d2d1ce0db7">
      <id>1</id>
      <classname>org.openmrs.ConceptSource</classname>
      <dateChanged id="35">2013-01-08 10:29:09</dateChanged>
      <retired>false</retired>
    </org.openmrs.module.metadatasharing.Item>
    <org.openmrs.module.metadatasharing.Item id="36" uuid="8d4a48b6-c2cc-11de-8d13-0010c6dffd0f">
      <id>2</id>
      <classname>org.openmrs.ConceptDatatype</classname>
      <dateChanged id="37">2004-02-02 00:00:00</dateChanged>
      <retired>false</retired>
    </org.openmrs.module.metadatasharing.Item>
    <org.openmrs.module.metadatasharing.Item id="38" uuid="87729fb5-d31a-45fd-ad24-1e8e7ee98c37">
      <id>7629</id>
      <classname>org.openmrs.ConceptName</classname>
      <dateChanged id="39">2016-08-03 14:36:13</dateChanged>
    </org.openmrs.module.metadatasharing.Item>
    <org.openmrs.module.metadatasharing.Item id="40" uuid="bc9dcb94-0c01-4fc7-8485-c872d5811e89">
      <id>2929</id>
      <classname>org.openmrs.ConceptAnswer</classname>
      <dateChanged id="41">2016-08-03 14:36:13</dateChanged>
    </org.openmrs.module.metadatasharing.Item>
    <org.openmrs.module.metadatasharing.Item id="42" uuid="e1d81b62-1d5f-11e0-b929-000c29ad1d07">
      <id>1065</id>
      <classname>org.openmrs.Concept</classname>
      <dateChanged id="43">2009-01-06 16:23:40</dateChanged>
      <retired>false</retired>
    </org.openmrs.module.metadatasharing.Item>
    <org.openmrs.module.metadatasharing.Item id="44" uuid="8d4a4c94-c2cc-11de-8d13-0010c6dffd0f">
      <id>4</id>
      <classname>org.openmrs.ConceptDatatype</classname>
      <dateChanged id="45">2004-02-02 00:00:00</dateChanged>
      <retired>false</retired>
    </org.openmrs.module.metadatasharing.Item>
    <org.openmrs.module.metadatasharing.Item id="46" uuid="8d492774-c2cc-11de-8d13-0010c6dffd0f">
      <id>11</id>
      <classname>org.openmrs.ConceptClass</classname>
      <dateChanged id="47">2004-03-02 00:00:00</dateChanged>
      <retired>false</retired>
    </org.openmrs.module.metadatasharing.Item>
    <org.openmrs.module.metadatasharing.Item id="48" uuid="e23f5778-1d5f-11e0-b929-000c29ad1d07">
      <id>1065</id>
      <classname>org.openmrs.ConceptName</classname>
      <dateChanged id="49">2005-01-06 00:00:00</dateChanged>
    </org.openmrs.module.metadatasharing.Item>
    <org.openmrs.module.metadatasharing.Item id="50" uuid="e24cb738-1d5f-11e0-b929-000c29ad1d07">
      <id>2842</id>
      <classname>org.openmrs.ConceptName</classname>
      <dateChanged id="51">2008-10-16 09:29:30</dateChanged>
    </org.openmrs.module.metadatasharing.Item>
    <org.openmrs.module.metadatasharing.Item id="52" uuid="e2210962-1d5f-11e0-b929-000c29ad1d07">
      <id>1059</id>
      <classname>org.openmrs.ConceptDescription</classname>
      <dateChanged id="53">2005-01-06 00:00:00</dateChanged>
    </org.openmrs.module.metadatasharing.Item>
    <org.openmrs.module.metadatasharing.Item id="54" uuid="e22c1b40-1d5f-11e0-b929-000c29ad1d07">
      <id>2484</id>
      <classname>org.openmrs.ConceptDescription</classname>
      <dateChanged id="55">2008-10-16 09:29:30</dateChanged>
    </org.openmrs.module.metadatasharing.Item>
    <org.openmrs.module.metadatasharing.Item id="56" uuid="b8e11af6-435f-4af2-a47b-c2dc6e92eba1">
      <id>1021</id>
      <classname>org.openmrs.ConceptMap</classname>
      <dateChanged id="57">2016-08-16 11:42:12</dateChanged>
    </org.openmrs.module.metadatasharing.Item>
    <org.openmrs.module.metadatasharing.Item id="58" uuid="c0183ecf-ce86-487e-9cc6-f9f8f6420049">
      <id>1637</id>
      <classname>org.openmrs.ConceptReferenceTerm</classname>
      <dateChanged id="59">2016-08-16 11:42:12</dateChanged>
      <retired>false</retired>
    </org.openmrs.module.metadatasharing.Item>
    <org.openmrs.module.metadatasharing.Item id="60" uuid="01cbd446-fb1e-48c4-9a06-27171db46508">
      <id>2930</id>
      <classname>org.openmrs.ConceptAnswer</classname>
      <dateChanged id="61">2016-08-03 14:36:13</dateChanged>
    </org.openmrs.module.metadatasharing.Item>
    <org.openmrs.module.metadatasharing.Item id="62" uuid="e1d81c70-1d5f-11e0-b929-000c29ad1d07">
      <id>1066</id>
      <classname>org.openmrs.Concept</classname>
      <dateChanged id="63">2009-01-06 16:22:48</dateChanged>
      <retired>false</retired>
    </org.openmrs.module.metadatasharing.Item>
    <org.openmrs.module.metadatasharing.Item id="64" uuid="e24cb828-1d5f-11e0-b929-000c29ad1d07">
      <id>2843</id>
      <classname>org.openmrs.ConceptName</classname>
      <dateChanged id="65">2008-10-16 09:31:04</dateChanged>
    </org.openmrs.module.metadatasharing.Item>
    <org.openmrs.module.metadatasharing.Item id="66" uuid="e23f585e-1d5f-11e0-b929-000c29ad1d07">
      <id>1066</id>
      <classname>org.openmrs.ConceptName</classname>
      <dateChanged id="67">2005-01-06 00:00:00</dateChanged>
    </org.openmrs.module.metadatasharing.Item>
    <org.openmrs.module.metadatasharing.Item id="68" uuid="e2210a48-1d5f-11e0-b929-000c29ad1d07">
      <id>1060</id>
      <classname>org.openmrs.ConceptDescription</classname>
      <dateChanged id="69">2005-01-06 00:00:00</dateChanged>
    </org.openmrs.module.metadatasharing.Item>
    <org.openmrs.module.metadatasharing.Item id="70" uuid="e22c1c26-1d5f-11e0-b929-000c29ad1d07">
      <id>2485</id>
      <classname>org.openmrs.ConceptDescription</classname>
      <dateChanged id="71">2008-10-16 09:31:04</dateChanged>
    </org.openmrs.module.metadatasharing.Item>
    <org.openmrs.module.metadatasharing.Item id="72" uuid="962d447f-a4a8-45ad-b01e-4925f7ed73b4">
      <id>1022</id>
      <classname>org.openmrs.ConceptMap</classname>
      <dateChanged id="73">2016-08-16 11:42:12</dateChanged>
    </org.openmrs.module.metadatasharing.Item>
    <org.openmrs.module.metadatasharing.Item id="74" uuid="6420e3c1-9a5d-423e-8118-c2dceb6c7f3e">
      <id>1638</id>
      <classname>org.openmrs.ConceptReferenceTerm</classname>
      <dateChanged id="75">2016-08-16 11:42:12</dateChanged>
      <retired>false</retired>
    </org.openmrs.module.metadatasharing.Item>
    <org.openmrs.module.metadatasharing.Item id="76" uuid="8d129560-bd6f-44b5-9df4-ee8afb1b77fd">
      <id>3679</id>
      <classname>org.openmrs.ConceptDescription</classname>
      <dateChanged id="77">2016-08-03 14:36:13</dateChanged>
    </org.openmrs.module.metadatasharing.Item>
    <org.openmrs.module.metadatasharing.Item id="78" uuid="0b700abd-51ed-4525-99a5-72c82fcdff0e">
      <id>1015</id>
      <classname>org.openmrs.ConceptMap</classname>
      <dateChanged id="79">2016-08-16 11:42:11</dateChanged>
    </org.openmrs.module.metadatasharing.Item>
    <org.openmrs.module.metadatasharing.Item id="80" uuid="bcd47200-12f4-417d-a994-76fa79342fbe">
      <id>1631</id>
      <classname>org.openmrs.ConceptReferenceTerm</classname>
      <dateChanged id="81">2016-08-16 11:42:11</dateChanged>
      <retired>false</retired>
    </org.openmrs.module.metadatasharing.Item>
    <org.openmrs.module.metadatasharing.Item id="82" uuid="8d4a4ab4-c2cc-11de-8d13-0010c6dffd0f">
      <id>3</id>
      <classname>org.openmrs.ConceptDatatype</classname>
      <dateChanged id="83">2004-02-02 00:00:00</dateChanged>
      <retired>false</retired>
    </org.openmrs.module.metadatasharing.Item>
    <org.openmrs.module.metadatasharing.Item id="84" uuid="b60015ef-e743-468e-bea4-5c86dc65c291">
      <id>7654</id>
      <classname>org.openmrs.ConceptName</classname>
      <dateChanged id="85">2016-08-16 11:28:49</dateChanged>
    </org.openmrs.module.metadatasharing.Item>
    <org.openmrs.module.metadatasharing.Item id="86" uuid="5488cde0-0fae-4801-8e05-dea337d1598b">
      <id>7642</id>
      <classname>org.openmrs.ConceptName</classname>
      <dateChanged id="87">2016-08-16 11:25:34</dateChanged>
    </org.openmrs.module.metadatasharing.Item>
    <org.openmrs.module.metadatasharing.Item id="88" uuid="4c7ed25e-efc3-4c55-8f8d-a0f8cdef02a6">
      <id>7652</id>
      <classname>org.openmrs.ConceptName</classname>
      <dateChanged id="89">2016-08-16 11:28:49</dateChanged>
    </org.openmrs.module.metadatasharing.Item>
    <org.openmrs.module.metadatasharing.Item id="90" uuid="72b66c67-3789-4e47-a75e-87276755abf8">
      <id>7636</id>
      <classname>org.openmrs.ConceptName</classname>
      <dateChanged id="91">2016-08-04 20:52:40</dateChanged>
    </org.openmrs.module.metadatasharing.Item>
    <org.openmrs.module.metadatasharing.Item id="92" uuid="ad2b2c64-ae52-4812-83f1-35b56043b2c9">
      <id>3685</id>
      <classname>org.openmrs.ConceptDescription</classname>
      <dateChanged id="93">2016-08-03 14:57:54</dateChanged>
    </org.openmrs.module.metadatasharing.Item>
    <org.openmrs.module.metadatasharing.Item id="94" uuid="885525df-dc0e-422d-ba95-894a00e3428c">
      <id>1016</id>
      <classname>org.openmrs.ConceptMap</classname>
      <dateChanged id="95">2016-08-16 11:42:11</dateChanged>
    </org.openmrs.module.metadatasharing.Item>
    <org.openmrs.module.metadatasharing.Item id="96" uuid="b24e4f02-fd6f-4d81-bd0f-f1db318cb354">
      <id>1632</id>
      <classname>org.openmrs.ConceptReferenceTerm</classname>
      <dateChanged id="97">2016-08-16 11:42:11</dateChanged>
      <retired>false</retired>
    </org.openmrs.module.metadatasharing.Item>
    <org.openmrs.module.metadatasharing.Item id="98" uuid="58096d0a-74cf-4e01-9f4f-334113e21fe4">
      <id>7630</id>
      <classname>org.openmrs.ConceptName</classname>
      <dateChanged id="99">2016-08-03 14:39:01</dateChanged>
    </org.openmrs.module.metadatasharing.Item>
    <org.openmrs.module.metadatasharing.Item id="100" uuid="c88202bf-bd50-44c8-92aa-a46d00ec3615">
      <id>7631</id>
      <classname>org.openmrs.ConceptName</classname>
      <dateChanged id="101">2016-08-03 14:39:01</dateChanged>
    </org.openmrs.module.metadatasharing.Item>
    <org.openmrs.module.metadatasharing.Item id="102" uuid="a33406d3-2861-4a16-aa1b-b35b8f087132">
      <id>3680</id>
      <classname>org.openmrs.ConceptDescription</classname>
      <dateChanged id="103">2016-08-03 14:39:01</dateChanged>
    </org.openmrs.module.metadatasharing.Item>
    <org.openmrs.module.metadatasharing.Item id="104" uuid="e19a2ffb-941e-4920-98b1-050a2981f961">
      <id>1017</id>
      <classname>org.openmrs.ConceptMap</classname>
      <dateChanged id="105">2016-08-16 11:42:11</dateChanged>
    </org.openmrs.module.metadatasharing.Item>
    <org.openmrs.module.metadatasharing.Item id="106" uuid="4f8e2ada-c2b0-46c8-b93c-883fc36f32bb">
      <id>1633</id>
      <classname>org.openmrs.ConceptReferenceTerm</classname>
      <dateChanged id="107">2016-08-16 11:42:11</dateChanged>
      <retired>false</retired>
    </org.openmrs.module.metadatasharing.Item>
    <org.openmrs.module.metadatasharing.Item id="108" uuid="45578fda-52e7-4d75-bac3-87cbff6e894d">
      <id>7633</id>
      <classname>org.openmrs.ConceptName</classname>
      <dateChanged id="109">2016-08-04 20:49:46</dateChanged>
    </org.openmrs.module.metadatasharing.Item>
    <org.openmrs.module.metadatasharing.Item id="110" uuid="8db764d6-101d-4668-a9a8-c716dd5f4ee2">
      <id>7650</id>
      <classname>org.openmrs.ConceptName</classname>
      <dateChanged id="111">2016-08-16 11:23:09</dateChanged>
    </org.openmrs.module.metadatasharing.Item>
    <org.openmrs.module.metadatasharing.Item id="112" uuid="cca4cb9b-3e40-47bd-9cb5-872a3e59513b">
      <id>7639</id>
      <classname>org.openmrs.ConceptName</classname>
      <dateChanged id="113">2016-08-16 11:23:09</dateChanged>
    </org.openmrs.module.metadatasharing.Item>
    <org.openmrs.module.metadatasharing.Item id="114" uuid="a38c11c8-5e09-415a-8634-c07da0608ddb">
      <id>3682</id>
      <classname>org.openmrs.ConceptDescription</classname>
      <dateChanged id="115">2016-08-03 14:53:30</dateChanged>
    </org.openmrs.module.metadatasharing.Item>
    <org.openmrs.module.metadatasharing.Item id="116" uuid="81ab9f2a-2a80-4dab-9ea9-8872e716891c">
      <id>1018</id>
      <classname>org.openmrs.ConceptMap</classname>
      <dateChanged id="117">2016-08-16 11:42:11</dateChanged>
    </org.openmrs.module.metadatasharing.Item>
    <org.openmrs.module.metadatasharing.Item id="118" uuid="f2f5209e-c312-4c57-92f5-5042051e0cb3">
      <id>1634</id>
      <classname>org.openmrs.ConceptReferenceTerm</classname>
      <dateChanged id="119">2016-08-16 11:42:11</dateChanged>
      <retired>false</retired>
    </org.openmrs.module.metadatasharing.Item>
    <org.openmrs.module.metadatasharing.Item id="120" uuid="b9ec4b15-78b4-43c1-b423-81c7847c8e70">
      <id>7635</id>
      <classname>org.openmrs.ConceptName</classname>
      <dateChanged id="121">2016-08-04 20:51:26</dateChanged>
    </org.openmrs.module.metadatasharing.Item>
    <org.openmrs.module.metadatasharing.Item id="122" uuid="fdcdd9a8-3ce8-4f77-bebf-4e00263e0eee">
      <id>7651</id>
      <classname>org.openmrs.ConceptName</classname>
      <dateChanged id="123">2016-08-16 11:24:07</dateChanged>
    </org.openmrs.module.metadatasharing.Item>
    <org.openmrs.module.metadatasharing.Item id="124" uuid="68c3dfb4-b998-4e2f-9f22-a31fdc2bd238">
      <id>7641</id>
      <classname>org.openmrs.ConceptName</classname>
      <dateChanged id="125">2016-08-16 11:24:07</dateChanged>
    </org.openmrs.module.metadatasharing.Item>
    <org.openmrs.module.metadatasharing.Item id="126" uuid="e906934a-1b90-4fd3-aad6-d08615fcc078">
      <id>3684</id>
      <classname>org.openmrs.ConceptDescription</classname>
      <dateChanged id="127">2016-08-03 14:56:45</dateChanged>
    </org.openmrs.module.metadatasharing.Item>
    <org.openmrs.module.metadatasharing.Item id="128" uuid="a99a8945-c494-463d-8e51-7b6d3f44fa32">
      <id>1019</id>
      <classname>org.openmrs.ConceptMap</classname>
      <dateChanged id="129">2016-08-16 11:42:11</dateChanged>
    </org.openmrs.module.metadatasharing.Item>
    <org.openmrs.module.metadatasharing.Item id="130" uuid="9d58c7cc-0b23-4fc1-9e1f-bbb40d72c041">
      <id>1635</id>
      <classname>org.openmrs.ConceptReferenceTerm</classname>
      <dateChanged id="131">2016-08-16 11:42:11</dateChanged>
      <retired>false</retired>
    </org.openmrs.module.metadatasharing.Item>
    <org.openmrs.module.metadatasharing.Item id="132" uuid="e35c43f9-08d9-4e15-8278-8b8622926886">
      <id>7644</id>
      <classname>org.openmrs.ConceptName</classname>
      <dateChanged id="133">2016-08-16 11:27:16</dateChanged>
    </org.openmrs.module.metadatasharing.Item>
    <org.openmrs.module.metadatasharing.Item id="134" uuid="52c6ff3c-efbb-4a41-a266-d3b992cd20cb">
      <id>7655</id>
      <classname>org.openmrs.ConceptName</classname>
      <dateChanged id="135">2016-08-16 11:30:42</dateChanged>
    </org.openmrs.module.metadatasharing.Item>
    <org.openmrs.module.metadatasharing.Item id="136" uuid="61f0e1d3-9542-4a6b-b7fd-65232c2e349e">
      <id>7653</id>
      <classname>org.openmrs.ConceptName</classname>
      <dateChanged id="137">2016-08-16 11:30:42</dateChanged>
    </org.openmrs.module.metadatasharing.Item>
    <org.openmrs.module.metadatasharing.Item id="138" uuid="6675391a-a94c-44c6-9316-000d8bb63ae8">
      <id>7638</id>
      <classname>org.openmrs.ConceptName</classname>
      <dateChanged id="139">2016-08-04 20:54:26</dateChanged>
    </org.openmrs.module.metadatasharing.Item>
    <org.openmrs.module.metadatasharing.Item id="140" uuid="05902ab6-a1f0-4d82-bbb2-87bcf1d21b56">
      <id>3687</id>
      <classname>org.openmrs.ConceptDescription</classname>
      <dateChanged id="141">2016-08-03 15:00:03</dateChanged>
    </org.openmrs.module.metadatasharing.Item>
    <org.openmrs.module.metadatasharing.Item id="142" uuid="99ad75d6-cdc0-4267-bcf1-c2d713f72ac2">
      <id>1020</id>
      <classname>org.openmrs.ConceptMap</classname>
      <dateChanged id="143">2016-08-16 11:42:11</dateChanged>
    </org.openmrs.module.metadatasharing.Item>
    <org.openmrs.module.metadatasharing.Item id="144" uuid="b5b92aa5-2200-4706-98c4-5d1d0fd5d63a">
      <id>1636</id>
      <classname>org.openmrs.ConceptReferenceTerm</classname>
      <dateChanged id="145">2016-08-16 11:42:11</dateChanged>
      <retired>false</retired>
    </org.openmrs.module.metadatasharing.Item>
  </relatedItems>
</package>
