<?xml version="1.0" encoding="UTF-8"?>
<list id="1">
  <org.openmrs.Concept id="2" uuid="eb5250ff-6e2a-4fbd-81d9-2504b8dbd91e">
    <conceptId>6468</conceptId>
    <retired>false</retired>
    <datatype id="3" resolves-to="org.openmrs.ConceptDatatype" uuid="8d4a505e-c2cc-11de-8d13-0010c6dffd0f">
      <name>Date</name>
      <description>Absolute date</description>
      <creator/>
      <dateCreated id="4">2004-07-22 00:00:00</dateCreated>
      <retired>false</retired>
      <conceptDatatypeId>6</conceptDatatypeId>
      <hl7Abbreviation>DT</hl7Abbreviation>
    </datatype>
    <conceptClass id="5" resolves-to="org.openmrs.ConceptClass" uuid="8d491e50-c2cc-11de-8d13-0010c6dffd0f">
      <name>Question</name>
      <description>Question (eg, patient history, SF36 items)</description>
      <creator/>
      <dateCreated id="6">2004-03-02 00:00:00</dateCreated>
      <retired>false</retired>
      <conceptClassId>7</conceptClassId>
    </conceptClass>
    <set>false</set>
    <creator/>
    <dateCreated id="7">2016-08-03 14:41:17</dateCreated>
    <changedBy/>
    <dateChanged id="8">2016-08-16 11:42:11</dateChanged>
    <names class="set" id="9">
      <org.openmrs.ConceptName id="10" uuid="06bce8ef-5e40-4879-b471-548b04a0642a">
        <conceptNameId>7632</conceptNameId>
        <concept reference="2"/>
        <name>DATA DE FIM DA PROFILAXIA DA MENINGITE CRIPTOCÓCICA</name>
        <locale id="11">en</locale>
        <creator/>
        <dateCreated id="12">2016-08-03 14:41:17</dateCreated>
        <voided>false</voided>
        <tags class="set" id="13"/>
        <conceptNameType>FULLY_SPECIFIED</conceptNameType>
        <localePreferred>true</localePreferred>
      </org.openmrs.ConceptName>
    </names>
    <answers class="set" id="14"/>
    <conceptSets class="set" id="15"/>
    <descriptions class="set" id="16">
      <org.openmrs.ConceptDescription id="17" uuid="491f35c6-5f6a-4aa4-881c-8a1af9d0d386">
        <conceptDescriptionId>3681</conceptDescriptionId>
        <concept reference="2"/>
        <description>DATA DE FIM DA PROFILAXIA DA MENINGITE CRIPTOCÓCICA</description>
        <locale id="18">en</locale>
        <creator/>
        <dateCreated id="19">2016-08-03 14:41:17</dateCreated>
      </org.openmrs.ConceptDescription>
    </descriptions>
    <conceptMappings class="set" id="20">
      <org.openmrs.ConceptMap id="21" uuid="29a0f446-75e3-4994-9e6e-e3732fd1e26a">
        <conceptMapType id="22" uuid="35543629-7d8c-11e1-909d-c80aa9edcf4e">
          <name>SAME-AS</name>
          <creator/>
          <dateCreated id="23">2013-01-17 00:00:00</dateCreated>
          <retired>false</retired>
          <conceptMapTypeId>1</conceptMapTypeId>
          <isHidden>false</isHidden>
        </conceptMapType>
        <creator/>
        <dateCreated id="24">2016-08-16 11:42:11</dateCreated>
        <conceptMapId>1014</conceptMapId>
        <concept reference="2"/>
        <conceptReferenceTerm id="25" uuid="3ffbcaf1-569c-4190-940f-1c43a3ceba00">
          <creator/>
          <dateCreated id="26">2016-08-16 11:42:11</dateCreated>
          <retired>false</retired>
          <conceptReferenceTermId>1630</conceptReferenceTermId>
          <conceptSource id="27" uuid="919246ff-6bfc-42fc-8213-69d2d1ce0db7">
            <name>OMRS FGH, Zambezia, Mozambique</name>
            <description>Fonte para programa da FGH na Zambézia, Mozambique. Criado por Eurico Jose</description>
            <creator/>
            <dateCreated id="28">2013-01-08 10:29:09</dateCreated>
            <retired>false</retired>
            <conceptSourceId>1</conceptSourceId>
            <hl7Code>OMRSFGHZBMZ</hl7Code>
          </conceptSource>
          <code>6468</code>
          <conceptReferenceTermMaps id="29"/>
        </conceptReferenceTerm>
      </org.openmrs.ConceptMap>
    </conceptMappings>
  </org.openmrs.Concept>
  <org.openmrs.Concept id="30" uuid="e27a4b5f-7602-420e-9d7c-6eedd8becfdf">
    <conceptId>6466</conceptId>
    <retired>false</retired>
    <datatype id="31" resolves-to="org.openmrs.ConceptDatatype" uuid="8d4a48b6-c2cc-11de-8d13-0010c6dffd0f">
      <name>Coded</name>
      <description>Value determined by term dictionary lookup (i.e., term identifier)</description>
      <creator/>
      <dateCreated id="32">2004-02-02 00:00:00</dateCreated>
      <retired>false</retired>
      <conceptDatatypeId>2</conceptDatatypeId>
      <hl7Abbreviation>CWE</hl7Abbreviation>
    </datatype>
    <conceptClass reference="5"/>
    <set>false</set>
    <creator/>
    <dateCreated id="33">2016-08-03 14:36:13</dateCreated>
    <changedBy/>
    <dateChanged id="34">2016-08-16 11:42:11</dateChanged>
    <names class="set" id="35">
      <org.openmrs.ConceptName id="36" uuid="87729fb5-d31a-45fd-ad24-1e8e7ee98c37">
        <conceptNameId>7629</conceptNameId>
        <concept reference="30"/>
        <name>PROFILAXIA DA MENINGITE CRIPTOCÓCICA</name>
        <locale id="37">pt</locale>
        <creator/>
        <dateCreated id="38">2016-08-03 14:36:13</dateCreated>
        <voided>false</voided>
        <tags class="set" id="39"/>
        <conceptNameType>FULLY_SPECIFIED</conceptNameType>
        <localePreferred>true</localePreferred>
      </org.openmrs.ConceptName>
    </names>
    <answers class="set" id="40">
      <org.openmrs.ConceptAnswer id="41" uuid="bc9dcb94-0c01-4fc7-8485-c872d5811e89">
        <conceptAnswerId>2929</conceptAnswerId>
        <concept reference="30"/>
        <answerConcept id="42" resolves-to="org.openmrs.Concept" uuid="e1d81b62-1d5f-11e0-b929-000c29ad1d07">
          <conceptId>1065</conceptId>
          <retired>false</retired>
          <datatype id="43" resolves-to="org.openmrs.ConceptDatatype" uuid="8d4a4c94-c2cc-11de-8d13-0010c6dffd0f">
            <name>N/A</name>
            <description>Not associated with a datatype (e.g., term answers, sets)</description>
            <creator/>
            <dateCreated id="44">2004-02-02 00:00:00</dateCreated>
            <retired>false</retired>
            <conceptDatatypeId>4</conceptDatatypeId>
            <hl7Abbreviation>ZZ</hl7Abbreviation>
          </datatype>
          <conceptClass id="45" resolves-to="org.openmrs.ConceptClass" uuid="8d492774-c2cc-11de-8d13-0010c6dffd0f">
            <name>Misc</name>
            <description>Terms which don&apos;t fit other categories</description>
            <creator/>
            <dateCreated id="46">2004-03-02 00:00:00</dateCreated>
            <retired>false</retired>
            <conceptClassId>11</conceptClassId>
          </conceptClass>
          <set>false</set>
          <creator/>
          <dateCreated id="47">2005-01-06 00:00:00</dateCreated>
          <changedBy/>
          <dateChanged id="48">2016-08-16 11:42:12</dateChanged>
          <names class="set" id="49">
            <org.openmrs.ConceptName id="50" uuid="e23f5778-1d5f-11e0-b929-000c29ad1d07">
              <conceptNameId>1065</conceptNameId>
              <concept reference="42"/>
              <name>YES</name>
              <locale id="51">en</locale>
              <creator/>
              <dateCreated id="52">2005-01-06 00:00:00</dateCreated>
              <voided>false</voided>
              <tags class="set" id="53"/>
              <conceptNameType>FULLY_SPECIFIED</conceptNameType>
              <localePreferred>true</localePreferred>
            </org.openmrs.ConceptName>
            <org.openmrs.ConceptName id="54" uuid="e24cb738-1d5f-11e0-b929-000c29ad1d07">
              <conceptNameId>2842</conceptNameId>
              <concept reference="42"/>
              <name>SIM</name>
              <locale id="55">pt</locale>
              <creator/>
              <dateCreated id="56">2008-10-16 09:29:30</dateCreated>
              <voided>false</voided>
              <tags class="set" id="57"/>
              <conceptNameType>FULLY_SPECIFIED</conceptNameType>
              <localePreferred>true</localePreferred>
            </org.openmrs.ConceptName>
          </names>
          <answers class="set" id="58"/>
          <conceptSets class="set" id="59"/>
          <descriptions class="set" id="60">
            <org.openmrs.ConceptDescription id="61" uuid="e2210962-1d5f-11e0-b929-000c29ad1d07">
              <conceptDescriptionId>1059</conceptDescriptionId>
              <concept reference="42"/>
              <description>Generic answer to a question.</description>
              <locale id="62">en</locale>
              <creator/>
              <dateCreated id="63">2005-01-06 00:00:00</dateCreated>
            </org.openmrs.ConceptDescription>
            <org.openmrs.ConceptDescription id="64" uuid="e22c1b40-1d5f-11e0-b929-000c29ad1d07">
              <conceptDescriptionId>2484</conceptDescriptionId>
              <concept reference="42"/>
              <description>Resposta generica de uma pergunta</description>
              <locale id="65">pt</locale>
              <creator/>
              <dateCreated id="66">2008-10-16 09:29:30</dateCreated>
            </org.openmrs.ConceptDescription>
          </descriptions>
          <conceptMappings class="set" id="67">
            <org.openmrs.ConceptMap id="68" uuid="b8e11af6-435f-4af2-a47b-c2dc6e92eba1">
              <conceptMapType reference="22"/>
              <creator/>
              <dateCreated id="69">2016-08-16 11:42:12</dateCreated>
              <conceptMapId>1021</conceptMapId>
              <concept reference="42"/>
              <conceptReferenceTerm id="70" uuid="c0183ecf-ce86-487e-9cc6-f9f8f6420049">
                <creator/>
                <dateCreated id="71">2016-08-16 11:42:12</dateCreated>
                <retired>false</retired>
                <conceptReferenceTermId>1637</conceptReferenceTermId>
                <conceptSource reference="27"/>
                <code>1065</code>
                <conceptReferenceTermMaps id="72"/>
              </conceptReferenceTerm>
            </org.openmrs.ConceptMap>
          </conceptMappings>
        </answerConcept>
        <creator/>
        <dateCreated id="73">2016-08-03 14:36:13</dateCreated>
        <sortWeight>1.0</sortWeight>
      </org.openmrs.ConceptAnswer>
      <org.openmrs.ConceptAnswer id="74" uuid="01cbd446-fb1e-48c4-9a06-27171db46508">
        <conceptAnswerId>2930</conceptAnswerId>
        <concept reference="30"/>
        <answerConcept id="75" resolves-to="org.openmrs.Concept" uuid="e1d81c70-1d5f-11e0-b929-000c29ad1d07">
          <conceptId>1066</conceptId>
          <retired>false</retired>
          <datatype reference="43"/>
          <conceptClass reference="45"/>
          <set>false</set>
          <creator/>
          <dateCreated id="76">2005-01-06 00:00:00</dateCreated>
          <changedBy/>
          <dateChanged id="77">2016-08-16 11:42:12</dateChanged>
          <names class="set" id="78">
            <org.openmrs.ConceptName id="79" uuid="e24cb828-1d5f-11e0-b929-000c29ad1d07">
              <conceptNameId>2843</conceptNameId>
              <concept reference="75"/>
              <name>NAO</name>
              <locale id="80">pt</locale>
              <creator/>
              <dateCreated id="81">2008-10-16 09:31:04</dateCreated>
              <voided>false</voided>
              <tags class="set" id="82"/>
              <conceptNameType>FULLY_SPECIFIED</conceptNameType>
              <localePreferred>true</localePreferred>
            </org.openmrs.ConceptName>
            <org.openmrs.ConceptName id="83" uuid="e23f585e-1d5f-11e0-b929-000c29ad1d07">
              <conceptNameId>1066</conceptNameId>
              <concept reference="75"/>
              <name>NO</name>
              <locale id="84">en</locale>
              <creator/>
              <dateCreated id="85">2005-01-06 00:00:00</dateCreated>
              <voided>false</voided>
              <tags class="set" id="86"/>
              <conceptNameType>FULLY_SPECIFIED</conceptNameType>
              <localePreferred>true</localePreferred>
            </org.openmrs.ConceptName>
          </names>
          <answers class="set" id="87"/>
          <conceptSets class="set" id="88"/>
          <descriptions class="set" id="89">
            <org.openmrs.ConceptDescription id="90" uuid="e2210a48-1d5f-11e0-b929-000c29ad1d07">
              <conceptDescriptionId>1060</conceptDescriptionId>
              <concept reference="75"/>
              <description>Generic answer to a question.</description>
              <locale id="91">en</locale>
              <creator/>
              <dateCreated id="92">2005-01-06 00:00:00</dateCreated>
            </org.openmrs.ConceptDescription>
            <org.openmrs.ConceptDescription id="93" uuid="e22c1c26-1d5f-11e0-b929-000c29ad1d07">
              <conceptDescriptionId>2485</conceptDescriptionId>
              <concept reference="75"/>
              <description>Resposta generica de uma pergunta</description>
              <locale id="94">pt</locale>
              <creator/>
              <dateCreated id="95">2008-10-16 09:31:04</dateCreated>
            </org.openmrs.ConceptDescription>
          </descriptions>
          <conceptMappings class="set" id="96">
            <org.openmrs.ConceptMap id="97" uuid="962d447f-a4a8-45ad-b01e-4925f7ed73b4">
              <conceptMapType reference="22"/>
              <creator/>
              <dateCreated id="98">2016-08-16 11:42:12</dateCreated>
              <conceptMapId>1022</conceptMapId>
              <concept reference="75"/>
              <conceptReferenceTerm id="99" uuid="6420e3c1-9a5d-423e-8118-c2dceb6c7f3e">
                <creator/>
                <dateCreated id="100">2016-08-16 11:42:12</dateCreated>
                <retired>false</retired>
                <conceptReferenceTermId>1638</conceptReferenceTermId>
                <conceptSource reference="27"/>
                <code>1066</code>
                <conceptReferenceTermMaps id="101"/>
              </conceptReferenceTerm>
            </org.openmrs.ConceptMap>
          </conceptMappings>
        </answerConcept>
        <creator/>
        <dateCreated id="102">2016-08-03 14:36:13</dateCreated>
        <sortWeight>2.0</sortWeight>
      </org.openmrs.ConceptAnswer>
    </answers>
    <conceptSets class="set" id="103"/>
    <descriptions class="set" id="104">
      <org.openmrs.ConceptDescription id="105" uuid="8d129560-bd6f-44b5-9df4-ee8afb1b77fd">
        <conceptDescriptionId>3679</conceptDescriptionId>
        <concept reference="30"/>
        <description>USO DE PROFILAXIA DA MENINGITE CRIPTOCÓCICA</description>
        <locale id="106">pt</locale>
        <creator/>
        <dateCreated id="107">2016-08-03 14:36:13</dateCreated>
      </org.openmrs.ConceptDescription>
    </descriptions>
    <conceptMappings class="set" id="108">
      <org.openmrs.ConceptMap id="109" uuid="0b700abd-51ed-4525-99a5-72c82fcdff0e">
        <conceptMapType reference="22"/>
        <creator/>
        <dateCreated id="110">2016-08-16 11:42:11</dateCreated>
        <conceptMapId>1015</conceptMapId>
        <concept reference="30"/>
        <conceptReferenceTerm id="111" uuid="bcd47200-12f4-417d-a994-76fa79342fbe">
          <creator/>
          <dateCreated id="112">2016-08-16 11:42:11</dateCreated>
          <retired>false</retired>
          <conceptReferenceTermId>1631</conceptReferenceTermId>
          <conceptSource reference="27"/>
          <code>6466</code>
          <conceptReferenceTermMaps id="113"/>
        </conceptReferenceTerm>
      </org.openmrs.ConceptMap>
    </conceptMappings>
  </org.openmrs.Concept>
  <org.openmrs.Concept id="114" uuid="659a4de5-10ea-4997-974c-e5ddeafa9ec6">
    <conceptId>6472</conceptId>
    <retired>false</retired>
    <datatype id="115" resolves-to="org.openmrs.ConceptDatatype" uuid="8d4a4ab4-c2cc-11de-8d13-0010c6dffd0f">
      <name>Text</name>
      <description>Free text</description>
      <creator/>
      <dateCreated id="116">2004-02-02 00:00:00</dateCreated>
      <retired>false</retired>
      <conceptDatatypeId>3</conceptDatatypeId>
      <hl7Abbreviation>ST</hl7Abbreviation>
    </datatype>
    <conceptClass reference="5"/>
    <set>false</set>
    <creator/>
    <dateCreated id="117">2016-08-03 14:57:54</dateCreated>
    <changedBy/>
    <dateChanged id="118">2016-08-16 11:42:11</dateChanged>
    <names class="set" id="119">
      <org.openmrs.ConceptName id="120" uuid="b60015ef-e743-468e-bea4-5c86dc65c291">
        <conceptNameId>7654</conceptNameId>
        <concept reference="114"/>
        <name>ABDOMEN EXAMS</name>
        <locale id="121">en</locale>
        <creator/>
        <dateCreated id="122">2016-08-16 11:28:49</dateCreated>
        <voided>false</voided>
        <tags class="set" id="123"/>
        <conceptNameType>FULLY_SPECIFIED</conceptNameType>
        <localePreferred>true</localePreferred>
      </org.openmrs.ConceptName>
      <org.openmrs.ConceptName id="124" uuid="5488cde0-0fae-4801-8e05-dea337d1598b">
        <conceptNameId>7642</conceptNameId>
        <concept reference="114"/>
        <name>ABDOMEN SYMPTOMS</name>
        <locale id="125">en</locale>
        <creator/>
        <dateCreated id="126">2016-08-04 20:52:40</dateCreated>
        <voided>true</voided>
        <voidedBy/>
        <dateVoided id="127">2016-08-16 11:25:34</dateVoided>
        <voidReason>Anulada devido ŕ mudança de nome</voidReason>
        <tags class="set" id="128"/>
        <localePreferred>false</localePreferred>
      </org.openmrs.ConceptName>
      <org.openmrs.ConceptName id="129" uuid="4c7ed25e-efc3-4c55-8f8d-a0f8cdef02a6">
        <conceptNameId>7652</conceptNameId>
        <concept reference="114"/>
        <name>CHEST_EXAMS</name>
        <locale id="130">en</locale>
        <creator/>
        <dateCreated id="131">2016-08-16 11:25:34</dateCreated>
        <voided>true</voided>
        <voidedBy/>
        <dateVoided id="132">2016-08-16 11:28:49</dateVoided>
        <voidReason>Anulada devido ŕ mudança de nome</voidReason>
        <tags class="set" id="133"/>
        <localePreferred>false</localePreferred>
      </org.openmrs.ConceptName>
      <org.openmrs.ConceptName id="134" uuid="72b66c67-3789-4e47-a75e-87276755abf8">
        <conceptNameId>7636</conceptNameId>
        <concept reference="114"/>
        <name>ABDOMEN SYMTOMS</name>
        <locale id="135">en</locale>
        <creator/>
        <dateCreated id="136">2016-08-03 14:57:54</dateCreated>
        <voided>true</voided>
        <voidedBy/>
        <dateVoided id="137">2016-08-04 20:52:40</dateVoided>
        <voidReason>Anulada devido ŕ mudança de nome</voidReason>
        <tags class="set" id="138"/>
        <localePreferred>false</localePreferred>
      </org.openmrs.ConceptName>
    </names>
    <answers class="set" id="139"/>
    <conceptSets class="set" id="140"/>
    <descriptions class="set" id="141">
      <org.openmrs.ConceptDescription id="142" uuid="ad2b2c64-ae52-4812-83f1-35b56043b2c9">
        <conceptDescriptionId>3685</conceptDescriptionId>
        <concept reference="114"/>
        <description>Receive the symptoms and complaints of the patient on the abdomen</description>
        <locale id="143">en</locale>
        <creator/>
        <dateCreated id="144">2016-08-03 14:57:54</dateCreated>
      </org.openmrs.ConceptDescription>
    </descriptions>
    <conceptMappings class="set" id="145">
      <org.openmrs.ConceptMap id="146" uuid="885525df-dc0e-422d-ba95-894a00e3428c">
        <conceptMapType reference="22"/>
        <creator/>
        <dateCreated id="147">2016-08-16 11:42:11</dateCreated>
        <conceptMapId>1016</conceptMapId>
        <concept reference="114"/>
        <conceptReferenceTerm id="148" uuid="b24e4f02-fd6f-4d81-bd0f-f1db318cb354">
          <creator/>
          <dateCreated id="149">2016-08-16 11:42:11</dateCreated>
          <retired>false</retired>
          <conceptReferenceTermId>1632</conceptReferenceTermId>
          <conceptSource reference="27"/>
          <code>6472</code>
          <conceptReferenceTermMaps id="150"/>
        </conceptReferenceTerm>
      </org.openmrs.ConceptMap>
    </conceptMappings>
  </org.openmrs.Concept>
  <org.openmrs.Concept id="151" uuid="2cc653da-ddb4-435c-891a-51428c19e777">
    <conceptId>6467</conceptId>
    <retired>false</retired>
    <datatype reference="3"/>
    <conceptClass reference="5"/>
    <set>false</set>
    <creator/>
    <dateCreated id="152">2016-08-03 14:39:01</dateCreated>
    <changedBy/>
    <dateChanged id="153">2016-08-16 11:42:11</dateChanged>
    <names class="set" id="154">
      <org.openmrs.ConceptName id="155" uuid="58096d0a-74cf-4e01-9f4f-334113e21fe4">
        <conceptNameId>7630</conceptNameId>
        <concept reference="151"/>
        <name>DATA DE INICIO DA PROFILAXIA DA MENINGITE CRIPTOCÓCICA</name>
        <locale id="156">pt</locale>
        <creator/>
        <dateCreated id="157">2016-08-03 14:39:01</dateCreated>
        <voided>false</voided>
        <tags class="set" id="158"/>
        <conceptNameType>FULLY_SPECIFIED</conceptNameType>
        <localePreferred>true</localePreferred>
      </org.openmrs.ConceptName>
      <org.openmrs.ConceptName id="159" uuid="c88202bf-bd50-44c8-92aa-a46d00ec3615">
        <conceptNameId>7631</conceptNameId>
        <concept reference="151"/>
        <name>DATA DE INICIO DA PROFILAXIA DA MENINGITE CRIPTOCÓCICA</name>
        <locale id="160">en</locale>
        <creator/>
        <dateCreated id="161">2016-08-03 14:39:01</dateCreated>
        <voided>false</voided>
        <tags class="set" id="162"/>
        <conceptNameType>FULLY_SPECIFIED</conceptNameType>
        <localePreferred>true</localePreferred>
      </org.openmrs.ConceptName>
    </names>
    <answers class="set" id="163"/>
    <conceptSets class="set" id="164"/>
    <descriptions class="set" id="165">
      <org.openmrs.ConceptDescription id="166" uuid="a33406d3-2861-4a16-aa1b-b35b8f087132">
        <conceptDescriptionId>3680</conceptDescriptionId>
        <concept reference="151"/>
        <description>DATA DE INICIO DA PROFILAXIA DA MENINGITE CRIPTOCÓCICA</description>
        <locale id="167">pt</locale>
        <creator/>
        <dateCreated id="168">2016-08-03 14:39:01</dateCreated>
      </org.openmrs.ConceptDescription>
    </descriptions>
    <conceptMappings class="set" id="169">
      <org.openmrs.ConceptMap id="170" uuid="e19a2ffb-941e-4920-98b1-050a2981f961">
        <conceptMapType reference="22"/>
        <creator/>
        <dateCreated id="171">2016-08-16 11:42:11</dateCreated>
        <conceptMapId>1017</conceptMapId>
        <concept reference="151"/>
        <conceptReferenceTerm id="172" uuid="4f8e2ada-c2b0-46c8-b93c-883fc36f32bb">
          <creator/>
          <dateCreated id="173">2016-08-16 11:42:11</dateCreated>
          <retired>false</retired>
          <conceptReferenceTermId>1633</conceptReferenceTermId>
          <conceptSource reference="27"/>
          <code>6467</code>
          <conceptReferenceTermMaps id="174"/>
        </conceptReferenceTerm>
      </org.openmrs.ConceptMap>
    </conceptMappings>
  </org.openmrs.Concept>
  <org.openmrs.Concept id="175" uuid="77742a72-dfd9-48fe-8166-ae9238a248e2">
    <conceptId>6469</conceptId>
    <retired>false</retired>
    <datatype reference="115"/>
    <conceptClass reference="5"/>
    <set>false</set>
    <creator/>
    <dateCreated id="176">2016-08-03 14:53:30</dateCreated>
    <changedBy/>
    <dateChanged id="177">2016-08-16 11:42:11</dateChanged>
    <names class="set" id="178">
      <org.openmrs.ConceptName id="179" uuid="45578fda-52e7-4d75-bac3-87cbff6e894d">
        <conceptNameId>7633</conceptNameId>
        <concept reference="175"/>
        <name>HEAD SYMTOMS</name>
        <locale id="180">en</locale>
        <creator/>
        <dateCreated id="181">2016-08-03 14:53:30</dateCreated>
        <voided>true</voided>
        <voidedBy/>
        <dateVoided id="182">2016-08-04 20:49:46</dateVoided>
        <voidReason>Anulada devido ŕ mudança de nome</voidReason>
        <tags class="set" id="183"/>
        <localePreferred>false</localePreferred>
      </org.openmrs.ConceptName>
      <org.openmrs.ConceptName id="184" uuid="8db764d6-101d-4668-a9a8-c716dd5f4ee2">
        <conceptNameId>7650</conceptNameId>
        <concept reference="175"/>
        <name>HEAD AND NECK EXAMS</name>
        <locale id="185">en</locale>
        <creator/>
        <dateCreated id="186">2016-08-16 11:23:09</dateCreated>
        <voided>false</voided>
        <tags class="set" id="187"/>
        <conceptNameType>FULLY_SPECIFIED</conceptNameType>
        <localePreferred>true</localePreferred>
      </org.openmrs.ConceptName>
      <org.openmrs.ConceptName id="188" uuid="cca4cb9b-3e40-47bd-9cb5-872a3e59513b">
        <conceptNameId>7639</conceptNameId>
        <concept reference="175"/>
        <name>HEAD SYMPTOMS</name>
        <locale id="189">en</locale>
        <creator/>
        <dateCreated id="190">2016-08-04 20:49:46</dateCreated>
        <voided>true</voided>
        <voidedBy/>
        <dateVoided id="191">2016-08-16 11:23:09</dateVoided>
        <voidReason>Anulada devido ŕ mudança de nome</voidReason>
        <tags class="set" id="192"/>
        <localePreferred>false</localePreferred>
      </org.openmrs.ConceptName>
    </names>
    <answers class="set" id="193"/>
    <conceptSets class="set" id="194"/>
    <descriptions class="set" id="195">
      <org.openmrs.ConceptDescription id="196" uuid="a38c11c8-5e09-415a-8634-c07da0608ddb">
        <conceptDescriptionId>3682</conceptDescriptionId>
        <concept reference="175"/>
        <description>Receives the symptoms and complaints of the patient in the head</description>
        <locale id="197">en</locale>
        <creator/>
        <dateCreated id="198">2016-08-03 14:53:30</dateCreated>
      </org.openmrs.ConceptDescription>
    </descriptions>
    <conceptMappings class="set" id="199">
      <org.openmrs.ConceptMap id="200" uuid="81ab9f2a-2a80-4dab-9ea9-8872e716891c">
        <conceptMapType reference="22"/>
        <creator/>
        <dateCreated id="201">2016-08-16 11:42:11</dateCreated>
        <conceptMapId>1018</conceptMapId>
        <concept reference="175"/>
        <conceptReferenceTerm id="202" uuid="f2f5209e-c312-4c57-92f5-5042051e0cb3">
          <creator/>
          <dateCreated id="203">2016-08-16 11:42:11</dateCreated>
          <retired>false</retired>
          <conceptReferenceTermId>1634</conceptReferenceTermId>
          <conceptSource reference="27"/>
          <code>6469</code>
          <conceptReferenceTermMaps id="204"/>
        </conceptReferenceTerm>
      </org.openmrs.ConceptMap>
    </conceptMappings>
  </org.openmrs.Concept>
  <org.openmrs.Concept id="205" uuid="648e170c-4322-4820-ae17-989a8b115371">
    <conceptId>6471</conceptId>
    <retired>false</retired>
    <datatype reference="115"/>
    <conceptClass reference="5"/>
    <set>false</set>
    <creator/>
    <dateCreated id="206">2016-08-03 14:56:45</dateCreated>
    <changedBy/>
    <dateChanged id="207">2016-08-16 11:42:11</dateChanged>
    <names class="set" id="208">
      <org.openmrs.ConceptName id="209" uuid="b9ec4b15-78b4-43c1-b423-81c7847c8e70">
        <conceptNameId>7635</conceptNameId>
        <concept reference="205"/>
        <name>CHEST SYMTOMS</name>
        <locale id="210">en</locale>
        <creator/>
        <dateCreated id="211">2016-08-03 14:56:45</dateCreated>
        <voided>true</voided>
        <voidedBy/>
        <dateVoided id="212">2016-08-04 20:51:26</dateVoided>
        <voidReason>Anulada devido ŕ mudança de nome</voidReason>
        <tags class="set" id="213"/>
        <localePreferred>false</localePreferred>
      </org.openmrs.ConceptName>
      <org.openmrs.ConceptName id="214" uuid="fdcdd9a8-3ce8-4f77-bebf-4e00263e0eee">
        <conceptNameId>7651</conceptNameId>
        <concept reference="205"/>
        <name>CHEST EXAMS</name>
        <locale id="215">en</locale>
        <creator/>
        <dateCreated id="216">2016-08-16 11:24:07</dateCreated>
        <voided>false</voided>
        <tags class="set" id="217"/>
        <conceptNameType>FULLY_SPECIFIED</conceptNameType>
        <localePreferred>true</localePreferred>
      </org.openmrs.ConceptName>
      <org.openmrs.ConceptName id="218" uuid="68c3dfb4-b998-4e2f-9f22-a31fdc2bd238">
        <conceptNameId>7641</conceptNameId>
        <concept reference="205"/>
        <name>CHEST SYMPTOMS</name>
        <locale id="219">en</locale>
        <creator/>
        <dateCreated id="220">2016-08-04 20:51:26</dateCreated>
        <voided>true</voided>
        <voidedBy/>
        <dateVoided id="221">2016-08-16 11:24:07</dateVoided>
        <voidReason>Anulada devido ŕ mudança de nome</voidReason>
        <tags class="set" id="222"/>
        <localePreferred>false</localePreferred>
      </org.openmrs.ConceptName>
    </names>
    <answers class="set" id="223"/>
    <conceptSets class="set" id="224"/>
    <descriptions class="set" id="225">
      <org.openmrs.ConceptDescription id="226" uuid="e906934a-1b90-4fd3-aad6-d08615fcc078">
        <conceptDescriptionId>3684</conceptDescriptionId>
        <concept reference="205"/>
        <description>Receive the symptoms and complaints of the patient on the chest</description>
        <locale id="227">en</locale>
        <creator/>
        <dateCreated id="228">2016-08-03 14:56:45</dateCreated>
      </org.openmrs.ConceptDescription>
    </descriptions>
    <conceptMappings class="set" id="229">
      <org.openmrs.ConceptMap id="230" uuid="a99a8945-c494-463d-8e51-7b6d3f44fa32">
        <conceptMapType reference="22"/>
        <creator/>
        <dateCreated id="231">2016-08-16 11:42:11</dateCreated>
        <conceptMapId>1019</conceptMapId>
        <concept reference="205"/>
        <conceptReferenceTerm id="232" uuid="9d58c7cc-0b23-4fc1-9e1f-bbb40d72c041">
          <creator/>
          <dateCreated id="233">2016-08-16 11:42:11</dateCreated>
          <retired>false</retired>
          <conceptReferenceTermId>1635</conceptReferenceTermId>
          <conceptSource reference="27"/>
          <code>6471</code>
          <conceptReferenceTermMaps id="234"/>
        </conceptReferenceTerm>
      </org.openmrs.ConceptMap>
    </conceptMappings>
  </org.openmrs.Concept>
  <org.openmrs.Concept id="235" uuid="17b9f774-3a6d-4364-9ad7-c50d99df9ba0">
    <conceptId>6474</conceptId>
    <retired>false</retired>
    <datatype reference="115"/>
    <conceptClass reference="5"/>
    <set>false</set>
    <creator/>
    <dateCreated id="236">2016-08-03 15:00:03</dateCreated>
    <changedBy/>
    <dateChanged id="237">2016-08-16 11:42:12</dateChanged>
    <names class="set" id="238">
      <org.openmrs.ConceptName id="239" uuid="e35c43f9-08d9-4e15-8278-8b8622926886">
        <conceptNameId>7644</conceptNameId>
        <concept reference="235"/>
        <name>LOWER LIMBS SYMPTOMS</name>
        <locale id="240">en</locale>
        <creator/>
        <dateCreated id="241">2016-08-04 20:54:26</dateCreated>
        <voided>true</voided>
        <voidedBy/>
        <dateVoided id="242">2016-08-16 11:27:16</dateVoided>
        <voidReason>Anulada devido ŕ mudança de nome</voidReason>
        <tags class="set" id="243"/>
        <localePreferred>false</localePreferred>
      </org.openmrs.ConceptName>
      <org.openmrs.ConceptName id="244" uuid="52c6ff3c-efbb-4a41-a266-d3b992cd20cb">
        <conceptNameId>7655</conceptNameId>
        <concept reference="235"/>
        <name>UPPER AND LOWER LIMBS EXAMS</name>
        <locale id="245">en</locale>
        <creator/>
        <dateCreated id="246">2016-08-16 11:30:42</dateCreated>
        <voided>false</voided>
        <tags class="set" id="247"/>
        <conceptNameType>FULLY_SPECIFIED</conceptNameType>
        <localePreferred>true</localePreferred>
      </org.openmrs.ConceptName>
      <org.openmrs.ConceptName id="248" uuid="61f0e1d3-9542-4a6b-b7fd-65232c2e349e">
        <conceptNameId>7653</conceptNameId>
        <concept reference="235"/>
        <name>UPPER LOWER LIMBS SYMPTOMS</name>
        <locale id="249">en</locale>
        <creator/>
        <dateCreated id="250">2016-08-16 11:27:16</dateCreated>
        <voided>true</voided>
        <voidedBy/>
        <dateVoided id="251">2016-08-16 11:30:42</dateVoided>
        <voidReason>Anulada devido ŕ mudança de nome</voidReason>
        <tags class="set" id="252"/>
        <localePreferred>false</localePreferred>
      </org.openmrs.ConceptName>
      <org.openmrs.ConceptName id="253" uuid="6675391a-a94c-44c6-9316-000d8bb63ae8">
        <conceptNameId>7638</conceptNameId>
        <concept reference="235"/>
        <name>LOWER LIMBS SYMTOMS</name>
        <locale id="254">en</locale>
        <creator/>
        <dateCreated id="255">2016-08-03 15:00:03</dateCreated>
        <voided>true</voided>
        <voidedBy/>
        <dateVoided id="256">2016-08-04 20:54:26</dateVoided>
        <voidReason>Anulada devido ŕ mudança de nome</voidReason>
        <tags class="set" id="257"/>
        <localePreferred>false</localePreferred>
      </org.openmrs.ConceptName>
    </names>
    <answers class="set" id="258"/>
    <conceptSets class="set" id="259"/>
    <descriptions class="set" id="260">
      <org.openmrs.ConceptDescription id="261" uuid="05902ab6-a1f0-4d82-bbb2-87bcf1d21b56">
        <conceptDescriptionId>3687</conceptDescriptionId>
        <concept reference="235"/>
        <description>Receive the symptoms and complaints of the patient on the lower limbs</description>
        <locale id="262">en</locale>
        <creator/>
        <dateCreated id="263">2016-08-03 15:00:03</dateCreated>
      </org.openmrs.ConceptDescription>
    </descriptions>
    <conceptMappings class="set" id="264">
      <org.openmrs.ConceptMap id="265" uuid="99ad75d6-cdc0-4267-bcf1-c2d713f72ac2">
        <conceptMapType reference="22"/>
        <creator/>
        <dateCreated id="266">2016-08-16 11:42:11</dateCreated>
        <conceptMapId>1020</conceptMapId>
        <concept reference="235"/>
        <conceptReferenceTerm id="267" uuid="b5b92aa5-2200-4706-98c4-5d1d0fd5d63a">
          <creator/>
          <dateCreated id="268">2016-08-16 11:42:11</dateCreated>
          <retired>false</retired>
          <conceptReferenceTermId>1636</conceptReferenceTermId>
          <conceptSource reference="27"/>
          <code>6474</code>
          <conceptReferenceTermMaps id="269"/>
        </conceptReferenceTerm>
      </org.openmrs.ConceptMap>
    </conceptMappings>
  </org.openmrs.Concept>
</list>
