<?xml version="1.0" encoding="UTF-8"?>
<package id="1" uuid="e40fca95-5a55-4045-92e5-3e6a105603bb">
  <dateCreated id="2">2016-09-27 12:19:18</dateCreated>
  <name>poc mapping prescriptions</name>
  <description>Datetime concept to record the moment that the prescription was created</description>
  <openmrsVersion>1.11.5  Build a0c979</openmrsVersion>
  <version>1</version>
  <groupUuid>9e5453d6-4be0-4013-b3fb-d080fbadfa7b</groupUuid>
  <modules id="3">
    <entry>
      <string>uilibrary</string>
      <string>1.5</string>
    </entry>
    <entry>
      <string>webservices.rest</string>
      <string>2.12.474b25</string>
    </entry>
    <entry>
      <string>htmlformentry</string>
      <string>2.2.1</string>
    </entry>
    <entry>
      <string>patientsummary</string>
      <string>2.0</string>
    </entry>
    <entry>
      <string>calculation</string>
      <string>1.1</string>
    </entry>
    <entry>
      <string>providermanagement</string>
      <string>2.3</string>
    </entry>
    <entry>
      <string>event</string>
      <string>2.2.1</string>
    </entry>
    <entry>
      <string>formfilter</string>
      <string>1.0.0</string>
    </entry>
    <entry>
      <string>bahmniapps</string>
      <string>0.74-SNAPSHOT</string>
    </entry>
    <entry>
      <string>htmlformentry19ext</string>
      <string>1.2</string>
    </entry>
    <entry>
      <string>esaudemetadata</string>
      <string>1.1.0</string>
    </entry>
    <entry>
      <string>reference-data</string>
      <string>0.74-SNAPSHOT</string>
    </entry>
    <entry>
      <string>addresshierarchy</string>
      <string>2.4</string>
    </entry>
    <entry>
      <string>dataentrystatistics</string>
      <string>1.3.2</string>
    </entry>
    <entry>
      <string>serialization.xstream</string>
      <string>0.2.9</string>
    </entry>
    <entry>
      <string>htmlwidgets</string>
      <string>1.6.5</string>
    </entry>
    <entry>
      <string>reportingcompatibility</string>
      <string>1.5.8</string>
    </entry>
    <entry>
      <string>groovy</string>
      <string>2.2.4</string>
    </entry>
    <entry>
      <string>uiframework</string>
      <string>3.4</string>
    </entry>
    <entry>
      <string>bahmnicore</string>
      <string>0.77-SNAPSHOT</string>
    </entry>
    <entry>
      <string>metadatamapping</string>
      <string>1.0.1</string>
    </entry>
    <entry>
      <string>patientflags</string>
      <string>1.3.4</string>
    </entry>
    <entry>
      <string>reportingrest</string>
      <string>1.6</string>
    </entry>
    <entry>
      <string>appframework</string>
      <string>2.1</string>
    </entry>
    <entry>
      <string>logic</string>
      <string>0.5.2</string>
    </entry>
    <entry>
      <string>idgen-webservices</string>
      <string>1.0</string>
    </entry>
    <entry>
      <string>emrapi</string>
      <string>1.11.1</string>
    </entry>
    <entry>
      <string>openmrs-atomfeed</string>
      <string>2.4-SNAPSHOT</string>
    </entry>
    <entry>
      <string>idgen</string>
      <string>2.9.1</string>
    </entry>
    <entry>
      <string>databasebackup</string>
      <string>1.0</string>
    </entry>
    <entry>
      <string>metadatasharing</string>
      <string>1.2</string>
    </entry>
    <entry>
      <string>reporting</string>
      <string>0.9.9</string>
    </entry>
    <entry>
      <string>gaac</string>
      <string>1.0-SNAPSHOT</string>
    </entry>
    <entry>
      <string>patientflag_rest</string>
      <string>1.0.0</string>
    </entry>
  </modules>
  <items class="linked-hash-set" id="4">
    <org.openmrs.module.metadatasharing.Item id="5" uuid="488e6803-c7db-43b2-8911-8d5d2a8472fd">
      <id>6485</id>
      <classname>org.openmrs.Concept</classname>
      <dateChanged id="6">2016-09-08 08:27:41</dateChanged>
      <retired>false</retired>
    </org.openmrs.module.metadatasharing.Item>
  </items>
  <relatedItems class="linked-hash-set" id="7">
    <org.openmrs.module.metadatasharing.Item id="8" uuid="8d4a5af4-c2cc-11de-8d13-0010c6dffd0f">
      <id>8</id>
      <classname>org.openmrs.ConceptDatatype</classname>
      <dateChanged id="9">2004-07-22 00:00:00</dateChanged>
      <retired>false</retired>
    </org.openmrs.module.metadatasharing.Item>
    <org.openmrs.module.metadatasharing.Item id="10" uuid="8d491e50-c2cc-11de-8d13-0010c6dffd0f">
      <id>7</id>
      <classname>org.openmrs.ConceptClass</classname>
      <dateChanged id="11">2004-03-02 00:00:00</dateChanged>
      <retired>false</retired>
    </org.openmrs.module.metadatasharing.Item>
    <org.openmrs.module.metadatasharing.Item id="12" uuid="f7503fd4-da88-4715-98b0-3df050ab352e">
      <id>7671</id>
      <classname>org.openmrs.ConceptName</classname>
      <dateChanged id="13">2016-09-08 08:27:41</dateChanged>
    </org.openmrs.module.metadatasharing.Item>
    <org.openmrs.module.metadatasharing.Item id="14" uuid="1a02c282-c404-4e2b-987a-8c3faa030220">
      <id>7672</id>
      <classname>org.openmrs.ConceptName</classname>
      <dateChanged id="15">2016-09-08 08:27:41</dateChanged>
    </org.openmrs.module.metadatasharing.Item>
    <org.openmrs.module.metadatasharing.Item id="16" uuid="02c4c1d4-4d62-411a-9f72-a34f66635784">
      <id>1159</id>
      <classname>org.openmrs.ConceptMap</classname>
      <dateChanged id="17">2016-09-27 12:20:47</dateChanged>
    </org.openmrs.module.metadatasharing.Item>
    <org.openmrs.module.metadatasharing.Item id="18" uuid="35543629-7d8c-11e1-909d-c80aa9edcf4e">
      <id>1</id>
      <classname>org.openmrs.ConceptMapType</classname>
      <dateChanged id="19">2016-08-18 14:27:05</dateChanged>
      <retired>false</retired>
    </org.openmrs.module.metadatasharing.Item>
    <org.openmrs.module.metadatasharing.Item id="20" uuid="6c331c10-e78f-45b6-be9e-bcb0fc4a07b3">
      <id>1711</id>
      <classname>org.openmrs.ConceptReferenceTerm</classname>
      <dateChanged id="21">2016-09-27 12:20:47</dateChanged>
      <retired>false</retired>
    </org.openmrs.module.metadatasharing.Item>
    <org.openmrs.module.metadatasharing.Item id="22" uuid="919246ff-6bfc-42fc-8213-69d2d1ce0db7">
      <id>1</id>
      <classname>org.openmrs.ConceptSource</classname>
      <dateChanged id="23">2013-01-08 10:29:09</dateChanged>
      <retired>false</retired>
    </org.openmrs.module.metadatasharing.Item>
  </relatedItems>
</package>
