<?xml version="1.0" encoding="UTF-8"?>
<list id="1">
  <org.openmrs.Concept id="2" uuid="488e6803-c7db-43b2-8911-8d5d2a8472fd">
    <conceptId>6485</conceptId>
    <retired>false</retired>
    <datatype id="3" resolves-to="org.openmrs.ConceptDatatype" uuid="8d4a5af4-c2cc-11de-8d13-0010c6dffd0f">
      <name>Datetime</name>
      <description>Absolute date and time</description>
      <creator/>
      <dateCreated id="4">2004-07-22 00:00:00</dateCreated>
      <retired>false</retired>
      <conceptDatatypeId>8</conceptDatatypeId>
      <hl7Abbreviation>TS</hl7Abbreviation>
    </datatype>
    <conceptClass id="5" resolves-to="org.openmrs.ConceptClass" uuid="8d491e50-c2cc-11de-8d13-0010c6dffd0f">
      <name>Question</name>
      <description>Question (eg, patient history, SF36 items)</description>
      <creator/>
      <dateCreated id="6">2004-03-02 00:00:00</dateCreated>
      <retired>false</retired>
      <conceptClassId>7</conceptClassId>
    </conceptClass>
    <set>false</set>
    <creator/>
    <dateCreated id="7">2016-09-08 08:27:41</dateCreated>
    <changedBy/>
    <dateChanged id="8">2016-09-27 12:20:47</dateChanged>
    <names class="set" id="9">
      <org.openmrs.ConceptName id="10" uuid="f7503fd4-da88-4715-98b0-3df050ab352e">
        <conceptNameId>7671</conceptNameId>
        <concept reference="2"/>
        <name>POC MAPEAMENTO DATA DE PRESCIÇÃO</name>
        <locale id="11">pt</locale>
        <creator/>
        <dateCreated id="12">2016-09-08 08:27:41</dateCreated>
        <voided>false</voided>
        <tags class="set" id="13"/>
        <conceptNameType>FULLY_SPECIFIED</conceptNameType>
        <localePreferred>true</localePreferred>
      </org.openmrs.ConceptName>
      <org.openmrs.ConceptName id="14" uuid="1a02c282-c404-4e2b-987a-8c3faa030220">
        <conceptNameId>7672</conceptNameId>
        <concept reference="2"/>
        <name>POC MAPPING PRESCRIPTION DATE</name>
        <locale id="15">en</locale>
        <creator/>
        <dateCreated id="16">2016-09-08 08:27:41</dateCreated>
        <voided>false</voided>
        <tags class="set" id="17"/>
        <conceptNameType>FULLY_SPECIFIED</conceptNameType>
        <localePreferred>true</localePreferred>
      </org.openmrs.ConceptName>
    </names>
    <answers class="set" id="18"/>
    <conceptSets class="set" id="19"/>
    <descriptions class="set" id="20"/>
    <conceptMappings class="set" id="21">
      <org.openmrs.ConceptMap id="22" uuid="02c4c1d4-4d62-411a-9f72-a34f66635784">
        <conceptMapType id="23" uuid="35543629-7d8c-11e1-909d-c80aa9edcf4e">
          <name>SAME-AS</name>
          <creator/>
          <dateCreated id="24">2013-01-17 00:00:00</dateCreated>
          <changedBy/>
          <dateChanged id="25">2016-08-18 14:27:05</dateChanged>
          <retired>false</retired>
          <conceptMapTypeId>1</conceptMapTypeId>
          <isHidden>false</isHidden>
        </conceptMapType>
        <creator/>
        <dateCreated id="26">2016-09-27 12:20:47</dateCreated>
        <conceptMapId>1159</conceptMapId>
        <concept reference="2"/>
        <conceptReferenceTerm id="27" uuid="6c331c10-e78f-45b6-be9e-bcb0fc4a07b3">
          <creator/>
          <dateCreated id="28">2016-09-27 12:20:47</dateCreated>
          <retired>false</retired>
          <conceptReferenceTermId>1711</conceptReferenceTermId>
          <conceptSource id="29" uuid="919246ff-6bfc-42fc-8213-69d2d1ce0db7">
            <name>OMRS FGH, Zambezia, Mozambique</name>
            <description>Fonte para programa da FGH na Zambézia, Mozambique. Criado por Eurico Jose</description>
            <creator/>
            <dateCreated id="30">2013-01-08 10:29:09</dateCreated>
            <retired>false</retired>
            <conceptSourceId>1</conceptSourceId>
            <hl7Code>OMRSFGHZBMZ</hl7Code>
          </conceptSource>
          <code>6485</code>
          <conceptReferenceTermMaps id="31"/>
        </conceptReferenceTerm>
      </org.openmrs.ConceptMap>
    </conceptMappings>
  </org.openmrs.Concept>
</list>
