<?xml version="1.0" encoding="UTF-8"?>
<package id="1" uuid="7a83f809-4166-4c03-b799-325f9b01b794">
  <dateCreated id="2">2016-09-01 14:02:21</dateCreated>
  <name>Diagnosis_Child_Schema</name>
  <description>This contains all the fields that is used to map the child schema form</description>
  <openmrsVersion>1.11.5  Build a0c979</openmrsVersion>
  <version>1</version>
  <groupUuid>a8641598-613d-4da0-a0f6-07866bc8c31d</groupUuid>
  <modules id="3">
    <entry>
      <string>uilibrary</string>
      <string>1.5</string>
    </entry>
    <entry>
      <string>webservices.rest</string>
      <string>2.12-SNAPSHOT.26ea0d</string>
    </entry>
    <entry>
      <string>htmlformentry</string>
      <string>2.1.1</string>
    </entry>
    <entry>
      <string>patientsummary</string>
      <string>2.0</string>
    </entry>
    <entry>
      <string>calculation</string>
      <string>1.1</string>
    </entry>
    <entry>
      <string>providermanagement</string>
      <string>2.3</string>
    </entry>
    <entry>
      <string>event</string>
      <string>2.2.1</string>
    </entry>
    <entry>
      <string>formfilter</string>
      <string>1.0.0</string>
    </entry>
    <entry>
      <string>bahmniapps</string>
      <string>0.74-SNAPSHOT</string>
    </entry>
    <entry>
      <string>htmlformentry19ext</string>
      <string>1.2</string>
    </entry>
    <entry>
      <string>reference-data</string>
      <string>0.74-SNAPSHOT</string>
    </entry>
    <entry>
      <string>addresshierarchy</string>
      <string>2.4</string>
    </entry>
    <entry>
      <string>dataentrystatistics</string>
      <string>1.3.2</string>
    </entry>
    <entry>
      <string>serialization.xstream</string>
      <string>0.2.9</string>
    </entry>
    <entry>
      <string>htmlwidgets</string>
      <string>1.6.5</string>
    </entry>
    <entry>
      <string>reportingcompatibility</string>
      <string>1.5.8</string>
    </entry>
    <entry>
      <string>groovy</string>
      <string>2.2.4</string>
    </entry>
    <entry>
      <string>metadatadeploy</string>
      <string>1.3</string>
    </entry>
    <entry>
      <string>uiframework</string>
      <string>3.4</string>
    </entry>
    <entry>
      <string>bahmnicore</string>
      <string>0.77-SNAPSHOT</string>
    </entry>
    <entry>
      <string>metadatamapping</string>
      <string>1.0.1</string>
    </entry>
    <entry>
      <string>patientflags</string>
      <string>1.3.4</string>
    </entry>
    <entry>
      <string>reportingrest</string>
      <string>1.6</string>
    </entry>
    <entry>
      <string>appframework</string>
      <string>2.1</string>
    </entry>
    <entry>
      <string>logic</string>
      <string>0.5.2</string>
    </entry>
    <entry>
      <string>idgen-webservices</string>
      <string>1.0</string>
    </entry>
    <entry>
      <string>emrapi</string>
      <string>1.11.1</string>
    </entry>
    <entry>
      <string>openmrs-atomfeed</string>
      <string>2.4-SNAPSHOT</string>
    </entry>
    <entry>
      <string>idgen</string>
      <string>2.9.1</string>
    </entry>
    <entry>
      <string>databasebackup</string>
      <string>1.0</string>
    </entry>
    <entry>
      <string>metadatasharing</string>
      <string>1.2</string>
    </entry>
    <entry>
      <string>reporting</string>
      <string>0.9.9</string>
    </entry>
    <entry>
      <string>gaac</string>
      <string>1.0-SNAPSHOT</string>
    </entry>
    <entry>
      <string>patientflag_rest</string>
      <string>1.0-SNAPSHOT</string>
    </entry>
  </modules>
  <items class="linked-hash-set" id="4">
    <org.openmrs.module.metadatasharing.Item id="5" uuid="75600f3d-415b-4eb8-8de4-d7944b4b428f">
      <id>766</id>
      <classname>org.openmrs.Field</classname>
      <dateChanged id="6">2016-07-29 10:25:35</dateChanged>
      <retired>false</retired>
    </org.openmrs.module.metadatasharing.Item>
    <org.openmrs.module.metadatasharing.Item id="7" uuid="3a4aacc1-787c-4747-ae4b-7a327d532868">
      <id>765</id>
      <classname>org.openmrs.Field</classname>
      <dateChanged id="8">2016-07-29 10:23:19</dateChanged>
      <retired>false</retired>
    </org.openmrs.module.metadatasharing.Item>
    <org.openmrs.module.metadatasharing.Item id="9" uuid="e282ff96-1d5f-11e0-b929-000c29ad1d07">
      <id>500</id>
      <classname>org.openmrs.Field</classname>
      <dateChanged id="10">2008-11-05 14:08:58</dateChanged>
      <retired>false</retired>
    </org.openmrs.module.metadatasharing.Item>
    <org.openmrs.module.metadatasharing.Item id="11" uuid="0ac9d07a-722e-438e-94d0-dcb0ddad74d5">
      <id>779</id>
      <classname>org.openmrs.Field</classname>
      <dateChanged id="12">2016-08-03 12:11:13</dateChanged>
      <retired>false</retired>
    </org.openmrs.module.metadatasharing.Item>
    <org.openmrs.module.metadatasharing.Item id="13" uuid="52a4d4ed-a27c-497c-928d-293bfcf78c03">
      <id>775</id>
      <classname>org.openmrs.Field</classname>
      <dateChanged id="14">2016-08-03 12:08:29</dateChanged>
      <retired>false</retired>
    </org.openmrs.module.metadatasharing.Item>
    <org.openmrs.module.metadatasharing.Item id="15" uuid="70e08e0b-1be5-4037-9e0d-cc01e29fed28">
      <id>778</id>
      <classname>org.openmrs.Field</classname>
      <dateChanged id="16">2016-08-03 12:10:53</dateChanged>
      <retired>false</retired>
    </org.openmrs.module.metadatasharing.Item>
    <org.openmrs.module.metadatasharing.Item id="17" uuid="884dd31f-f439-4a9d-8263-2c3731794c75">
      <id>763</id>
      <classname>org.openmrs.Field</classname>
      <dateChanged id="18">2016-08-02 08:15:28</dateChanged>
      <retired>false</retired>
    </org.openmrs.module.metadatasharing.Item>
    <org.openmrs.module.metadatasharing.Item id="19" uuid="a0664fcd-985b-4150-aeb4-2d63079ab92c">
      <id>769</id>
      <classname>org.openmrs.Field</classname>
      <dateChanged id="20">2016-07-29 10:27:26</dateChanged>
      <retired>false</retired>
    </org.openmrs.module.metadatasharing.Item>
    <org.openmrs.module.metadatasharing.Item id="21" uuid="4ba0dc68-3fd2-4dbf-98d1-4ad287183c84">
      <id>771</id>
      <classname>org.openmrs.Field</classname>
      <dateChanged id="22">2016-07-29 10:28:10</dateChanged>
      <retired>false</retired>
    </org.openmrs.module.metadatasharing.Item>
    <org.openmrs.module.metadatasharing.Item id="23" uuid="e27d9ea2-1d5f-11e0-b929-000c29ad1d07">
      <id>205</id>
      <classname>org.openmrs.Field</classname>
      <dateChanged id="24">2008-10-18 05:44:42</dateChanged>
      <retired>false</retired>
    </org.openmrs.module.metadatasharing.Item>
    <org.openmrs.module.metadatasharing.Item id="25" uuid="d2e04493-1379-466b-b0db-1bf5dfa8dc44">
      <id>770</id>
      <classname>org.openmrs.Field</classname>
      <dateChanged id="26">2016-07-29 10:27:48</dateChanged>
      <retired>false</retired>
    </org.openmrs.module.metadatasharing.Item>
    <org.openmrs.module.metadatasharing.Item id="27" uuid="9fbb1a82-466d-40df-bccc-417489a1085b">
      <id>780</id>
      <classname>org.openmrs.Field</classname>
      <dateChanged id="28">2016-08-03 12:11:36</dateChanged>
      <retired>false</retired>
    </org.openmrs.module.metadatasharing.Item>
    <org.openmrs.module.metadatasharing.Item id="29" uuid="68b5fdd8-55af-4f6b-8ac9-50de7067b96d">
      <id>774</id>
      <classname>org.openmrs.Field</classname>
      <dateChanged id="30">2016-08-03 12:08:15</dateChanged>
      <retired>false</retired>
    </org.openmrs.module.metadatasharing.Item>
    <org.openmrs.module.metadatasharing.Item id="31" uuid="088deb09-4aa4-4533-8b21-5c04f6c3e4a6">
      <id>759</id>
      <classname>org.openmrs.Field</classname>
      <dateChanged id="32">2011-01-26 10:40:47</dateChanged>
      <retired>false</retired>
    </org.openmrs.module.metadatasharing.Item>
    <org.openmrs.module.metadatasharing.Item id="33" uuid="1d709975-cbd0-410d-bd21-9d8164b77e72">
      <id>767</id>
      <classname>org.openmrs.Field</classname>
      <dateChanged id="34">2016-07-29 10:25:56</dateChanged>
      <retired>false</retired>
    </org.openmrs.module.metadatasharing.Item>
    <org.openmrs.module.metadatasharing.Item id="35" uuid="a471d150-51ef-4dce-8604-95f7fed1c3cc">
      <id>772</id>
      <classname>org.openmrs.Field</classname>
      <dateChanged id="36">2016-08-03 12:07:07</dateChanged>
      <retired>false</retired>
    </org.openmrs.module.metadatasharing.Item>
    <org.openmrs.module.metadatasharing.Item id="37" uuid="b5d2bd6c-27ef-4194-98b5-2e1c7c76f549">
      <id>764</id>
      <classname>org.openmrs.Field</classname>
      <dateChanged id="38">2016-07-29 10:22:46</dateChanged>
      <retired>false</retired>
    </org.openmrs.module.metadatasharing.Item>
    <org.openmrs.module.metadatasharing.Item id="39" uuid="dd3a8994-b03e-478c-b389-25e1db1e3241">
      <id>777</id>
      <classname>org.openmrs.Field</classname>
      <dateChanged id="40">2016-08-03 12:09:12</dateChanged>
      <retired>false</retired>
    </org.openmrs.module.metadatasharing.Item>
    <org.openmrs.module.metadatasharing.Item id="41" uuid="b0b49a99-d4ed-4df5-8036-455f9d4763de">
      <id>768</id>
      <classname>org.openmrs.Field</classname>
      <dateChanged id="42">2016-07-29 10:27:08</dateChanged>
      <retired>false</retired>
    </org.openmrs.module.metadatasharing.Item>
  </items>
  <relatedItems class="linked-hash-set" id="43">
    <org.openmrs.module.metadatasharing.Item id="44" uuid="8d5e7d7c-c2cc-11de-8d13-0010c6dffd0f">
      <id>1</id>
      <classname>org.openmrs.FieldType</classname>
      <dateChanged id="45">2005-02-22 09:43:00</dateChanged>
      <retired>false</retired>
    </org.openmrs.module.metadatasharing.Item>
    <org.openmrs.module.metadatasharing.Item id="46" uuid="e1d81b62-1d5f-11e0-b929-000c29ad1d07">
      <id>1065</id>
      <classname>org.openmrs.Concept</classname>
      <dateChanged id="47">2016-08-16 08:42:12</dateChanged>
      <retired>false</retired>
    </org.openmrs.module.metadatasharing.Item>
    <org.openmrs.module.metadatasharing.Item id="48" uuid="8d4a4c94-c2cc-11de-8d13-0010c6dffd0f">
      <id>4</id>
      <classname>org.openmrs.ConceptDatatype</classname>
      <dateChanged id="49">2004-02-01 21:00:00</dateChanged>
      <retired>false</retired>
    </org.openmrs.module.metadatasharing.Item>
    <org.openmrs.module.metadatasharing.Item id="50" uuid="8d492774-c2cc-11de-8d13-0010c6dffd0f">
      <id>11</id>
      <classname>org.openmrs.ConceptClass</classname>
      <dateChanged id="51">2004-03-01 21:00:00</dateChanged>
      <retired>false</retired>
    </org.openmrs.module.metadatasharing.Item>
    <org.openmrs.module.metadatasharing.Item id="52" uuid="e23f5778-1d5f-11e0-b929-000c29ad1d07">
      <id>1065</id>
      <classname>org.openmrs.ConceptName</classname>
      <dateChanged id="53">2005-01-05 21:00:00</dateChanged>
    </org.openmrs.module.metadatasharing.Item>
    <org.openmrs.module.metadatasharing.Item id="54" uuid="e24cb738-1d5f-11e0-b929-000c29ad1d07">
      <id>2842</id>
      <classname>org.openmrs.ConceptName</classname>
      <dateChanged id="55">2008-10-16 06:29:30</dateChanged>
    </org.openmrs.module.metadatasharing.Item>
    <org.openmrs.module.metadatasharing.Item id="56" uuid="e2210962-1d5f-11e0-b929-000c29ad1d07">
      <id>1059</id>
      <classname>org.openmrs.ConceptDescription</classname>
      <dateChanged id="57">2005-01-05 21:00:00</dateChanged>
    </org.openmrs.module.metadatasharing.Item>
    <org.openmrs.module.metadatasharing.Item id="58" uuid="e22c1b40-1d5f-11e0-b929-000c29ad1d07">
      <id>2484</id>
      <classname>org.openmrs.ConceptDescription</classname>
      <dateChanged id="59">2008-10-16 06:29:30</dateChanged>
    </org.openmrs.module.metadatasharing.Item>
    <org.openmrs.module.metadatasharing.Item id="60" uuid="b8e11af6-435f-4af2-a47b-c2dc6e92eba1">
      <id>1021</id>
      <classname>org.openmrs.ConceptMap</classname>
      <dateChanged id="61">2016-08-16 08:42:12</dateChanged>
    </org.openmrs.module.metadatasharing.Item>
    <org.openmrs.module.metadatasharing.Item id="62" uuid="35543629-7d8c-11e1-909d-c80aa9edcf4e">
      <id>1</id>
      <classname>org.openmrs.ConceptMapType</classname>
      <dateChanged id="63">2013-01-16 21:00:00</dateChanged>
      <retired>false</retired>
    </org.openmrs.module.metadatasharing.Item>
    <org.openmrs.module.metadatasharing.Item id="64" uuid="c0183ecf-ce86-487e-9cc6-f9f8f6420049">
      <id>1637</id>
      <classname>org.openmrs.ConceptReferenceTerm</classname>
      <dateChanged id="65">2016-08-16 08:42:12</dateChanged>
      <retired>false</retired>
    </org.openmrs.module.metadatasharing.Item>
    <org.openmrs.module.metadatasharing.Item id="66" uuid="919246ff-6bfc-42fc-8213-69d2d1ce0db7">
      <id>1</id>
      <classname>org.openmrs.ConceptSource</classname>
      <dateChanged id="67">2013-01-08 07:29:09</dateChanged>
      <retired>false</retired>
    </org.openmrs.module.metadatasharing.Item>
    <org.openmrs.module.metadatasharing.Item id="68" uuid="106c484c-a5a3-4c8b-9586-09b1f22c324d">
      <id>6277</id>
      <classname>org.openmrs.Concept</classname>
      <dateChanged id="69">2012-02-29 07:32:39</dateChanged>
      <retired>false</retired>
    </org.openmrs.module.metadatasharing.Item>
    <org.openmrs.module.metadatasharing.Item id="70" uuid="8d4a48b6-c2cc-11de-8d13-0010c6dffd0f">
      <id>2</id>
      <classname>org.openmrs.ConceptDatatype</classname>
      <dateChanged id="71">2004-02-01 21:00:00</dateChanged>
      <retired>false</retired>
    </org.openmrs.module.metadatasharing.Item>
    <org.openmrs.module.metadatasharing.Item id="72" uuid="8d491e50-c2cc-11de-8d13-0010c6dffd0f">
      <id>7</id>
      <classname>org.openmrs.ConceptClass</classname>
      <dateChanged id="73">2004-03-01 21:00:00</dateChanged>
      <retired>false</retired>
    </org.openmrs.module.metadatasharing.Item>
    <org.openmrs.module.metadatasharing.Item id="74" uuid="aeaee897-e455-4b0e-998f-438460fba7de">
      <id>7190</id>
      <classname>org.openmrs.ConceptName</classname>
      <dateChanged id="75">2012-02-29 07:32:39</dateChanged>
    </org.openmrs.module.metadatasharing.Item>
    <org.openmrs.module.metadatasharing.Item id="76" uuid="62c795e3-daa3-4430-90d8-d4d7af73a248">
      <id>7192</id>
      <classname>org.openmrs.ConceptName</classname>
      <dateChanged id="77">2012-02-29 07:32:39</dateChanged>
    </org.openmrs.module.metadatasharing.Item>
    <org.openmrs.module.metadatasharing.Item id="78" uuid="091435cc-5bba-4d78-ab9a-e129a41415ed">
      <id>7189</id>
      <classname>org.openmrs.ConceptName</classname>
      <dateChanged id="79">2012-02-29 07:32:39</dateChanged>
    </org.openmrs.module.metadatasharing.Item>
    <org.openmrs.module.metadatasharing.Item id="80" uuid="6a03bbee-be03-415b-9c08-5d58d573fef4">
      <id>7191</id>
      <classname>org.openmrs.ConceptName</classname>
      <dateChanged id="81">2012-02-29 07:32:39</dateChanged>
    </org.openmrs.module.metadatasharing.Item>
    <org.openmrs.module.metadatasharing.Item id="82" uuid="6c7de7d3-7f27-4156-b067-cf9b63175cf8">
      <id>2786</id>
      <classname>org.openmrs.ConceptAnswer</classname>
      <dateChanged id="83">2012-02-29 07:32:39</dateChanged>
    </org.openmrs.module.metadatasharing.Item>
    <org.openmrs.module.metadatasharing.Item id="84" uuid="e1d47386-1d5f-11e0-b929-000c29ad1d07">
      <id>703</id>
      <classname>org.openmrs.Concept</classname>
      <dateChanged id="85">2010-02-08 12:19:24</dateChanged>
      <retired>false</retired>
    </org.openmrs.module.metadatasharing.Item>
    <org.openmrs.module.metadatasharing.Item id="86" uuid="e25e284c-1d5f-11e0-b929-000c29ad1d07">
      <id>5349</id>
      <classname>org.openmrs.ConceptName</classname>
      <dateChanged id="87">2004-12-01 21:00:00</dateChanged>
    </org.openmrs.module.metadatasharing.Item>
    <org.openmrs.module.metadatasharing.Item id="88" uuid="e25e266c-1d5f-11e0-b929-000c29ad1d07">
      <id>5347</id>
      <classname>org.openmrs.ConceptName</classname>
      <dateChanged id="89">2004-12-01 21:00:00</dateChanged>
    </org.openmrs.module.metadatasharing.Item>
    <org.openmrs.module.metadatasharing.Item id="90" uuid="e24cc688-1d5f-11e0-b929-000c29ad1d07">
      <id>2859</id>
      <classname>org.openmrs.ConceptName</classname>
      <dateChanged id="91">2008-10-16 12:01:01</dateChanged>
    </org.openmrs.module.metadatasharing.Item>
    <org.openmrs.module.metadatasharing.Item id="92" uuid="e23cc1f2-1d5f-11e0-b929-000c29ad1d07">
      <id>703</id>
      <classname>org.openmrs.ConceptName</classname>
      <dateChanged id="93">2003-12-31 21:00:00</dateChanged>
    </org.openmrs.module.metadatasharing.Item>
    <org.openmrs.module.metadatasharing.Item id="94" uuid="e2640186-1d5f-11e0-b929-000c29ad1d07">
      <id>6219</id>
      <classname>org.openmrs.ConceptName</classname>
      <dateChanged id="95">2004-10-19 21:00:00</dateChanged>
    </org.openmrs.module.metadatasharing.Item>
    <org.openmrs.module.metadatasharing.Item id="96" uuid="e21de502-1d5f-11e0-b929-000c29ad1d07">
      <id>702</id>
      <classname>org.openmrs.ConceptDescription</classname>
      <dateChanged id="97">2003-12-31 21:00:00</dateChanged>
    </org.openmrs.module.metadatasharing.Item>
    <org.openmrs.module.metadatasharing.Item id="98" uuid="e22c2658-1d5f-11e0-b929-000c29ad1d07">
      <id>2491</id>
      <classname>org.openmrs.ConceptDescription</classname>
      <dateChanged id="99">2008-10-16 12:01:01</dateChanged>
    </org.openmrs.module.metadatasharing.Item>
    <org.openmrs.module.metadatasharing.Item id="100" uuid="815dfa30-3d33-4a4b-b501-5add6b6942a7">
      <id>1594</id>
      <classname>org.openmrs.ConceptMap</classname>
      <dateChanged id="101">2016-09-01 14:08:17</dateChanged>
    </org.openmrs.module.metadatasharing.Item>
    <org.openmrs.module.metadatasharing.Item id="102" uuid="b1abc8ec-d896-4c09-aa81-6e9983bb5b7b">
      <id>2210</id>
      <classname>org.openmrs.ConceptReferenceTerm</classname>
      <dateChanged id="103">2016-09-01 14:08:16</dateChanged>
      <retired>false</retired>
    </org.openmrs.module.metadatasharing.Item>
    <org.openmrs.module.metadatasharing.Item id="104" uuid="011fa8ff-a65d-45f5-8922-19b7e8a21f4c">
      <id>2785</id>
      <classname>org.openmrs.ConceptAnswer</classname>
      <dateChanged id="105">2012-02-29 07:32:39</dateChanged>
    </org.openmrs.module.metadatasharing.Item>
    <org.openmrs.module.metadatasharing.Item id="106" uuid="e1d446cc-1d5f-11e0-b929-000c29ad1d07">
      <id>664</id>
      <classname>org.openmrs.Concept</classname>
      <dateChanged id="107">2010-02-08 07:32:32</dateChanged>
      <retired>false</retired>
    </org.openmrs.module.metadatasharing.Item>
    <org.openmrs.module.metadatasharing.Item id="108" uuid="e2638e18-1d5f-11e0-b929-000c29ad1d07">
      <id>6111</id>
      <classname>org.openmrs.ConceptName</classname>
      <dateChanged id="109">2004-10-19 21:00:00</dateChanged>
    </org.openmrs.module.metadatasharing.Item>
    <org.openmrs.module.metadatasharing.Item id="110" uuid="e25e2932-1d5f-11e0-b929-000c29ad1d07">
      <id>5350</id>
      <classname>org.openmrs.ConceptName</classname>
      <dateChanged id="111">2004-12-01 21:00:00</dateChanged>
    </org.openmrs.module.metadatasharing.Item>
    <org.openmrs.module.metadatasharing.Item id="112" uuid="e25e275c-1d5f-11e0-b929-000c29ad1d07">
      <id>5348</id>
      <classname>org.openmrs.ConceptName</classname>
      <dateChanged id="113">2004-12-01 21:00:00</dateChanged>
    </org.openmrs.module.metadatasharing.Item>
    <org.openmrs.module.metadatasharing.Item id="114" uuid="e23c6568-1d5f-11e0-b929-000c29ad1d07">
      <id>664</id>
      <classname>org.openmrs.ConceptName</classname>
      <dateChanged id="115">2003-12-31 21:00:00</dateChanged>
    </org.openmrs.module.metadatasharing.Item>
    <org.openmrs.module.metadatasharing.Item id="116" uuid="e24cc764-1d5f-11e0-b929-000c29ad1d07">
      <id>2860</id>
      <classname>org.openmrs.ConceptName</classname>
      <dateChanged id="117">2008-10-16 12:01:23</dateChanged>
    </org.openmrs.module.metadatasharing.Item>
    <org.openmrs.module.metadatasharing.Item id="118" uuid="e21d7cfc-1d5f-11e0-b929-000c29ad1d07">
      <id>663</id>
      <classname>org.openmrs.ConceptDescription</classname>
      <dateChanged id="119">2003-12-31 21:00:00</dateChanged>
    </org.openmrs.module.metadatasharing.Item>
    <org.openmrs.module.metadatasharing.Item id="120" uuid="e22c2748-1d5f-11e0-b929-000c29ad1d07">
      <id>2492</id>
      <classname>org.openmrs.ConceptDescription</classname>
      <dateChanged id="121">2008-10-16 12:01:23</dateChanged>
    </org.openmrs.module.metadatasharing.Item>
    <org.openmrs.module.metadatasharing.Item id="122" uuid="1ebdccc6-1263-4e11-90f3-1b513f13fa5f">
      <id>1595</id>
      <classname>org.openmrs.ConceptMap</classname>
      <dateChanged id="123">2016-09-01 14:08:17</dateChanged>
    </org.openmrs.module.metadatasharing.Item>
    <org.openmrs.module.metadatasharing.Item id="124" uuid="b39a47c1-3b1f-4e23-be97-ba672fd3279f">
      <id>2211</id>
      <classname>org.openmrs.ConceptReferenceTerm</classname>
      <dateChanged id="125">2016-09-01 14:08:17</dateChanged>
      <retired>false</retired>
    </org.openmrs.module.metadatasharing.Item>
    <org.openmrs.module.metadatasharing.Item id="126" uuid="a786eef6-e816-411a-906f-3b5a3a2cda79">
      <id>3619</id>
      <classname>org.openmrs.ConceptDescription</classname>
      <dateChanged id="127">2012-02-29 07:32:39</dateChanged>
    </org.openmrs.module.metadatasharing.Item>
    <org.openmrs.module.metadatasharing.Item id="128" uuid="df428506-03db-447f-b98f-88897f534ac6">
      <id>3620</id>
      <classname>org.openmrs.ConceptDescription</classname>
      <dateChanged id="129">2012-02-29 07:32:39</dateChanged>
    </org.openmrs.module.metadatasharing.Item>
    <org.openmrs.module.metadatasharing.Item id="130" uuid="4200b132-d7b0-4d38-9cc6-5fec7bb5d03e">
      <id>1593</id>
      <classname>org.openmrs.ConceptMap</classname>
      <dateChanged id="131">2016-09-01 14:08:14</dateChanged>
    </org.openmrs.module.metadatasharing.Item>
    <org.openmrs.module.metadatasharing.Item id="132" uuid="03355460-80a8-4dee-b402-a301a60dee28">
      <id>2209</id>
      <classname>org.openmrs.ConceptReferenceTerm</classname>
      <dateChanged id="133">2016-09-01 14:08:13</dateChanged>
      <retired>false</retired>
    </org.openmrs.module.metadatasharing.Item>
    <org.openmrs.module.metadatasharing.Item id="134" uuid="e1d85906-1d5f-11e0-b929-000c29ad1d07">
      <id>1113</id>
      <classname>org.openmrs.Concept</classname>
      <dateChanged id="135">2009-08-24 11:34:29</dateChanged>
      <retired>false</retired>
    </org.openmrs.module.metadatasharing.Item>
    <org.openmrs.module.metadatasharing.Item id="136" uuid="8d4a505e-c2cc-11de-8d13-0010c6dffd0f">
      <id>6</id>
      <classname>org.openmrs.ConceptDatatype</classname>
      <dateChanged id="137">2004-07-21 21:00:00</dateChanged>
      <retired>false</retired>
    </org.openmrs.module.metadatasharing.Item>
    <org.openmrs.module.metadatasharing.Item id="138" uuid="e23f889c-1d5f-11e0-b929-000c29ad1d07">
      <id>1113</id>
      <classname>org.openmrs.ConceptName</classname>
      <dateChanged id="139">2005-01-11 21:00:00</dateChanged>
    </org.openmrs.module.metadatasharing.Item>
    <org.openmrs.module.metadatasharing.Item id="140" uuid="e265f130-1d5f-11e0-b929-000c29ad1d07">
      <id>6435</id>
      <classname>org.openmrs.ConceptName</classname>
      <dateChanged id="141">2005-02-06 21:00:00</dateChanged>
    </org.openmrs.module.metadatasharing.Item>
    <org.openmrs.module.metadatasharing.Item id="142" uuid="e266317c-1d5f-11e0-b929-000c29ad1d07">
      <id>6495</id>
      <classname>org.openmrs.ConceptName</classname>
      <dateChanged id="143">2009-08-24 11:34:29</dateChanged>
    </org.openmrs.module.metadatasharing.Item>
    <org.openmrs.module.metadatasharing.Item id="144" uuid="e26072b4-1d5f-11e0-b929-000c29ad1d07">
      <id>5665</id>
      <classname>org.openmrs.ConceptName</classname>
      <dateChanged id="145">2009-08-24 11:34:29</dateChanged>
    </org.openmrs.module.metadatasharing.Item>
    <org.openmrs.module.metadatasharing.Item id="146" uuid="e24fc93c-1d5f-11e0-b929-000c29ad1d07">
      <id>3295</id>
      <classname>org.openmrs.ConceptName</classname>
      <dateChanged id="147">2008-11-05 07:15:59</dateChanged>
    </org.openmrs.module.metadatasharing.Item>
    <org.openmrs.module.metadatasharing.Item id="148" uuid="e2213e5a-1d5f-11e0-b929-000c29ad1d07">
      <id>1107</id>
      <classname>org.openmrs.ConceptDescription</classname>
      <dateChanged id="149">2005-01-11 21:00:00</dateChanged>
    </org.openmrs.module.metadatasharing.Item>
    <org.openmrs.module.metadatasharing.Item id="150" uuid="e22d8868-1d5f-11e0-b929-000c29ad1d07">
      <id>2631</id>
      <classname>org.openmrs.ConceptDescription</classname>
      <dateChanged id="151">2008-11-05 07:15:59</dateChanged>
    </org.openmrs.module.metadatasharing.Item>
    <org.openmrs.module.metadatasharing.Item id="152" uuid="b771add5-ba5a-4d7e-861e-dca1afdaf137">
      <id>1596</id>
      <classname>org.openmrs.ConceptMap</classname>
      <dateChanged id="153">2016-09-01 14:08:18</dateChanged>
    </org.openmrs.module.metadatasharing.Item>
    <org.openmrs.module.metadatasharing.Item id="154" uuid="7bce9d57-15b7-4252-b3e3-002530291d17">
      <id>2212</id>
      <classname>org.openmrs.ConceptReferenceTerm</classname>
      <dateChanged id="155">2016-09-01 14:08:17</dateChanged>
      <retired>false</retired>
    </org.openmrs.module.metadatasharing.Item>
    <org.openmrs.module.metadatasharing.Item id="156" uuid="2cc653da-ddb4-435c-891a-51428c19e777">
      <id>6467</id>
      <classname>org.openmrs.Concept</classname>
      <dateChanged id="157">2016-08-16 08:42:11</dateChanged>
      <retired>false</retired>
    </org.openmrs.module.metadatasharing.Item>
    <org.openmrs.module.metadatasharing.Item id="158" uuid="58096d0a-74cf-4e01-9f4f-334113e21fe4">
      <id>7630</id>
      <classname>org.openmrs.ConceptName</classname>
      <dateChanged id="159">2016-08-03 11:39:01</dateChanged>
    </org.openmrs.module.metadatasharing.Item>
    <org.openmrs.module.metadatasharing.Item id="160" uuid="c88202bf-bd50-44c8-92aa-a46d00ec3615">
      <id>7631</id>
      <classname>org.openmrs.ConceptName</classname>
      <dateChanged id="161">2016-08-03 11:39:01</dateChanged>
    </org.openmrs.module.metadatasharing.Item>
    <org.openmrs.module.metadatasharing.Item id="162" uuid="a33406d3-2861-4a16-aa1b-b35b8f087132">
      <id>3680</id>
      <classname>org.openmrs.ConceptDescription</classname>
      <dateChanged id="163">2016-08-03 11:39:01</dateChanged>
    </org.openmrs.module.metadatasharing.Item>
    <org.openmrs.module.metadatasharing.Item id="164" uuid="e19a2ffb-941e-4920-98b1-050a2981f961">
      <id>1017</id>
      <classname>org.openmrs.ConceptMap</classname>
      <dateChanged id="165">2016-08-16 08:42:11</dateChanged>
    </org.openmrs.module.metadatasharing.Item>
    <org.openmrs.module.metadatasharing.Item id="166" uuid="4f8e2ada-c2b0-46c8-b93c-883fc36f32bb">
      <id>1633</id>
      <classname>org.openmrs.ConceptReferenceTerm</classname>
      <dateChanged id="167">2016-08-16 08:42:11</dateChanged>
      <retired>false</retired>
    </org.openmrs.module.metadatasharing.Item>
    <org.openmrs.module.metadatasharing.Item id="168" uuid="659a4de5-10ea-4997-974c-e5ddeafa9ec6">
      <id>6472</id>
      <classname>org.openmrs.Concept</classname>
      <dateChanged id="169">2016-08-16 08:42:11</dateChanged>
      <retired>false</retired>
    </org.openmrs.module.metadatasharing.Item>
    <org.openmrs.module.metadatasharing.Item id="170" uuid="8d4a4ab4-c2cc-11de-8d13-0010c6dffd0f">
      <id>3</id>
      <classname>org.openmrs.ConceptDatatype</classname>
      <dateChanged id="171">2004-02-01 21:00:00</dateChanged>
      <retired>false</retired>
    </org.openmrs.module.metadatasharing.Item>
    <org.openmrs.module.metadatasharing.Item id="172" uuid="b60015ef-e743-468e-bea4-5c86dc65c291">
      <id>7654</id>
      <classname>org.openmrs.ConceptName</classname>
      <dateChanged id="173">2016-08-16 08:28:49</dateChanged>
    </org.openmrs.module.metadatasharing.Item>
    <org.openmrs.module.metadatasharing.Item id="174" uuid="5488cde0-0fae-4801-8e05-dea337d1598b">
      <id>7642</id>
      <classname>org.openmrs.ConceptName</classname>
      <dateChanged id="175">2016-08-16 08:25:34</dateChanged>
    </org.openmrs.module.metadatasharing.Item>
    <org.openmrs.module.metadatasharing.Item id="176" uuid="4c7ed25e-efc3-4c55-8f8d-a0f8cdef02a6">
      <id>7652</id>
      <classname>org.openmrs.ConceptName</classname>
      <dateChanged id="177">2016-08-16 08:28:49</dateChanged>
    </org.openmrs.module.metadatasharing.Item>
    <org.openmrs.module.metadatasharing.Item id="178" uuid="72b66c67-3789-4e47-a75e-87276755abf8">
      <id>7636</id>
      <classname>org.openmrs.ConceptName</classname>
      <dateChanged id="179">2016-08-04 17:52:40</dateChanged>
    </org.openmrs.module.metadatasharing.Item>
    <org.openmrs.module.metadatasharing.Item id="180" uuid="ad2b2c64-ae52-4812-83f1-35b56043b2c9">
      <id>3685</id>
      <classname>org.openmrs.ConceptDescription</classname>
      <dateChanged id="181">2016-08-03 11:57:54</dateChanged>
    </org.openmrs.module.metadatasharing.Item>
    <org.openmrs.module.metadatasharing.Item id="182" uuid="885525df-dc0e-422d-ba95-894a00e3428c">
      <id>1016</id>
      <classname>org.openmrs.ConceptMap</classname>
      <dateChanged id="183">2016-08-16 08:42:11</dateChanged>
    </org.openmrs.module.metadatasharing.Item>
    <org.openmrs.module.metadatasharing.Item id="184" uuid="b24e4f02-fd6f-4d81-bd0f-f1db318cb354">
      <id>1632</id>
      <classname>org.openmrs.ConceptReferenceTerm</classname>
      <dateChanged id="185">2016-08-16 08:42:11</dateChanged>
      <retired>false</retired>
    </org.openmrs.module.metadatasharing.Item>
    <org.openmrs.module.metadatasharing.Item id="186" uuid="e27a4b5f-7602-420e-9d7c-6eedd8becfdf">
      <id>6466</id>
      <classname>org.openmrs.Concept</classname>
      <dateChanged id="187">2016-08-16 08:42:11</dateChanged>
      <retired>false</retired>
    </org.openmrs.module.metadatasharing.Item>
    <org.openmrs.module.metadatasharing.Item id="188" uuid="87729fb5-d31a-45fd-ad24-1e8e7ee98c37">
      <id>7629</id>
      <classname>org.openmrs.ConceptName</classname>
      <dateChanged id="189">2016-08-03 11:36:13</dateChanged>
    </org.openmrs.module.metadatasharing.Item>
    <org.openmrs.module.metadatasharing.Item id="190" uuid="bc9dcb94-0c01-4fc7-8485-c872d5811e89">
      <id>2929</id>
      <classname>org.openmrs.ConceptAnswer</classname>
      <dateChanged id="191">2016-08-03 11:36:13</dateChanged>
    </org.openmrs.module.metadatasharing.Item>
    <org.openmrs.module.metadatasharing.Item id="192" uuid="01cbd446-fb1e-48c4-9a06-27171db46508">
      <id>2930</id>
      <classname>org.openmrs.ConceptAnswer</classname>
      <dateChanged id="193">2016-08-03 11:36:13</dateChanged>
    </org.openmrs.module.metadatasharing.Item>
    <org.openmrs.module.metadatasharing.Item id="194" uuid="e1d81c70-1d5f-11e0-b929-000c29ad1d07">
      <id>1066</id>
      <classname>org.openmrs.Concept</classname>
      <dateChanged id="195">2016-08-16 08:42:12</dateChanged>
      <retired>false</retired>
    </org.openmrs.module.metadatasharing.Item>
    <org.openmrs.module.metadatasharing.Item id="196" uuid="e24cb828-1d5f-11e0-b929-000c29ad1d07">
      <id>2843</id>
      <classname>org.openmrs.ConceptName</classname>
      <dateChanged id="197">2008-10-16 06:31:04</dateChanged>
    </org.openmrs.module.metadatasharing.Item>
    <org.openmrs.module.metadatasharing.Item id="198" uuid="e23f585e-1d5f-11e0-b929-000c29ad1d07">
      <id>1066</id>
      <classname>org.openmrs.ConceptName</classname>
      <dateChanged id="199">2005-01-05 21:00:00</dateChanged>
    </org.openmrs.module.metadatasharing.Item>
    <org.openmrs.module.metadatasharing.Item id="200" uuid="e2210a48-1d5f-11e0-b929-000c29ad1d07">
      <id>1060</id>
      <classname>org.openmrs.ConceptDescription</classname>
      <dateChanged id="201">2005-01-05 21:00:00</dateChanged>
    </org.openmrs.module.metadatasharing.Item>
    <org.openmrs.module.metadatasharing.Item id="202" uuid="e22c1c26-1d5f-11e0-b929-000c29ad1d07">
      <id>2485</id>
      <classname>org.openmrs.ConceptDescription</classname>
      <dateChanged id="203">2008-10-16 06:31:04</dateChanged>
    </org.openmrs.module.metadatasharing.Item>
    <org.openmrs.module.metadatasharing.Item id="204" uuid="962d447f-a4a8-45ad-b01e-4925f7ed73b4">
      <id>1022</id>
      <classname>org.openmrs.ConceptMap</classname>
      <dateChanged id="205">2016-08-16 08:42:12</dateChanged>
    </org.openmrs.module.metadatasharing.Item>
    <org.openmrs.module.metadatasharing.Item id="206" uuid="6420e3c1-9a5d-423e-8118-c2dceb6c7f3e">
      <id>1638</id>
      <classname>org.openmrs.ConceptReferenceTerm</classname>
      <dateChanged id="207">2016-08-16 08:42:12</dateChanged>
      <retired>false</retired>
    </org.openmrs.module.metadatasharing.Item>
    <org.openmrs.module.metadatasharing.Item id="208" uuid="8d129560-bd6f-44b5-9df4-ee8afb1b77fd">
      <id>3679</id>
      <classname>org.openmrs.ConceptDescription</classname>
      <dateChanged id="209">2016-08-03 11:36:13</dateChanged>
    </org.openmrs.module.metadatasharing.Item>
    <org.openmrs.module.metadatasharing.Item id="210" uuid="0b700abd-51ed-4525-99a5-72c82fcdff0e">
      <id>1015</id>
      <classname>org.openmrs.ConceptMap</classname>
      <dateChanged id="211">2016-08-16 08:42:11</dateChanged>
    </org.openmrs.module.metadatasharing.Item>
    <org.openmrs.module.metadatasharing.Item id="212" uuid="bcd47200-12f4-417d-a994-76fa79342fbe">
      <id>1631</id>
      <classname>org.openmrs.ConceptReferenceTerm</classname>
      <dateChanged id="213">2016-08-16 08:42:11</dateChanged>
      <retired>false</retired>
    </org.openmrs.module.metadatasharing.Item>
    <org.openmrs.module.metadatasharing.Item id="214" uuid="794ef662-03bc-4e22-90ff-38742b82827a">
      <id>6258</id>
      <classname>org.openmrs.Concept</classname>
      <dateChanged id="215">2012-02-22 12:34:07</dateChanged>
      <retired>false</retired>
    </org.openmrs.module.metadatasharing.Item>
    <org.openmrs.module.metadatasharing.Item id="216" uuid="ed375508-af45-44c4-9f65-6d15065f03eb">
      <id>7142</id>
      <classname>org.openmrs.ConceptName</classname>
      <dateChanged id="217">2012-02-22 12:26:24</dateChanged>
    </org.openmrs.module.metadatasharing.Item>
    <org.openmrs.module.metadatasharing.Item id="218" uuid="deadb087-6151-4358-ab27-e1356acae339">
      <id>7141</id>
      <classname>org.openmrs.ConceptName</classname>
      <dateChanged id="219">2012-02-22 12:26:24</dateChanged>
    </org.openmrs.module.metadatasharing.Item>
    <org.openmrs.module.metadatasharing.Item id="220" uuid="a914893c-5308-48f8-adce-02289efcdccf">
      <id>2769</id>
      <classname>org.openmrs.ConceptAnswer</classname>
      <dateChanged id="221">2012-02-22 12:34:07</dateChanged>
    </org.openmrs.module.metadatasharing.Item>
    <org.openmrs.module.metadatasharing.Item id="222" uuid="988544be-ae09-4a28-a52d-0875264022c4">
      <id>2770</id>
      <classname>org.openmrs.ConceptAnswer</classname>
      <dateChanged id="223">2012-02-22 12:34:07</dateChanged>
    </org.openmrs.module.metadatasharing.Item>
    <org.openmrs.module.metadatasharing.Item id="224" uuid="7fc962af-95b9-4a4b-aaee-cae4fe60f8c8">
      <id>1597</id>
      <classname>org.openmrs.ConceptMap</classname>
      <dateChanged id="225">2016-09-01 14:08:20</dateChanged>
    </org.openmrs.module.metadatasharing.Item>
    <org.openmrs.module.metadatasharing.Item id="226" uuid="2394207b-5858-4c56-bb88-7031a9a1d51b">
      <id>2213</id>
      <classname>org.openmrs.ConceptReferenceTerm</classname>
      <dateChanged id="227">2016-09-01 14:08:20</dateChanged>
      <retired>false</retired>
    </org.openmrs.module.metadatasharing.Item>
    <org.openmrs.module.metadatasharing.Item id="228" uuid="5efca22f-51ea-459a-8106-0dc335d748ab">
      <id>6127</id>
      <classname>org.openmrs.Concept</classname>
      <dateChanged id="229">2011-02-18 11:51:19</dateChanged>
      <retired>false</retired>
    </org.openmrs.module.metadatasharing.Item>
    <org.openmrs.module.metadatasharing.Item id="230" uuid="098c23ae-22ef-4e12-8259-3ed9a84555ab">
      <id>6744</id>
      <classname>org.openmrs.ConceptName</classname>
      <dateChanged id="231">2011-02-18 11:51:19</dateChanged>
    </org.openmrs.module.metadatasharing.Item>
    <org.openmrs.module.metadatasharing.Item id="232" uuid="45269a00-4bd3-4505-b3ae-9658a54cd2d8">
      <id>6743</id>
      <classname>org.openmrs.ConceptName</classname>
      <dateChanged id="233">2011-02-18 11:51:19</dateChanged>
    </org.openmrs.module.metadatasharing.Item>
    <org.openmrs.module.metadatasharing.Item id="234" uuid="f6047b62-496a-4044-a1eb-df560f8f60b2">
      <id>1598</id>
      <classname>org.openmrs.ConceptMap</classname>
      <dateChanged id="235">2016-09-01 14:08:20</dateChanged>
    </org.openmrs.module.metadatasharing.Item>
    <org.openmrs.module.metadatasharing.Item id="236" uuid="7df8a199-ed55-4ecc-8a5f-aadb35375f18">
      <id>2214</id>
      <classname>org.openmrs.ConceptReferenceTerm</classname>
      <dateChanged id="237">2016-09-01 14:08:20</dateChanged>
      <retired>false</retired>
    </org.openmrs.module.metadatasharing.Item>
    <org.openmrs.module.metadatasharing.Item id="238" uuid="9e555978-3a02-4da4-855e-7b1bfc807347">
      <id>6129</id>
      <classname>org.openmrs.Concept</classname>
      <dateChanged id="239">2011-02-18 11:55:12</dateChanged>
      <retired>false</retired>
    </org.openmrs.module.metadatasharing.Item>
    <org.openmrs.module.metadatasharing.Item id="240" uuid="eaf4d73b-6796-42c6-a017-80043d0ed55d">
      <id>6747</id>
      <classname>org.openmrs.ConceptName</classname>
      <dateChanged id="241">2011-02-18 11:55:12</dateChanged>
    </org.openmrs.module.metadatasharing.Item>
    <org.openmrs.module.metadatasharing.Item id="242" uuid="07164d17-c4e6-46e1-87ce-59f872a21dc8">
      <id>6748</id>
      <classname>org.openmrs.ConceptName</classname>
      <dateChanged id="243">2011-02-18 11:55:12</dateChanged>
    </org.openmrs.module.metadatasharing.Item>
    <org.openmrs.module.metadatasharing.Item id="244" uuid="bf699669-bc4d-4d37-a2b8-661bc634d78e">
      <id>1599</id>
      <classname>org.openmrs.ConceptMap</classname>
      <dateChanged id="245">2016-09-01 14:08:21</dateChanged>
    </org.openmrs.module.metadatasharing.Item>
    <org.openmrs.module.metadatasharing.Item id="246" uuid="2539a28a-4212-4d07-9512-30102949b562">
      <id>2215</id>
      <classname>org.openmrs.ConceptReferenceTerm</classname>
      <dateChanged id="247">2016-09-01 14:08:20</dateChanged>
      <retired>false</retired>
    </org.openmrs.module.metadatasharing.Item>
    <org.openmrs.module.metadatasharing.Item id="248" uuid="e1dd2d50-1d5f-11e0-b929-000c29ad1d07">
      <id>1649</id>
      <classname>org.openmrs.Concept</classname>
      <dateChanged id="249">2011-06-07 06:17:52</dateChanged>
      <retired>false</retired>
    </org.openmrs.module.metadatasharing.Item>
    <org.openmrs.module.metadatasharing.Item id="250" uuid="e24d4162-1d5f-11e0-b929-000c29ad1d07">
      <id>2974</id>
      <classname>org.openmrs.ConceptName</classname>
      <dateChanged id="251">2008-10-18 05:43:47</dateChanged>
    </org.openmrs.module.metadatasharing.Item>
    <org.openmrs.module.metadatasharing.Item id="252" uuid="554f183e-e7d5-47e3-991e-d8181e147c95">
      <id>6811</id>
      <classname>org.openmrs.ConceptName</classname>
      <dateChanged id="253">2008-10-18 07:22:08</dateChanged>
    </org.openmrs.module.metadatasharing.Item>
    <org.openmrs.module.metadatasharing.Item id="254" uuid="e24d54a4-1d5f-11e0-b929-000c29ad1d07">
      <id>2990</id>
      <classname>org.openmrs.ConceptName</classname>
      <dateChanged id="255">2011-06-07 06:17:52</dateChanged>
    </org.openmrs.module.metadatasharing.Item>
    <org.openmrs.module.metadatasharing.Item id="256" uuid="e22c7b12-1d5f-11e0-b929-000c29ad1d07">
      <id>2527</id>
      <classname>org.openmrs.ConceptDescription</classname>
      <dateChanged id="257">2011-06-07 06:17:52</dateChanged>
    </org.openmrs.module.metadatasharing.Item>
    <org.openmrs.module.metadatasharing.Item id="258" uuid="fd09aad5-c194-4b58-93f2-f6e5e1592f08">
      <id>1600</id>
      <classname>org.openmrs.ConceptMap</classname>
      <dateChanged id="259">2016-09-01 14:08:21</dateChanged>
    </org.openmrs.module.metadatasharing.Item>
    <org.openmrs.module.metadatasharing.Item id="260" uuid="f4af2f66-8f4d-46b7-bd3a-f020e3a1c2f1">
      <id>2216</id>
      <classname>org.openmrs.ConceptReferenceTerm</classname>
      <dateChanged id="261">2016-09-01 14:08:21</dateChanged>
      <retired>false</retired>
    </org.openmrs.module.metadatasharing.Item>
    <org.openmrs.module.metadatasharing.Item id="262" uuid="6fa92ac9-0a96-4372-9e10-dd9683c19135">
      <id>6128</id>
      <classname>org.openmrs.Concept</classname>
      <dateChanged id="263">2011-02-18 11:54:08</dateChanged>
      <retired>false</retired>
    </org.openmrs.module.metadatasharing.Item>
    <org.openmrs.module.metadatasharing.Item id="264" uuid="78726301-dd4f-4cb3-96d6-ff54a44dfe78">
      <id>6745</id>
      <classname>org.openmrs.ConceptName</classname>
      <dateChanged id="265">2011-02-18 11:54:08</dateChanged>
    </org.openmrs.module.metadatasharing.Item>
    <org.openmrs.module.metadatasharing.Item id="266" uuid="64e62cbd-3fe6-4343-a022-7c9ab01346c6">
      <id>6746</id>
      <classname>org.openmrs.ConceptName</classname>
      <dateChanged id="267">2011-02-18 11:54:08</dateChanged>
    </org.openmrs.module.metadatasharing.Item>
    <org.openmrs.module.metadatasharing.Item id="268" uuid="dc561d8f-c9ca-4743-9bb6-a207f9cfbc63">
      <id>1601</id>
      <classname>org.openmrs.ConceptMap</classname>
      <dateChanged id="269">2016-09-01 14:08:21</dateChanged>
    </org.openmrs.module.metadatasharing.Item>
    <org.openmrs.module.metadatasharing.Item id="270" uuid="f14f3fed-260e-48ea-93b9-807be5c2b987">
      <id>2217</id>
      <classname>org.openmrs.ConceptReferenceTerm</classname>
      <dateChanged id="271">2016-09-01 14:08:21</dateChanged>
      <retired>false</retired>
    </org.openmrs.module.metadatasharing.Item>
    <org.openmrs.module.metadatasharing.Item id="272" uuid="eb5250ff-6e2a-4fbd-81d9-2504b8dbd91e">
      <id>6468</id>
      <classname>org.openmrs.Concept</classname>
      <dateChanged id="273">2016-08-16 08:42:11</dateChanged>
      <retired>false</retired>
    </org.openmrs.module.metadatasharing.Item>
    <org.openmrs.module.metadatasharing.Item id="274" uuid="06bce8ef-5e40-4879-b471-548b04a0642a">
      <id>7632</id>
      <classname>org.openmrs.ConceptName</classname>
      <dateChanged id="275">2016-08-03 11:41:17</dateChanged>
    </org.openmrs.module.metadatasharing.Item>
    <org.openmrs.module.metadatasharing.Item id="276" uuid="491f35c6-5f6a-4aa4-881c-8a1af9d0d386">
      <id>3681</id>
      <classname>org.openmrs.ConceptDescription</classname>
      <dateChanged id="277">2016-08-03 11:41:17</dateChanged>
    </org.openmrs.module.metadatasharing.Item>
    <org.openmrs.module.metadatasharing.Item id="278" uuid="29a0f446-75e3-4994-9e6e-e3732fd1e26a">
      <id>1014</id>
      <classname>org.openmrs.ConceptMap</classname>
      <dateChanged id="279">2016-08-16 08:42:11</dateChanged>
    </org.openmrs.module.metadatasharing.Item>
    <org.openmrs.module.metadatasharing.Item id="280" uuid="3ffbcaf1-569c-4190-940f-1c43a3ceba00">
      <id>1630</id>
      <classname>org.openmrs.ConceptReferenceTerm</classname>
      <dateChanged id="281">2016-08-16 08:42:11</dateChanged>
      <retired>false</retired>
    </org.openmrs.module.metadatasharing.Item>
    <org.openmrs.module.metadatasharing.Item id="282" uuid="648e170c-4322-4820-ae17-989a8b115371">
      <id>6471</id>
      <classname>org.openmrs.Concept</classname>
      <dateChanged id="283">2016-08-16 08:42:11</dateChanged>
      <retired>false</retired>
    </org.openmrs.module.metadatasharing.Item>
    <org.openmrs.module.metadatasharing.Item id="284" uuid="b9ec4b15-78b4-43c1-b423-81c7847c8e70">
      <id>7635</id>
      <classname>org.openmrs.ConceptName</classname>
      <dateChanged id="285">2016-08-04 17:51:26</dateChanged>
    </org.openmrs.module.metadatasharing.Item>
    <org.openmrs.module.metadatasharing.Item id="286" uuid="fdcdd9a8-3ce8-4f77-bebf-4e00263e0eee">
      <id>7651</id>
      <classname>org.openmrs.ConceptName</classname>
      <dateChanged id="287">2016-08-16 08:24:07</dateChanged>
    </org.openmrs.module.metadatasharing.Item>
    <org.openmrs.module.metadatasharing.Item id="288" uuid="68c3dfb4-b998-4e2f-9f22-a31fdc2bd238">
      <id>7641</id>
      <classname>org.openmrs.ConceptName</classname>
      <dateChanged id="289">2016-08-16 08:24:07</dateChanged>
    </org.openmrs.module.metadatasharing.Item>
    <org.openmrs.module.metadatasharing.Item id="290" uuid="e906934a-1b90-4fd3-aad6-d08615fcc078">
      <id>3684</id>
      <classname>org.openmrs.ConceptDescription</classname>
      <dateChanged id="291">2016-08-03 11:56:45</dateChanged>
    </org.openmrs.module.metadatasharing.Item>
    <org.openmrs.module.metadatasharing.Item id="292" uuid="a99a8945-c494-463d-8e51-7b6d3f44fa32">
      <id>1019</id>
      <classname>org.openmrs.ConceptMap</classname>
      <dateChanged id="293">2016-08-16 08:42:11</dateChanged>
    </org.openmrs.module.metadatasharing.Item>
    <org.openmrs.module.metadatasharing.Item id="294" uuid="9d58c7cc-0b23-4fc1-9e1f-bbb40d72c041">
      <id>1635</id>
      <classname>org.openmrs.ConceptReferenceTerm</classname>
      <dateChanged id="295">2016-08-16 08:42:11</dateChanged>
      <retired>false</retired>
    </org.openmrs.module.metadatasharing.Item>
    <org.openmrs.module.metadatasharing.Item id="296" uuid="0ef94b67-b202-40ad-b542-7b2016524335">
      <id>6120</id>
      <classname>org.openmrs.Concept</classname>
      <dateChanged id="297">2011-01-26 09:54:51</dateChanged>
      <retired>false</retired>
    </org.openmrs.module.metadatasharing.Item>
    <org.openmrs.module.metadatasharing.Item id="298" uuid="ff31bb0c-cfe5-4b06-9cc8-e8b8ca677ec9">
      <id>6722</id>
      <classname>org.openmrs.ConceptName</classname>
      <dateChanged id="299">2011-01-26 09:54:51</dateChanged>
    </org.openmrs.module.metadatasharing.Item>
    <org.openmrs.module.metadatasharing.Item id="300" uuid="d15a20e0-ec36-4ecd-a922-5350ce7c5b1b">
      <id>6721</id>
      <classname>org.openmrs.ConceptName</classname>
      <dateChanged id="301">2011-01-26 09:54:51</dateChanged>
    </org.openmrs.module.metadatasharing.Item>
    <org.openmrs.module.metadatasharing.Item id="302" uuid="dae1d606-ec45-4b89-b821-78003e1c8c66">
      <id>6723</id>
      <classname>org.openmrs.ConceptName</classname>
      <dateChanged id="303">2011-01-26 09:54:51</dateChanged>
    </org.openmrs.module.metadatasharing.Item>
    <org.openmrs.module.metadatasharing.Item id="304" uuid="0f40d659-b88c-481d-85c3-a0a08cecd3e7">
      <id>1602</id>
      <classname>org.openmrs.ConceptMap</classname>
      <dateChanged id="305">2016-09-01 14:08:22</dateChanged>
    </org.openmrs.module.metadatasharing.Item>
    <org.openmrs.module.metadatasharing.Item id="306" uuid="fa92d27b-a190-46f5-961a-54fe61cc40ba">
      <id>2218</id>
      <classname>org.openmrs.ConceptReferenceTerm</classname>
      <dateChanged id="307">2016-09-01 14:08:21</dateChanged>
      <retired>false</retired>
    </org.openmrs.module.metadatasharing.Item>
    <org.openmrs.module.metadatasharing.Item id="308" uuid="77742a72-dfd9-48fe-8166-ae9238a248e2">
      <id>6469</id>
      <classname>org.openmrs.Concept</classname>
      <dateChanged id="309">2016-08-16 08:42:11</dateChanged>
      <retired>false</retired>
    </org.openmrs.module.metadatasharing.Item>
    <org.openmrs.module.metadatasharing.Item id="310" uuid="45578fda-52e7-4d75-bac3-87cbff6e894d">
      <id>7633</id>
      <classname>org.openmrs.ConceptName</classname>
      <dateChanged id="311">2016-08-04 17:49:46</dateChanged>
    </org.openmrs.module.metadatasharing.Item>
    <org.openmrs.module.metadatasharing.Item id="312" uuid="8db764d6-101d-4668-a9a8-c716dd5f4ee2">
      <id>7650</id>
      <classname>org.openmrs.ConceptName</classname>
      <dateChanged id="313">2016-08-16 08:23:09</dateChanged>
    </org.openmrs.module.metadatasharing.Item>
    <org.openmrs.module.metadatasharing.Item id="314" uuid="cca4cb9b-3e40-47bd-9cb5-872a3e59513b">
      <id>7639</id>
      <classname>org.openmrs.ConceptName</classname>
      <dateChanged id="315">2016-08-16 08:23:09</dateChanged>
    </org.openmrs.module.metadatasharing.Item>
    <org.openmrs.module.metadatasharing.Item id="316" uuid="a38c11c8-5e09-415a-8634-c07da0608ddb">
      <id>3682</id>
      <classname>org.openmrs.ConceptDescription</classname>
      <dateChanged id="317">2016-08-03 11:53:30</dateChanged>
    </org.openmrs.module.metadatasharing.Item>
    <org.openmrs.module.metadatasharing.Item id="318" uuid="81ab9f2a-2a80-4dab-9ea9-8872e716891c">
      <id>1018</id>
      <classname>org.openmrs.ConceptMap</classname>
      <dateChanged id="319">2016-08-16 08:42:11</dateChanged>
    </org.openmrs.module.metadatasharing.Item>
    <org.openmrs.module.metadatasharing.Item id="320" uuid="f2f5209e-c312-4c57-92f5-5042051e0cb3">
      <id>1634</id>
      <classname>org.openmrs.ConceptReferenceTerm</classname>
      <dateChanged id="321">2016-08-16 08:42:11</dateChanged>
      <retired>false</retired>
    </org.openmrs.module.metadatasharing.Item>
    <org.openmrs.module.metadatasharing.Item id="322" uuid="ea1851dc-151b-4c1e-b763-5df48082159d">
      <id>6257</id>
      <classname>org.openmrs.Concept</classname>
      <dateChanged id="323">2012-02-22 12:16:03</dateChanged>
      <retired>false</retired>
    </org.openmrs.module.metadatasharing.Item>
    <org.openmrs.module.metadatasharing.Item id="324" uuid="8cca0b97-9947-44b0-8729-439072d9abb5">
      <id>7140</id>
      <classname>org.openmrs.ConceptName</classname>
      <dateChanged id="325">2012-02-22 12:16:03</dateChanged>
    </org.openmrs.module.metadatasharing.Item>
    <org.openmrs.module.metadatasharing.Item id="326" uuid="7dbe7f90-5458-4717-b9d5-342d41976b94">
      <id>7139</id>
      <classname>org.openmrs.ConceptName</classname>
      <dateChanged id="327">2012-02-22 12:16:03</dateChanged>
    </org.openmrs.module.metadatasharing.Item>
    <org.openmrs.module.metadatasharing.Item id="328" uuid="03a5fbc5-aa3c-4320-af2d-17ad9f2b3219">
      <id>2768</id>
      <classname>org.openmrs.ConceptAnswer</classname>
      <dateChanged id="329">2012-02-22 12:16:03</dateChanged>
    </org.openmrs.module.metadatasharing.Item>
    <org.openmrs.module.metadatasharing.Item id="330" uuid="5d8616da-2783-4cd4-8d6e-cf52aa896bdd">
      <id>2767</id>
      <classname>org.openmrs.ConceptAnswer</classname>
      <dateChanged id="331">2012-02-22 12:16:03</dateChanged>
    </org.openmrs.module.metadatasharing.Item>
    <org.openmrs.module.metadatasharing.Item id="332" uuid="1895a806-6928-4f11-ab99-586917d93d36">
      <id>1603</id>
      <classname>org.openmrs.ConceptMap</classname>
      <dateChanged id="333">2016-09-01 14:08:22</dateChanged>
    </org.openmrs.module.metadatasharing.Item>
    <org.openmrs.module.metadatasharing.Item id="334" uuid="e6bf70cf-78eb-4dcd-b1c1-7dfdc633d9c4">
      <id>2219</id>
      <classname>org.openmrs.ConceptReferenceTerm</classname>
      <dateChanged id="335">2016-09-01 14:08:22</dateChanged>
      <retired>false</retired>
    </org.openmrs.module.metadatasharing.Item>
    <org.openmrs.module.metadatasharing.Item id="336" uuid="17b9f774-3a6d-4364-9ad7-c50d99df9ba0">
      <id>6474</id>
      <classname>org.openmrs.Concept</classname>
      <dateChanged id="337">2016-08-16 08:42:12</dateChanged>
      <retired>false</retired>
    </org.openmrs.module.metadatasharing.Item>
    <org.openmrs.module.metadatasharing.Item id="338" uuid="e35c43f9-08d9-4e15-8278-8b8622926886">
      <id>7644</id>
      <classname>org.openmrs.ConceptName</classname>
      <dateChanged id="339">2016-08-16 08:27:16</dateChanged>
    </org.openmrs.module.metadatasharing.Item>
    <org.openmrs.module.metadatasharing.Item id="340" uuid="52c6ff3c-efbb-4a41-a266-d3b992cd20cb">
      <id>7655</id>
      <classname>org.openmrs.ConceptName</classname>
      <dateChanged id="341">2016-08-16 08:30:42</dateChanged>
    </org.openmrs.module.metadatasharing.Item>
    <org.openmrs.module.metadatasharing.Item id="342" uuid="61f0e1d3-9542-4a6b-b7fd-65232c2e349e">
      <id>7653</id>
      <classname>org.openmrs.ConceptName</classname>
      <dateChanged id="343">2016-08-16 08:30:42</dateChanged>
    </org.openmrs.module.metadatasharing.Item>
    <org.openmrs.module.metadatasharing.Item id="344" uuid="6675391a-a94c-44c6-9316-000d8bb63ae8">
      <id>7638</id>
      <classname>org.openmrs.ConceptName</classname>
      <dateChanged id="345">2016-08-04 17:54:26</dateChanged>
    </org.openmrs.module.metadatasharing.Item>
    <org.openmrs.module.metadatasharing.Item id="346" uuid="05902ab6-a1f0-4d82-bbb2-87bcf1d21b56">
      <id>3687</id>
      <classname>org.openmrs.ConceptDescription</classname>
      <dateChanged id="347">2016-08-03 12:00:03</dateChanged>
    </org.openmrs.module.metadatasharing.Item>
    <org.openmrs.module.metadatasharing.Item id="348" uuid="99ad75d6-cdc0-4267-bcf1-c2d713f72ac2">
      <id>1020</id>
      <classname>org.openmrs.ConceptMap</classname>
      <dateChanged id="349">2016-08-16 08:42:11</dateChanged>
    </org.openmrs.module.metadatasharing.Item>
    <org.openmrs.module.metadatasharing.Item id="350" uuid="b5b92aa5-2200-4706-98c4-5d1d0fd5d63a">
      <id>1636</id>
      <classname>org.openmrs.ConceptReferenceTerm</classname>
      <dateChanged id="351">2016-08-16 08:42:11</dateChanged>
      <retired>false</retired>
    </org.openmrs.module.metadatasharing.Item>
    <org.openmrs.module.metadatasharing.Item id="352" uuid="56a0216c-cd4b-45d3-9f2b-258e6c021d32">
      <id>6126</id>
      <classname>org.openmrs.Concept</classname>
      <dateChanged id="353">2011-02-18 11:50:01</dateChanged>
      <retired>false</retired>
    </org.openmrs.module.metadatasharing.Item>
    <org.openmrs.module.metadatasharing.Item id="354" uuid="e7645bb9-f25e-4722-9b19-650c20ed9919">
      <id>6741</id>
      <classname>org.openmrs.ConceptName</classname>
      <dateChanged id="355">2011-02-18 11:50:01</dateChanged>
    </org.openmrs.module.metadatasharing.Item>
    <org.openmrs.module.metadatasharing.Item id="356" uuid="200fd378-962f-433e-8f08-8bcdb0718f47">
      <id>6742</id>
      <classname>org.openmrs.ConceptName</classname>
      <dateChanged id="357">2011-02-18 11:50:01</dateChanged>
    </org.openmrs.module.metadatasharing.Item>
    <org.openmrs.module.metadatasharing.Item id="358" uuid="e1ceb60f-9b7a-467b-8ce9-6d899884d6a7">
      <id>1604</id>
      <classname>org.openmrs.ConceptMap</classname>
      <dateChanged id="359">2016-09-01 14:08:23</dateChanged>
    </org.openmrs.module.metadatasharing.Item>
    <org.openmrs.module.metadatasharing.Item id="360" uuid="f1f9004f-0093-4951-836e-81dedda42a03">
      <id>2220</id>
      <classname>org.openmrs.ConceptReferenceTerm</classname>
      <dateChanged id="361">2016-09-01 14:08:22</dateChanged>
      <retired>false</retired>
    </org.openmrs.module.metadatasharing.Item>
  </relatedItems>
</package>
