<?xml version="1.0" encoding="UTF-8"?>
<list id="1">
  <org.openmrs.Field id="2" uuid="75600f3d-415b-4eb8-8de4-d7944b4b428f">
    <name>SIM</name>
    <description>Resposta generica de uma pergunta</description>
    <creator/>
    <dateCreated id="3">2016-07-29 10:25:35</dateCreated>
    <retired>false</retired>
    <fieldId>766</fieldId>
    <fieldType id="4" resolves-to="org.openmrs.FieldType" uuid="8d5e7d7c-c2cc-11de-8d13-0010c6dffd0f">
      <name>Concept</name>
      <description></description>
      <creator/>
      <dateCreated id="5">2005-02-22 09:43:00</dateCreated>
      <retired>false</retired>
      <fieldTypeId>1</fieldTypeId>
      <isSet>false</isSet>
    </fieldType>
    <concept id="6" resolves-to="org.openmrs.Concept" uuid="e1d81b62-1d5f-11e0-b929-000c29ad1d07">
      <conceptId>1065</conceptId>
      <retired>false</retired>
      <datatype id="7" resolves-to="org.openmrs.ConceptDatatype" uuid="8d4a4c94-c2cc-11de-8d13-0010c6dffd0f">
        <name>N/A</name>
        <description>Not associated with a datatype (e.g., term answers, sets)</description>
        <creator/>
        <dateCreated id="8">2004-02-01 21:00:00</dateCreated>
        <retired>false</retired>
        <conceptDatatypeId>4</conceptDatatypeId>
        <hl7Abbreviation>ZZ</hl7Abbreviation>
      </datatype>
      <conceptClass id="9" resolves-to="org.openmrs.ConceptClass" uuid="8d492774-c2cc-11de-8d13-0010c6dffd0f">
        <name>Misc</name>
        <description>Terms which don&apos;t fit other categories</description>
        <creator/>
        <dateCreated id="10">2004-03-01 21:00:00</dateCreated>
        <retired>false</retired>
        <conceptClassId>11</conceptClassId>
      </conceptClass>
      <set>false</set>
      <creator/>
      <dateCreated id="11">2005-01-05 21:00:00</dateCreated>
      <changedBy/>
      <dateChanged id="12">2016-08-16 08:42:12</dateChanged>
      <names class="set" id="13">
        <org.openmrs.ConceptName id="14" uuid="e23f5778-1d5f-11e0-b929-000c29ad1d07">
          <conceptNameId>1065</conceptNameId>
          <concept reference="6"/>
          <name>YES</name>
          <locale id="15">en</locale>
          <creator/>
          <dateCreated id="16">2005-01-05 21:00:00</dateCreated>
          <voided>false</voided>
          <tags class="set" id="17"/>
          <conceptNameType>FULLY_SPECIFIED</conceptNameType>
          <localePreferred>true</localePreferred>
        </org.openmrs.ConceptName>
        <org.openmrs.ConceptName id="18" uuid="e24cb738-1d5f-11e0-b929-000c29ad1d07">
          <conceptNameId>2842</conceptNameId>
          <concept reference="6"/>
          <name>SIM</name>
          <locale id="19">pt</locale>
          <creator/>
          <dateCreated id="20">2008-10-16 06:29:30</dateCreated>
          <voided>false</voided>
          <tags class="set" id="21"/>
          <conceptNameType>FULLY_SPECIFIED</conceptNameType>
          <localePreferred>true</localePreferred>
        </org.openmrs.ConceptName>
      </names>
      <answers class="set" id="22"/>
      <conceptSets class="set" id="23"/>
      <descriptions class="set" id="24">
        <org.openmrs.ConceptDescription id="25" uuid="e2210962-1d5f-11e0-b929-000c29ad1d07">
          <conceptDescriptionId>1059</conceptDescriptionId>
          <concept reference="6"/>
          <description>Generic answer to a question.</description>
          <locale id="26">en</locale>
          <creator/>
          <dateCreated id="27">2005-01-05 21:00:00</dateCreated>
        </org.openmrs.ConceptDescription>
        <org.openmrs.ConceptDescription id="28" uuid="e22c1b40-1d5f-11e0-b929-000c29ad1d07">
          <conceptDescriptionId>2484</conceptDescriptionId>
          <concept reference="6"/>
          <description>Resposta generica de uma pergunta</description>
          <locale id="29">pt</locale>
          <creator/>
          <dateCreated id="30">2008-10-16 06:29:30</dateCreated>
        </org.openmrs.ConceptDescription>
      </descriptions>
      <conceptMappings class="set" id="31">
        <org.openmrs.ConceptMap id="32" uuid="b8e11af6-435f-4af2-a47b-c2dc6e92eba1">
          <conceptMapType id="33" resolves-to="org.openmrs.ConceptMapType" uuid="35543629-7d8c-11e1-909d-c80aa9edcf4e">
            <name>SAME-AS</name>
            <creator/>
            <dateCreated id="34">2013-01-16 21:00:00</dateCreated>
            <retired>false</retired>
            <conceptMapTypeId>1</conceptMapTypeId>
            <isHidden>false</isHidden>
          </conceptMapType>
          <creator/>
          <dateCreated id="35">2016-08-16 08:42:12</dateCreated>
          <conceptMapId>1021</conceptMapId>
          <concept reference="6"/>
          <conceptReferenceTerm id="36" resolves-to="org.openmrs.ConceptReferenceTerm" uuid="c0183ecf-ce86-487e-9cc6-f9f8f6420049">
            <creator/>
            <dateCreated id="37">2016-08-16 08:42:12</dateCreated>
            <retired>false</retired>
            <conceptReferenceTermId>1637</conceptReferenceTermId>
            <conceptSource id="38" resolves-to="org.openmrs.ConceptSource" uuid="919246ff-6bfc-42fc-8213-69d2d1ce0db7">
              <name>OMRS FGH, Zambezia, Mozambique</name>
              <description>Fonte para programa da FGH na Zambézia, Mozambique. Criado por Eurico Jose</description>
              <creator/>
              <dateCreated id="39">2013-01-08 07:29:09</dateCreated>
              <retired>false</retired>
              <conceptSourceId>1</conceptSourceId>
              <hl7Code>OMRSFGHZBMZ</hl7Code>
            </conceptSource>
            <code>1065</code>
            <conceptReferenceTermMaps id="40"/>
          </conceptReferenceTerm>
        </org.openmrs.ConceptMap>
      </conceptMappings>
    </concept>
    <tableName></tableName>
    <attributeName></attributeName>
    <defaultValue></defaultValue>
    <selectMultiple>false</selectMultiple>
  </org.openmrs.Field>
  <org.openmrs.Field id="41" uuid="3a4aacc1-787c-4747-ae4b-7a327d532868">
    <name>RESULTADO DA INVESTIGACAO PARA TB DE BK E/OU RX</name>
    <description>Resultado da investigação para TB de BK</description>
    <creator/>
    <dateCreated id="42">2016-07-29 10:23:19</dateCreated>
    <retired>false</retired>
    <fieldId>765</fieldId>
    <fieldType reference="4"/>
    <concept id="43" resolves-to="org.openmrs.Concept" uuid="106c484c-a5a3-4c8b-9586-09b1f22c324d">
      <conceptId>6277</conceptId>
      <retired>false</retired>
      <datatype id="44" resolves-to="org.openmrs.ConceptDatatype" uuid="8d4a48b6-c2cc-11de-8d13-0010c6dffd0f">
        <name>Coded</name>
        <description>Value determined by term dictionary lookup (i.e., term identifier)</description>
        <creator/>
        <dateCreated id="45">2004-02-01 21:00:00</dateCreated>
        <retired>false</retired>
        <conceptDatatypeId>2</conceptDatatypeId>
        <hl7Abbreviation>CWE</hl7Abbreviation>
      </datatype>
      <conceptClass id="46" resolves-to="org.openmrs.ConceptClass" uuid="8d491e50-c2cc-11de-8d13-0010c6dffd0f">
        <name>Question</name>
        <description>Question (eg, patient history, SF36 items)</description>
        <creator/>
        <dateCreated id="47">2004-03-01 21:00:00</dateCreated>
        <retired>false</retired>
        <conceptClassId>7</conceptClassId>
      </conceptClass>
      <set>false</set>
      <creator/>
      <dateCreated id="48">2012-02-29 07:32:39</dateCreated>
      <changedBy/>
      <dateChanged id="49">2016-09-01 14:08:14</dateChanged>
      <names class="set" id="50">
        <org.openmrs.ConceptName id="51" uuid="aeaee897-e455-4b0e-998f-438460fba7de">
          <conceptNameId>7190</conceptNameId>
          <concept reference="43"/>
          <name>RESULT OF RESEARCH FOR TB OF BK and/or RX</name>
          <locale id="52">en</locale>
          <creator/>
          <dateCreated id="53">2012-02-29 07:32:39</dateCreated>
          <voided>false</voided>
          <tags class="set" id="54"/>
          <conceptNameType>FULLY_SPECIFIED</conceptNameType>
          <localePreferred>true</localePreferred>
        </org.openmrs.ConceptName>
        <org.openmrs.ConceptName id="55" uuid="091435cc-5bba-4d78-ab9a-e129a41415ed">
          <conceptNameId>7189</conceptNameId>
          <concept reference="43"/>
          <name>BK RESULT</name>
          <locale id="56">en</locale>
          <creator/>
          <dateCreated id="57">2012-02-29 07:32:39</dateCreated>
          <voided>false</voided>
          <tags class="set" id="58"/>
          <localePreferred>false</localePreferred>
        </org.openmrs.ConceptName>
        <org.openmrs.ConceptName id="59" uuid="62c795e3-daa3-4430-90d8-d4d7af73a248">
          <conceptNameId>7192</conceptNameId>
          <concept reference="43"/>
          <name>RESULTADO DA INVESTIGACAO PARA TB DE BK E/OU RX</name>
          <locale id="60">pt</locale>
          <creator/>
          <dateCreated id="61">2012-02-29 07:32:39</dateCreated>
          <voided>false</voided>
          <tags class="set" id="62"/>
          <conceptNameType>FULLY_SPECIFIED</conceptNameType>
          <localePreferred>true</localePreferred>
        </org.openmrs.ConceptName>
        <org.openmrs.ConceptName id="63" uuid="6a03bbee-be03-415b-9c08-5d58d573fef4">
          <conceptNameId>7191</conceptNameId>
          <concept reference="43"/>
          <name>RESULTADO DO BK</name>
          <locale id="64">pt</locale>
          <creator/>
          <dateCreated id="65">2012-02-29 07:32:39</dateCreated>
          <voided>false</voided>
          <tags class="set" id="66"/>
          <localePreferred>false</localePreferred>
        </org.openmrs.ConceptName>
      </names>
      <answers class="set" id="67">
        <org.openmrs.ConceptAnswer id="68" uuid="011fa8ff-a65d-45f5-8922-19b7e8a21f4c">
          <conceptAnswerId>2785</conceptAnswerId>
          <concept reference="43"/>
          <answerConcept id="69" resolves-to="org.openmrs.Concept" uuid="e1d446cc-1d5f-11e0-b929-000c29ad1d07">
            <conceptId>664</conceptId>
            <retired>false</retired>
            <datatype reference="7"/>
            <conceptClass reference="9"/>
            <set>false</set>
            <creator/>
            <dateCreated id="70">2003-12-31 21:00:00</dateCreated>
            <changedBy/>
            <dateChanged id="71">2016-09-01 14:08:17</dateChanged>
            <names class="set" id="72">
              <org.openmrs.ConceptName id="73" uuid="e2638e18-1d5f-11e0-b929-000c29ad1d07">
                <conceptNameId>6111</conceptNameId>
                <concept reference="69"/>
                <name>NEG</name>
                <locale id="74">en</locale>
                <creator/>
                <dateCreated id="75">2004-10-19 21:00:00</dateCreated>
                <voided>false</voided>
                <tags class="set" id="76"/>
                <localePreferred>false</localePreferred>
              </org.openmrs.ConceptName>
              <org.openmrs.ConceptName id="77" uuid="e25e2932-1d5f-11e0-b929-000c29ad1d07">
                <conceptNameId>5350</conceptNameId>
                <concept reference="69"/>
                <name>-</name>
                <locale id="78">en</locale>
                <creator/>
                <dateCreated id="79">2004-12-01 21:00:00</dateCreated>
                <voided>false</voided>
                <tags class="set" id="80"/>
                <localePreferred>false</localePreferred>
              </org.openmrs.ConceptName>
              <org.openmrs.ConceptName id="81" uuid="e25e275c-1d5f-11e0-b929-000c29ad1d07">
                <conceptNameId>5348</conceptNameId>
                <concept reference="69"/>
                <name>(-)</name>
                <locale id="82">en</locale>
                <creator/>
                <dateCreated id="83">2004-12-01 21:00:00</dateCreated>
                <voided>false</voided>
                <tags class="set" id="84"/>
                <localePreferred>false</localePreferred>
              </org.openmrs.ConceptName>
              <org.openmrs.ConceptName id="85" uuid="e23c6568-1d5f-11e0-b929-000c29ad1d07">
                <conceptNameId>664</conceptNameId>
                <concept reference="69"/>
                <name>NEGATIVE</name>
                <locale id="86">en</locale>
                <creator/>
                <dateCreated id="87">2003-12-31 21:00:00</dateCreated>
                <voided>false</voided>
                <tags class="set" id="88"/>
                <conceptNameType>FULLY_SPECIFIED</conceptNameType>
                <localePreferred>true</localePreferred>
              </org.openmrs.ConceptName>
              <org.openmrs.ConceptName id="89" uuid="e24cc764-1d5f-11e0-b929-000c29ad1d07">
                <conceptNameId>2860</conceptNameId>
                <concept reference="69"/>
                <name>NEGATIVO</name>
                <locale id="90">pt</locale>
                <creator/>
                <dateCreated id="91">2008-10-16 12:01:23</dateCreated>
                <voided>false</voided>
                <tags class="set" id="92"/>
                <conceptNameType>FULLY_SPECIFIED</conceptNameType>
                <localePreferred>true</localePreferred>
              </org.openmrs.ConceptName>
            </names>
            <answers class="set" id="93"/>
            <conceptSets class="set" id="94"/>
            <descriptions class="set" id="95">
              <org.openmrs.ConceptDescription id="96" uuid="e21d7cfc-1d5f-11e0-b929-000c29ad1d07">
                <conceptDescriptionId>663</conceptDescriptionId>
                <concept reference="69"/>
                <description>Response to a finding or test result.</description>
                <locale id="97">en</locale>
                <creator/>
                <dateCreated id="98">2003-12-31 21:00:00</dateCreated>
              </org.openmrs.ConceptDescription>
              <org.openmrs.ConceptDescription id="99" uuid="e22c2748-1d5f-11e0-b929-000c29ad1d07">
                <conceptDescriptionId>2492</conceptDescriptionId>
                <concept reference="69"/>
                <description>Resposta a uma conclusão ou resultado do teste.</description>
                <locale id="100">pt</locale>
                <creator/>
                <dateCreated id="101">2008-10-16 12:01:23</dateCreated>
              </org.openmrs.ConceptDescription>
            </descriptions>
            <conceptMappings class="set" id="102">
              <org.openmrs.ConceptMap id="103" uuid="1ebdccc6-1263-4e11-90f3-1b513f13fa5f">
                <conceptMapType reference="33"/>
                <creator/>
                <dateCreated id="104">2016-09-01 14:08:17</dateCreated>
                <conceptMapId>1595</conceptMapId>
                <concept reference="69"/>
                <conceptReferenceTerm id="105" uuid="b39a47c1-3b1f-4e23-be97-ba672fd3279f">
                  <creator/>
                  <dateCreated id="106">2016-09-01 14:08:17</dateCreated>
                  <retired>false</retired>
                  <conceptReferenceTermId>2211</conceptReferenceTermId>
                  <conceptSource reference="38"/>
                  <code>664</code>
                  <conceptReferenceTermMaps id="107"/>
                </conceptReferenceTerm>
              </org.openmrs.ConceptMap>
            </conceptMappings>
          </answerConcept>
          <creator/>
          <dateCreated id="108">2012-02-29 07:32:39</dateCreated>
          <sortWeight>2.0</sortWeight>
        </org.openmrs.ConceptAnswer>
        <org.openmrs.ConceptAnswer id="109" uuid="6c7de7d3-7f27-4156-b067-cf9b63175cf8">
          <conceptAnswerId>2786</conceptAnswerId>
          <concept reference="43"/>
          <answerConcept id="110" resolves-to="org.openmrs.Concept" uuid="e1d47386-1d5f-11e0-b929-000c29ad1d07">
            <conceptId>703</conceptId>
            <retired>false</retired>
            <datatype reference="7"/>
            <conceptClass reference="9"/>
            <set>false</set>
            <creator/>
            <dateCreated id="111">2003-12-31 21:00:00</dateCreated>
            <changedBy/>
            <dateChanged id="112">2016-09-01 14:08:17</dateChanged>
            <names class="set" id="113">
              <org.openmrs.ConceptName id="114" uuid="e25e284c-1d5f-11e0-b929-000c29ad1d07">
                <conceptNameId>5349</conceptNameId>
                <concept reference="110"/>
                <name>+</name>
                <locale id="115">en</locale>
                <creator/>
                <dateCreated id="116">2004-12-01 21:00:00</dateCreated>
                <voided>false</voided>
                <tags class="set" id="117"/>
                <localePreferred>false</localePreferred>
              </org.openmrs.ConceptName>
              <org.openmrs.ConceptName id="118" uuid="e23cc1f2-1d5f-11e0-b929-000c29ad1d07">
                <conceptNameId>703</conceptNameId>
                <concept reference="110"/>
                <name>POSITIVE</name>
                <locale id="119">en</locale>
                <creator/>
                <dateCreated id="120">2003-12-31 21:00:00</dateCreated>
                <voided>false</voided>
                <tags class="set" id="121"/>
                <conceptNameType>FULLY_SPECIFIED</conceptNameType>
                <localePreferred>true</localePreferred>
              </org.openmrs.ConceptName>
              <org.openmrs.ConceptName id="122" uuid="e24cc688-1d5f-11e0-b929-000c29ad1d07">
                <conceptNameId>2859</conceptNameId>
                <concept reference="110"/>
                <name>POSITIVO</name>
                <locale id="123">pt</locale>
                <creator/>
                <dateCreated id="124">2008-10-16 12:01:01</dateCreated>
                <voided>false</voided>
                <tags class="set" id="125"/>
                <conceptNameType>FULLY_SPECIFIED</conceptNameType>
                <localePreferred>true</localePreferred>
              </org.openmrs.ConceptName>
              <org.openmrs.ConceptName id="126" uuid="e25e266c-1d5f-11e0-b929-000c29ad1d07">
                <conceptNameId>5347</conceptNameId>
                <concept reference="110"/>
                <name>(+)</name>
                <locale id="127">en</locale>
                <creator/>
                <dateCreated id="128">2004-12-01 21:00:00</dateCreated>
                <voided>false</voided>
                <tags class="set" id="129"/>
                <localePreferred>false</localePreferred>
              </org.openmrs.ConceptName>
              <org.openmrs.ConceptName id="130" uuid="e2640186-1d5f-11e0-b929-000c29ad1d07">
                <conceptNameId>6219</conceptNameId>
                <concept reference="110"/>
                <name>POS</name>
                <locale id="131">en</locale>
                <creator/>
                <dateCreated id="132">2004-10-19 21:00:00</dateCreated>
                <voided>false</voided>
                <tags class="set" id="133"/>
                <localePreferred>false</localePreferred>
              </org.openmrs.ConceptName>
            </names>
            <answers class="set" id="134"/>
            <conceptSets class="set" id="135"/>
            <descriptions class="set" id="136">
              <org.openmrs.ConceptDescription id="137" uuid="e21de502-1d5f-11e0-b929-000c29ad1d07">
                <conceptDescriptionId>702</conceptDescriptionId>
                <concept reference="110"/>
                <description>General finding of a positive result.</description>
                <locale id="138">en</locale>
                <creator/>
                <dateCreated id="139">2003-12-31 21:00:00</dateCreated>
              </org.openmrs.ConceptDescription>
              <org.openmrs.ConceptDescription id="140" uuid="e22c2658-1d5f-11e0-b929-000c29ad1d07">
                <conceptDescriptionId>2491</conceptDescriptionId>
                <concept reference="110"/>
                <description>Geralmente achado de um resultado positivo.</description>
                <locale id="141">pt</locale>
                <creator/>
                <dateCreated id="142">2008-10-16 12:01:01</dateCreated>
              </org.openmrs.ConceptDescription>
            </descriptions>
            <conceptMappings class="set" id="143">
              <org.openmrs.ConceptMap id="144" uuid="815dfa30-3d33-4a4b-b501-5add6b6942a7">
                <conceptMapType reference="33"/>
                <creator/>
                <dateCreated id="145">2016-09-01 14:08:17</dateCreated>
                <conceptMapId>1594</conceptMapId>
                <concept reference="110"/>
                <conceptReferenceTerm id="146" uuid="b1abc8ec-d896-4c09-aa81-6e9983bb5b7b">
                  <creator/>
                  <dateCreated id="147">2016-09-01 14:08:16</dateCreated>
                  <retired>false</retired>
                  <conceptReferenceTermId>2210</conceptReferenceTermId>
                  <conceptSource reference="38"/>
                  <code>703</code>
                  <conceptReferenceTermMaps id="148"/>
                </conceptReferenceTerm>
              </org.openmrs.ConceptMap>
            </conceptMappings>
          </answerConcept>
          <creator/>
          <dateCreated id="149">2012-02-29 07:32:39</dateCreated>
          <sortWeight>1.0</sortWeight>
        </org.openmrs.ConceptAnswer>
      </answers>
      <conceptSets class="set" id="150"/>
      <descriptions class="set" id="151">
        <org.openmrs.ConceptDescription id="152" uuid="df428506-03db-447f-b98f-88897f534ac6">
          <conceptDescriptionId>3620</conceptDescriptionId>
          <concept reference="43"/>
          <description>RESULT OF RESEARCH FOR TB OF BK AND/OR RX</description>
          <locale id="153">en</locale>
          <creator/>
          <dateCreated id="154">2012-02-29 07:32:39</dateCreated>
        </org.openmrs.ConceptDescription>
        <org.openmrs.ConceptDescription id="155" uuid="a786eef6-e816-411a-906f-3b5a3a2cda79">
          <conceptDescriptionId>3619</conceptDescriptionId>
          <concept reference="43"/>
          <description>Resultado da investigação para TB de BK</description>
          <locale id="156">pt</locale>
          <creator/>
          <dateCreated id="157">2012-02-29 07:32:39</dateCreated>
        </org.openmrs.ConceptDescription>
      </descriptions>
      <conceptMappings class="set" id="158">
        <org.openmrs.ConceptMap id="159" uuid="4200b132-d7b0-4d38-9cc6-5fec7bb5d03e">
          <conceptMapType reference="33"/>
          <creator/>
          <dateCreated id="160">2016-09-01 14:08:14</dateCreated>
          <conceptMapId>1593</conceptMapId>
          <concept reference="43"/>
          <conceptReferenceTerm id="161" uuid="03355460-80a8-4dee-b402-a301a60dee28">
            <creator/>
            <dateCreated id="162">2016-09-01 14:08:13</dateCreated>
            <retired>false</retired>
            <conceptReferenceTermId>2209</conceptReferenceTermId>
            <conceptSource reference="38"/>
            <code>6277</code>
            <conceptReferenceTermMaps id="163"/>
          </conceptReferenceTerm>
        </org.openmrs.ConceptMap>
      </conceptMappings>
    </concept>
    <tableName></tableName>
    <attributeName></attributeName>
    <defaultValue></defaultValue>
    <selectMultiple>false</selectMultiple>
  </org.openmrs.Field>
  <org.openmrs.Field id="164" uuid="e282ff96-1d5f-11e0-b929-000c29ad1d07">
    <name>TUBERCULOSIS DRUG TREATMENT START DATE</name>
    <description>Encounter form question.  Date in which tuberculosis treatment was started.</description>
    <creator/>
    <dateCreated id="165">2008-11-05 14:08:58</dateCreated>
    <retired>false</retired>
    <fieldId>500</fieldId>
    <fieldType reference="4"/>
    <concept id="166" resolves-to="org.openmrs.Concept" uuid="e1d85906-1d5f-11e0-b929-000c29ad1d07">
      <conceptId>1113</conceptId>
      <retired>false</retired>
      <datatype id="167" resolves-to="org.openmrs.ConceptDatatype" uuid="8d4a505e-c2cc-11de-8d13-0010c6dffd0f">
        <name>Date</name>
        <description>Absolute date</description>
        <creator/>
        <dateCreated id="168">2004-07-21 21:00:00</dateCreated>
        <retired>false</retired>
        <conceptDatatypeId>6</conceptDatatypeId>
        <hl7Abbreviation>DT</hl7Abbreviation>
      </datatype>
      <conceptClass reference="46"/>
      <set>false</set>
      <creator/>
      <dateCreated id="169">2005-01-11 21:00:00</dateCreated>
      <changedBy/>
      <dateChanged id="170">2016-09-01 14:08:18</dateChanged>
      <names class="set" id="171">
        <org.openmrs.ConceptName id="172" uuid="e23f889c-1d5f-11e0-b929-000c29ad1d07">
          <conceptNameId>1113</conceptNameId>
          <concept reference="166"/>
          <name>TUBERCULOSIS DRUG TREATMENT START DATE</name>
          <locale id="173">en</locale>
          <creator/>
          <dateCreated id="174">2005-01-11 21:00:00</dateCreated>
          <voided>false</voided>
          <tags class="set" id="175"/>
          <conceptNameType>FULLY_SPECIFIED</conceptNameType>
          <localePreferred>true</localePreferred>
        </org.openmrs.ConceptName>
        <org.openmrs.ConceptName id="176" uuid="e265f130-1d5f-11e0-b929-000c29ad1d07">
          <conceptNameId>6435</conceptNameId>
          <concept reference="166"/>
          <name>TB DRUG START DATE</name>
          <locale id="177">en</locale>
          <creator/>
          <dateCreated id="178">2005-02-06 21:00:00</dateCreated>
          <voided>false</voided>
          <tags class="set" id="179"/>
          <localePreferred>false</localePreferred>
        </org.openmrs.ConceptName>
        <org.openmrs.ConceptName id="180" uuid="e266317c-1d5f-11e0-b929-000c29ad1d07">
          <conceptNameId>6495</conceptNameId>
          <concept reference="166"/>
          <name>TRATAMENTO DE TB</name>
          <locale id="181">pt</locale>
          <creator/>
          <dateCreated id="182">2009-08-24 11:34:29</dateCreated>
          <voided>false</voided>
          <tags class="set" id="183"/>
          <localePreferred>false</localePreferred>
        </org.openmrs.ConceptName>
        <org.openmrs.ConceptName id="184" uuid="e26072b4-1d5f-11e0-b929-000c29ad1d07">
          <conceptNameId>5665</conceptNameId>
          <concept reference="166"/>
          <name>DATA DE INICIO</name>
          <locale id="185">pt</locale>
          <creator/>
          <dateCreated id="186">2009-08-24 11:34:29</dateCreated>
          <voided>false</voided>
          <tags class="set" id="187"/>
          <localePreferred>false</localePreferred>
        </org.openmrs.ConceptName>
        <org.openmrs.ConceptName id="188" uuid="e24fc93c-1d5f-11e0-b929-000c29ad1d07">
          <conceptNameId>3295</conceptNameId>
          <concept reference="166"/>
          <name>DATA DE INICIO DO TRATAMENTO TB</name>
          <locale id="189">pt</locale>
          <creator/>
          <dateCreated id="190">2008-11-05 07:15:59</dateCreated>
          <voided>false</voided>
          <tags class="set" id="191"/>
          <conceptNameType>FULLY_SPECIFIED</conceptNameType>
          <localePreferred>true</localePreferred>
        </org.openmrs.ConceptName>
      </names>
      <answers class="set" id="192"/>
      <conceptSets class="set" id="193"/>
      <descriptions class="set" id="194">
        <org.openmrs.ConceptDescription id="195" uuid="e2213e5a-1d5f-11e0-b929-000c29ad1d07">
          <conceptDescriptionId>1107</conceptDescriptionId>
          <concept reference="166"/>
          <description>Encounter form question.  Date in which tuberculosis treatment was started.</description>
          <locale id="196">en</locale>
          <creator/>
          <dateCreated id="197">2005-01-11 21:00:00</dateCreated>
        </org.openmrs.ConceptDescription>
        <org.openmrs.ConceptDescription id="198" uuid="e22d8868-1d5f-11e0-b929-000c29ad1d07">
          <conceptDescriptionId>2631</conceptDescriptionId>
          <concept reference="166"/>
          <description>pergunta a um formulario de consulta. Data na qual iniciou o tratamento da tuberculose</description>
          <locale id="199">pt</locale>
          <creator/>
          <dateCreated id="200">2008-11-05 07:15:59</dateCreated>
        </org.openmrs.ConceptDescription>
      </descriptions>
      <conceptMappings class="set" id="201">
        <org.openmrs.ConceptMap id="202" uuid="b771add5-ba5a-4d7e-861e-dca1afdaf137">
          <conceptMapType reference="33"/>
          <creator/>
          <dateCreated id="203">2016-09-01 14:08:18</dateCreated>
          <conceptMapId>1596</conceptMapId>
          <concept reference="166"/>
          <conceptReferenceTerm id="204" uuid="7bce9d57-15b7-4252-b3e3-002530291d17">
            <creator/>
            <dateCreated id="205">2016-09-01 14:08:17</dateCreated>
            <retired>false</retired>
            <conceptReferenceTermId>2212</conceptReferenceTermId>
            <conceptSource reference="38"/>
            <code>1113</code>
            <conceptReferenceTermMaps id="206"/>
          </conceptReferenceTerm>
        </org.openmrs.ConceptMap>
      </conceptMappings>
    </concept>
    <tableName></tableName>
    <attributeName></attributeName>
    <defaultValue></defaultValue>
    <selectMultiple>false</selectMultiple>
  </org.openmrs.Field>
  <org.openmrs.Field id="207" uuid="0ac9d07a-722e-438e-94d0-dcb0ddad74d5">
    <name>DATA DE INICIO DA PROFILAXIA DA MENINGITE CRIPTOCÓCICA</name>
    <description>DATA DE INICIO DA PROFILAXIA DA MENINGITE CRIPTOCÓCICA</description>
    <creator/>
    <dateCreated id="208">2016-08-03 12:11:13</dateCreated>
    <retired>false</retired>
    <fieldId>779</fieldId>
    <fieldType reference="4"/>
    <concept id="209" resolves-to="org.openmrs.Concept" uuid="2cc653da-ddb4-435c-891a-51428c19e777">
      <conceptId>6467</conceptId>
      <retired>false</retired>
      <datatype reference="167"/>
      <conceptClass reference="46"/>
      <set>false</set>
      <creator/>
      <dateCreated id="210">2016-08-03 11:39:01</dateCreated>
      <changedBy/>
      <dateChanged id="211">2016-08-16 08:42:11</dateChanged>
      <names class="set" id="212">
        <org.openmrs.ConceptName id="213" uuid="58096d0a-74cf-4e01-9f4f-334113e21fe4">
          <conceptNameId>7630</conceptNameId>
          <concept reference="209"/>
          <name>DATA DE INICIO DA PROFILAXIA DA MENINGITE CRIPTOCÓCICA</name>
          <locale id="214">pt</locale>
          <creator/>
          <dateCreated id="215">2016-08-03 11:39:01</dateCreated>
          <voided>false</voided>
          <tags class="set" id="216"/>
          <conceptNameType>FULLY_SPECIFIED</conceptNameType>
          <localePreferred>true</localePreferred>
        </org.openmrs.ConceptName>
        <org.openmrs.ConceptName id="217" uuid="c88202bf-bd50-44c8-92aa-a46d00ec3615">
          <conceptNameId>7631</conceptNameId>
          <concept reference="209"/>
          <name>DATA DE INICIO DA PROFILAXIA DA MENINGITE CRIPTOCÓCICA</name>
          <locale id="218">en</locale>
          <creator/>
          <dateCreated id="219">2016-08-03 11:39:01</dateCreated>
          <voided>false</voided>
          <tags class="set" id="220"/>
          <conceptNameType>FULLY_SPECIFIED</conceptNameType>
          <localePreferred>true</localePreferred>
        </org.openmrs.ConceptName>
      </names>
      <answers class="set" id="221"/>
      <conceptSets class="set" id="222"/>
      <descriptions class="set" id="223">
        <org.openmrs.ConceptDescription id="224" uuid="a33406d3-2861-4a16-aa1b-b35b8f087132">
          <conceptDescriptionId>3680</conceptDescriptionId>
          <concept reference="209"/>
          <description>DATA DE INICIO DA PROFILAXIA DA MENINGITE CRIPTOCÓCICA</description>
          <locale id="225">pt</locale>
          <creator/>
          <dateCreated id="226">2016-08-03 11:39:01</dateCreated>
        </org.openmrs.ConceptDescription>
      </descriptions>
      <conceptMappings class="set" id="227">
        <org.openmrs.ConceptMap id="228" uuid="e19a2ffb-941e-4920-98b1-050a2981f961">
          <conceptMapType reference="33"/>
          <creator/>
          <dateCreated id="229">2016-08-16 08:42:11</dateCreated>
          <conceptMapId>1017</conceptMapId>
          <concept reference="209"/>
          <conceptReferenceTerm id="230" resolves-to="org.openmrs.ConceptReferenceTerm" uuid="4f8e2ada-c2b0-46c8-b93c-883fc36f32bb">
            <creator/>
            <dateCreated id="231">2016-08-16 08:42:11</dateCreated>
            <retired>false</retired>
            <conceptReferenceTermId>1633</conceptReferenceTermId>
            <conceptSource reference="38"/>
            <code>6467</code>
            <conceptReferenceTermMaps id="232"/>
          </conceptReferenceTerm>
        </org.openmrs.ConceptMap>
      </conceptMappings>
    </concept>
    <tableName></tableName>
    <attributeName></attributeName>
    <defaultValue></defaultValue>
    <selectMultiple>false</selectMultiple>
  </org.openmrs.Field>
  <org.openmrs.Field id="233" uuid="52a4d4ed-a27c-497c-928d-293bfcf78c03">
    <name>ABDOMEN EXAMS</name>
    <description>Receive the symptoms and complaints of the patient on the abdomen</description>
    <creator/>
    <dateCreated id="234">2016-08-03 12:08:29</dateCreated>
    <retired>false</retired>
    <fieldId>775</fieldId>
    <fieldType reference="4"/>
    <concept id="235" resolves-to="org.openmrs.Concept" uuid="659a4de5-10ea-4997-974c-e5ddeafa9ec6">
      <conceptId>6472</conceptId>
      <retired>false</retired>
      <datatype id="236" resolves-to="org.openmrs.ConceptDatatype" uuid="8d4a4ab4-c2cc-11de-8d13-0010c6dffd0f">
        <name>Text</name>
        <description>Free text</description>
        <creator/>
        <dateCreated id="237">2004-02-01 21:00:00</dateCreated>
        <retired>false</retired>
        <conceptDatatypeId>3</conceptDatatypeId>
        <hl7Abbreviation>ST</hl7Abbreviation>
      </datatype>
      <conceptClass reference="46"/>
      <set>false</set>
      <creator/>
      <dateCreated id="238">2016-08-03 11:57:54</dateCreated>
      <changedBy/>
      <dateChanged id="239">2016-08-16 08:42:11</dateChanged>
      <names class="set" id="240">
        <org.openmrs.ConceptName id="241" uuid="b60015ef-e743-468e-bea4-5c86dc65c291">
          <conceptNameId>7654</conceptNameId>
          <concept reference="235"/>
          <name>ABDOMEN EXAMS</name>
          <locale id="242">en</locale>
          <creator/>
          <dateCreated id="243">2016-08-16 08:28:49</dateCreated>
          <voided>false</voided>
          <tags class="set" id="244"/>
          <conceptNameType>FULLY_SPECIFIED</conceptNameType>
          <localePreferred>true</localePreferred>
        </org.openmrs.ConceptName>
        <org.openmrs.ConceptName id="245" uuid="5488cde0-0fae-4801-8e05-dea337d1598b">
          <conceptNameId>7642</conceptNameId>
          <concept reference="235"/>
          <name>ABDOMEN SYMPTOMS</name>
          <locale id="246">en</locale>
          <creator/>
          <dateCreated id="247">2016-08-04 17:52:40</dateCreated>
          <voided>true</voided>
          <voidedBy/>
          <dateVoided id="248">2016-08-16 08:25:34</dateVoided>
          <voidReason>Anulada devido ŕ mudança de nome</voidReason>
          <tags class="set" id="249"/>
          <localePreferred>false</localePreferred>
        </org.openmrs.ConceptName>
        <org.openmrs.ConceptName id="250" uuid="4c7ed25e-efc3-4c55-8f8d-a0f8cdef02a6">
          <conceptNameId>7652</conceptNameId>
          <concept reference="235"/>
          <name>CHEST_EXAMS</name>
          <locale id="251">en</locale>
          <creator/>
          <dateCreated id="252">2016-08-16 08:25:34</dateCreated>
          <voided>true</voided>
          <voidedBy/>
          <dateVoided id="253">2016-08-16 08:28:49</dateVoided>
          <voidReason>Anulada devido ŕ mudança de nome</voidReason>
          <tags class="set" id="254"/>
          <localePreferred>false</localePreferred>
        </org.openmrs.ConceptName>
        <org.openmrs.ConceptName id="255" uuid="72b66c67-3789-4e47-a75e-87276755abf8">
          <conceptNameId>7636</conceptNameId>
          <concept reference="235"/>
          <name>ABDOMEN SYMTOMS</name>
          <locale id="256">en</locale>
          <creator/>
          <dateCreated id="257">2016-08-03 11:57:54</dateCreated>
          <voided>true</voided>
          <voidedBy/>
          <dateVoided id="258">2016-08-04 17:52:40</dateVoided>
          <voidReason>Anulada devido ŕ mudança de nome</voidReason>
          <tags class="set" id="259"/>
          <localePreferred>false</localePreferred>
        </org.openmrs.ConceptName>
      </names>
      <answers class="set" id="260"/>
      <conceptSets class="set" id="261"/>
      <descriptions class="set" id="262">
        <org.openmrs.ConceptDescription id="263" uuid="ad2b2c64-ae52-4812-83f1-35b56043b2c9">
          <conceptDescriptionId>3685</conceptDescriptionId>
          <concept reference="235"/>
          <description>Receive the symptoms and complaints of the patient on the abdomen</description>
          <locale id="264">en</locale>
          <creator/>
          <dateCreated id="265">2016-08-03 11:57:54</dateCreated>
        </org.openmrs.ConceptDescription>
      </descriptions>
      <conceptMappings class="set" id="266">
        <org.openmrs.ConceptMap id="267" uuid="885525df-dc0e-422d-ba95-894a00e3428c">
          <conceptMapType reference="33"/>
          <creator/>
          <dateCreated id="268">2016-08-16 08:42:11</dateCreated>
          <conceptMapId>1016</conceptMapId>
          <concept reference="235"/>
          <conceptReferenceTerm id="269" resolves-to="org.openmrs.ConceptReferenceTerm" uuid="b24e4f02-fd6f-4d81-bd0f-f1db318cb354">
            <creator/>
            <dateCreated id="270">2016-08-16 08:42:11</dateCreated>
            <retired>false</retired>
            <conceptReferenceTermId>1632</conceptReferenceTermId>
            <conceptSource reference="38"/>
            <code>6472</code>
            <conceptReferenceTermMaps id="271"/>
          </conceptReferenceTerm>
        </org.openmrs.ConceptMap>
      </conceptMappings>
    </concept>
    <tableName></tableName>
    <attributeName></attributeName>
    <defaultValue></defaultValue>
    <selectMultiple>false</selectMultiple>
  </org.openmrs.Field>
  <org.openmrs.Field id="272" uuid="70e08e0b-1be5-4037-9e0d-cc01e29fed28">
    <name>PROFILAXIA DA MENINGITE CRIPTOCÓCICA</name>
    <description>USO DE PROFILAXIA DA MENINGITE CRIPTOCÓCICA</description>
    <creator/>
    <dateCreated id="273">2016-08-03 12:10:53</dateCreated>
    <retired>false</retired>
    <fieldId>778</fieldId>
    <fieldType reference="4"/>
    <concept id="274" resolves-to="org.openmrs.Concept" uuid="e27a4b5f-7602-420e-9d7c-6eedd8becfdf">
      <conceptId>6466</conceptId>
      <retired>false</retired>
      <datatype reference="44"/>
      <conceptClass reference="46"/>
      <set>false</set>
      <creator/>
      <dateCreated id="275">2016-08-03 11:36:13</dateCreated>
      <changedBy/>
      <dateChanged id="276">2016-08-16 08:42:11</dateChanged>
      <names class="set" id="277">
        <org.openmrs.ConceptName id="278" uuid="87729fb5-d31a-45fd-ad24-1e8e7ee98c37">
          <conceptNameId>7629</conceptNameId>
          <concept reference="274"/>
          <name>PROFILAXIA DA MENINGITE CRIPTOCÓCICA</name>
          <locale id="279">pt</locale>
          <creator/>
          <dateCreated id="280">2016-08-03 11:36:13</dateCreated>
          <voided>false</voided>
          <tags class="set" id="281"/>
          <conceptNameType>FULLY_SPECIFIED</conceptNameType>
          <localePreferred>true</localePreferred>
        </org.openmrs.ConceptName>
      </names>
      <answers class="set" id="282">
        <org.openmrs.ConceptAnswer id="283" uuid="bc9dcb94-0c01-4fc7-8485-c872d5811e89">
          <conceptAnswerId>2929</conceptAnswerId>
          <concept reference="274"/>
          <answerConcept reference="6"/>
          <creator/>
          <dateCreated id="284">2016-08-03 11:36:13</dateCreated>
          <sortWeight>1.0</sortWeight>
        </org.openmrs.ConceptAnswer>
        <org.openmrs.ConceptAnswer id="285" uuid="01cbd446-fb1e-48c4-9a06-27171db46508">
          <conceptAnswerId>2930</conceptAnswerId>
          <concept reference="274"/>
          <answerConcept id="286" resolves-to="org.openmrs.Concept" uuid="e1d81c70-1d5f-11e0-b929-000c29ad1d07">
            <conceptId>1066</conceptId>
            <retired>false</retired>
            <datatype reference="7"/>
            <conceptClass reference="9"/>
            <set>false</set>
            <creator/>
            <dateCreated id="287">2005-01-05 21:00:00</dateCreated>
            <changedBy/>
            <dateChanged id="288">2016-08-16 08:42:12</dateChanged>
            <names class="set" id="289">
              <org.openmrs.ConceptName id="290" uuid="e24cb828-1d5f-11e0-b929-000c29ad1d07">
                <conceptNameId>2843</conceptNameId>
                <concept reference="286"/>
                <name>NAO</name>
                <locale id="291">pt</locale>
                <creator/>
                <dateCreated id="292">2008-10-16 06:31:04</dateCreated>
                <voided>false</voided>
                <tags class="set" id="293"/>
                <conceptNameType>FULLY_SPECIFIED</conceptNameType>
                <localePreferred>true</localePreferred>
              </org.openmrs.ConceptName>
              <org.openmrs.ConceptName id="294" uuid="e23f585e-1d5f-11e0-b929-000c29ad1d07">
                <conceptNameId>1066</conceptNameId>
                <concept reference="286"/>
                <name>NO</name>
                <locale id="295">en</locale>
                <creator/>
                <dateCreated id="296">2005-01-05 21:00:00</dateCreated>
                <voided>false</voided>
                <tags class="set" id="297"/>
                <conceptNameType>FULLY_SPECIFIED</conceptNameType>
                <localePreferred>true</localePreferred>
              </org.openmrs.ConceptName>
            </names>
            <answers class="set" id="298"/>
            <conceptSets class="set" id="299"/>
            <descriptions class="set" id="300">
              <org.openmrs.ConceptDescription id="301" uuid="e2210a48-1d5f-11e0-b929-000c29ad1d07">
                <conceptDescriptionId>1060</conceptDescriptionId>
                <concept reference="286"/>
                <description>Generic answer to a question.</description>
                <locale id="302">en</locale>
                <creator/>
                <dateCreated id="303">2005-01-05 21:00:00</dateCreated>
              </org.openmrs.ConceptDescription>
              <org.openmrs.ConceptDescription id="304" uuid="e22c1c26-1d5f-11e0-b929-000c29ad1d07">
                <conceptDescriptionId>2485</conceptDescriptionId>
                <concept reference="286"/>
                <description>Resposta generica de uma pergunta</description>
                <locale id="305">pt</locale>
                <creator/>
                <dateCreated id="306">2008-10-16 06:31:04</dateCreated>
              </org.openmrs.ConceptDescription>
            </descriptions>
            <conceptMappings class="set" id="307">
              <org.openmrs.ConceptMap id="308" uuid="962d447f-a4a8-45ad-b01e-4925f7ed73b4">
                <conceptMapType reference="33"/>
                <creator/>
                <dateCreated id="309">2016-08-16 08:42:12</dateCreated>
                <conceptMapId>1022</conceptMapId>
                <concept reference="286"/>
                <conceptReferenceTerm id="310" resolves-to="org.openmrs.ConceptReferenceTerm" uuid="6420e3c1-9a5d-423e-8118-c2dceb6c7f3e">
                  <creator/>
                  <dateCreated id="311">2016-08-16 08:42:12</dateCreated>
                  <retired>false</retired>
                  <conceptReferenceTermId>1638</conceptReferenceTermId>
                  <conceptSource reference="38"/>
                  <code>1066</code>
                  <conceptReferenceTermMaps id="312"/>
                </conceptReferenceTerm>
              </org.openmrs.ConceptMap>
            </conceptMappings>
          </answerConcept>
          <creator/>
          <dateCreated id="313">2016-08-03 11:36:13</dateCreated>
          <sortWeight>2.0</sortWeight>
        </org.openmrs.ConceptAnswer>
      </answers>
      <conceptSets class="set" id="314"/>
      <descriptions class="set" id="315">
        <org.openmrs.ConceptDescription id="316" uuid="8d129560-bd6f-44b5-9df4-ee8afb1b77fd">
          <conceptDescriptionId>3679</conceptDescriptionId>
          <concept reference="274"/>
          <description>USO DE PROFILAXIA DA MENINGITE CRIPTOCÓCICA</description>
          <locale id="317">pt</locale>
          <creator/>
          <dateCreated id="318">2016-08-03 11:36:13</dateCreated>
        </org.openmrs.ConceptDescription>
      </descriptions>
      <conceptMappings class="set" id="319">
        <org.openmrs.ConceptMap id="320" uuid="0b700abd-51ed-4525-99a5-72c82fcdff0e">
          <conceptMapType reference="33"/>
          <creator/>
          <dateCreated id="321">2016-08-16 08:42:11</dateCreated>
          <conceptMapId>1015</conceptMapId>
          <concept reference="274"/>
          <conceptReferenceTerm id="322" resolves-to="org.openmrs.ConceptReferenceTerm" uuid="bcd47200-12f4-417d-a994-76fa79342fbe">
            <creator/>
            <dateCreated id="323">2016-08-16 08:42:11</dateCreated>
            <retired>false</retired>
            <conceptReferenceTermId>1631</conceptReferenceTermId>
            <conceptSource reference="38"/>
            <code>6466</code>
            <conceptReferenceTermMaps id="324"/>
          </conceptReferenceTerm>
        </org.openmrs.ConceptMap>
      </conceptMappings>
    </concept>
    <tableName></tableName>
    <attributeName></attributeName>
    <defaultValue></defaultValue>
    <selectMultiple>false</selectMultiple>
  </org.openmrs.Field>
  <org.openmrs.Field id="325" uuid="884dd31f-f439-4a9d-8263-2c3731794c75">
    <name>RASTREIO DE ITS</name>
    <description>Escreva se o paciente tem sintomas ou sinais sugestivas de ITS</description>
    <creator/>
    <dateCreated id="326">2016-07-29 10:20:31</dateCreated>
    <changedBy/>
    <dateChanged id="327">2016-08-02 08:15:28</dateChanged>
    <retired>false</retired>
    <fieldId>763</fieldId>
    <fieldType reference="4"/>
    <concept id="328" resolves-to="org.openmrs.Concept" uuid="794ef662-03bc-4e22-90ff-38742b82827a">
      <conceptId>6258</conceptId>
      <retired>false</retired>
      <datatype reference="44"/>
      <conceptClass reference="46"/>
      <set>false</set>
      <creator/>
      <dateCreated id="329">2012-02-22 12:26:24</dateCreated>
      <changedBy/>
      <dateChanged id="330">2016-09-01 14:08:20</dateChanged>
      <names class="set" id="331">
        <org.openmrs.ConceptName id="332" uuid="ed375508-af45-44c4-9f65-6d15065f03eb">
          <conceptNameId>7142</conceptNameId>
          <concept reference="328"/>
          <name>SCREENING FOR STI</name>
          <locale id="333">en</locale>
          <creator/>
          <dateCreated id="334">2012-02-22 12:26:24</dateCreated>
          <voided>false</voided>
          <tags class="set" id="335"/>
          <conceptNameType>FULLY_SPECIFIED</conceptNameType>
          <localePreferred>true</localePreferred>
        </org.openmrs.ConceptName>
        <org.openmrs.ConceptName id="336" uuid="deadb087-6151-4358-ab27-e1356acae339">
          <conceptNameId>7141</conceptNameId>
          <concept reference="328"/>
          <name>RASTREIO DE ITS</name>
          <locale id="337">pt</locale>
          <creator/>
          <dateCreated id="338">2012-02-22 12:26:24</dateCreated>
          <voided>false</voided>
          <tags class="set" id="339"/>
          <conceptNameType>FULLY_SPECIFIED</conceptNameType>
          <localePreferred>true</localePreferred>
        </org.openmrs.ConceptName>
      </names>
      <answers class="set" id="340">
        <org.openmrs.ConceptAnswer id="341" uuid="988544be-ae09-4a28-a52d-0875264022c4">
          <conceptAnswerId>2770</conceptAnswerId>
          <concept reference="328"/>
          <answerConcept reference="286"/>
          <creator/>
          <dateCreated id="342">2012-02-22 12:34:07</dateCreated>
          <sortWeight>2.0</sortWeight>
        </org.openmrs.ConceptAnswer>
        <org.openmrs.ConceptAnswer id="343" uuid="a914893c-5308-48f8-adce-02289efcdccf">
          <conceptAnswerId>2769</conceptAnswerId>
          <concept reference="328"/>
          <answerConcept reference="6"/>
          <creator/>
          <dateCreated id="344">2012-02-22 12:34:07</dateCreated>
          <sortWeight>1.0</sortWeight>
        </org.openmrs.ConceptAnswer>
      </answers>
      <conceptSets class="set" id="345"/>
      <descriptions class="set" id="346"/>
      <conceptMappings class="set" id="347">
        <org.openmrs.ConceptMap id="348" uuid="7fc962af-95b9-4a4b-aaee-cae4fe60f8c8">
          <conceptMapType reference="33"/>
          <creator/>
          <dateCreated id="349">2016-09-01 14:08:20</dateCreated>
          <conceptMapId>1597</conceptMapId>
          <concept reference="328"/>
          <conceptReferenceTerm id="350" uuid="2394207b-5858-4c56-bb88-7031a9a1d51b">
            <creator/>
            <dateCreated id="351">2016-09-01 14:08:20</dateCreated>
            <retired>false</retired>
            <conceptReferenceTermId>2213</conceptReferenceTermId>
            <conceptSource reference="38"/>
            <code>6258</code>
            <conceptReferenceTermMaps id="352"/>
          </conceptReferenceTerm>
        </org.openmrs.ConceptMap>
      </conceptMappings>
    </concept>
    <tableName></tableName>
    <attributeName></attributeName>
    <defaultValue>NO</defaultValue>
    <selectMultiple>false</selectMultiple>
  </org.openmrs.Field>
  <org.openmrs.Field id="353" uuid="a0664fcd-985b-4150-aeb4-2d63079ab92c">
    <name>DATA DE FIM DA PROFILAXIA COM COTRIMOXAZOL</name>
    <description></description>
    <creator/>
    <dateCreated id="354">2016-07-29 10:27:26</dateCreated>
    <retired>false</retired>
    <fieldId>769</fieldId>
    <fieldType reference="4"/>
    <concept id="355" resolves-to="org.openmrs.Concept" uuid="5efca22f-51ea-459a-8106-0dc335d748ab">
      <conceptId>6127</conceptId>
      <retired>false</retired>
      <datatype reference="167"/>
      <conceptClass reference="46"/>
      <set>false</set>
      <creator/>
      <dateCreated id="356">2011-02-18 11:51:19</dateCreated>
      <changedBy/>
      <dateChanged id="357">2016-09-01 14:08:20</dateChanged>
      <names class="set" id="358">
        <org.openmrs.ConceptName id="359" uuid="098c23ae-22ef-4e12-8259-3ed9a84555ab">
          <conceptNameId>6744</conceptNameId>
          <concept reference="355"/>
          <name>DATA DE FIM DA PROFILAXIA COM COTRIMOXAZOL</name>
          <locale id="360">pt</locale>
          <creator/>
          <dateCreated id="361">2011-02-18 11:51:19</dateCreated>
          <voided>false</voided>
          <tags class="set" id="362"/>
          <conceptNameType>FULLY_SPECIFIED</conceptNameType>
          <localePreferred>true</localePreferred>
        </org.openmrs.ConceptName>
        <org.openmrs.ConceptName id="363" uuid="45269a00-4bd3-4505-b3ae-9658a54cd2d8">
          <conceptNameId>6743</conceptNameId>
          <concept reference="355"/>
          <name>COTRIMOXAZOLE PROPHYLAXIS END DATE</name>
          <locale id="364">en</locale>
          <creator/>
          <dateCreated id="365">2011-02-18 11:51:19</dateCreated>
          <voided>false</voided>
          <tags class="set" id="366"/>
          <conceptNameType>FULLY_SPECIFIED</conceptNameType>
          <localePreferred>true</localePreferred>
        </org.openmrs.ConceptName>
      </names>
      <answers class="set" id="367"/>
      <conceptSets class="set" id="368"/>
      <descriptions class="set" id="369"/>
      <conceptMappings class="set" id="370">
        <org.openmrs.ConceptMap id="371" uuid="f6047b62-496a-4044-a1eb-df560f8f60b2">
          <conceptMapType reference="33"/>
          <creator/>
          <dateCreated id="372">2016-09-01 14:08:20</dateCreated>
          <conceptMapId>1598</conceptMapId>
          <concept reference="355"/>
          <conceptReferenceTerm id="373" uuid="7df8a199-ed55-4ecc-8a5f-aadb35375f18">
            <creator/>
            <dateCreated id="374">2016-09-01 14:08:20</dateCreated>
            <retired>false</retired>
            <conceptReferenceTermId>2214</conceptReferenceTermId>
            <conceptSource reference="38"/>
            <code>6127</code>
            <conceptReferenceTermMaps id="375"/>
          </conceptReferenceTerm>
        </org.openmrs.ConceptMap>
      </conceptMappings>
    </concept>
    <tableName></tableName>
    <attributeName></attributeName>
    <defaultValue></defaultValue>
    <selectMultiple>false</selectMultiple>
  </org.openmrs.Field>
  <org.openmrs.Field id="376" uuid="4ba0dc68-3fd2-4dbf-98d1-4ad287183c84">
    <name>DATA DE FIM DA PROFILAXIA COM ISONIAZIDA</name>
    <description></description>
    <creator/>
    <dateCreated id="377">2016-07-29 10:28:10</dateCreated>
    <retired>false</retired>
    <fieldId>771</fieldId>
    <fieldType reference="4"/>
    <concept id="378" resolves-to="org.openmrs.Concept" uuid="9e555978-3a02-4da4-855e-7b1bfc807347">
      <conceptId>6129</conceptId>
      <retired>false</retired>
      <datatype reference="167"/>
      <conceptClass reference="46"/>
      <set>false</set>
      <creator/>
      <dateCreated id="379">2011-02-18 11:55:12</dateCreated>
      <changedBy/>
      <dateChanged id="380">2016-09-01 14:08:21</dateChanged>
      <names class="set" id="381">
        <org.openmrs.ConceptName id="382" uuid="eaf4d73b-6796-42c6-a017-80043d0ed55d">
          <conceptNameId>6747</conceptNameId>
          <concept reference="378"/>
          <name>DATA DE FIM DA PROFILAXIA COM ISONIAZIDA</name>
          <locale id="383">pt</locale>
          <creator/>
          <dateCreated id="384">2011-02-18 11:55:12</dateCreated>
          <voided>false</voided>
          <tags class="set" id="385"/>
          <conceptNameType>FULLY_SPECIFIED</conceptNameType>
          <localePreferred>true</localePreferred>
        </org.openmrs.ConceptName>
        <org.openmrs.ConceptName id="386" uuid="07164d17-c4e6-46e1-87ce-59f872a21dc8">
          <conceptNameId>6748</conceptNameId>
          <concept reference="378"/>
          <name>ISONIAZID PROPHYLAXIS END DATE</name>
          <locale id="387">en</locale>
          <creator/>
          <dateCreated id="388">2011-02-18 11:55:12</dateCreated>
          <voided>false</voided>
          <tags class="set" id="389"/>
          <conceptNameType>FULLY_SPECIFIED</conceptNameType>
          <localePreferred>true</localePreferred>
        </org.openmrs.ConceptName>
      </names>
      <answers class="set" id="390"/>
      <conceptSets class="set" id="391"/>
      <descriptions class="set" id="392"/>
      <conceptMappings class="set" id="393">
        <org.openmrs.ConceptMap id="394" uuid="bf699669-bc4d-4d37-a2b8-661bc634d78e">
          <conceptMapType reference="33"/>
          <creator/>
          <dateCreated id="395">2016-09-01 14:08:21</dateCreated>
          <conceptMapId>1599</conceptMapId>
          <concept reference="378"/>
          <conceptReferenceTerm id="396" uuid="2539a28a-4212-4d07-9512-30102949b562">
            <creator/>
            <dateCreated id="397">2016-09-01 14:08:20</dateCreated>
            <retired>false</retired>
            <conceptReferenceTermId>2215</conceptReferenceTermId>
            <conceptSource reference="38"/>
            <code>6129</code>
            <conceptReferenceTermMaps id="398"/>
          </conceptReferenceTerm>
        </org.openmrs.ConceptMap>
      </conceptMappings>
    </concept>
    <tableName></tableName>
    <attributeName></attributeName>
    <defaultValue></defaultValue>
    <selectMultiple>false</selectMultiple>
  </org.openmrs.Field>
  <org.openmrs.Field id="399" uuid="e27d9ea2-1d5f-11e0-b929-000c29ad1d07">
    <name>NON CODED DIAGNOSIS</name>
    <description>Stores the text for non-coded diagnoses</description>
    <creator/>
    <dateCreated id="400">2008-10-18 05:44:42</dateCreated>
    <retired>false</retired>
    <fieldId>205</fieldId>
    <fieldType reference="4"/>
    <concept id="401" resolves-to="org.openmrs.Concept" uuid="e1dd2d50-1d5f-11e0-b929-000c29ad1d07">
      <conceptId>1649</conceptId>
      <retired>false</retired>
      <datatype reference="236"/>
      <conceptClass reference="46"/>
      <set>false</set>
      <creator/>
      <dateCreated id="402">2008-10-18 05:43:47</dateCreated>
      <changedBy/>
      <dateChanged id="403">2016-09-01 14:08:21</dateChanged>
      <names class="set" id="404">
        <org.openmrs.ConceptName id="405" uuid="e24d4162-1d5f-11e0-b929-000c29ad1d07">
          <conceptNameId>2974</conceptNameId>
          <concept reference="401"/>
          <name>NON CODED DIAGNOSIS</name>
          <locale id="406">en</locale>
          <creator/>
          <dateCreated id="407">2008-10-18 05:43:47</dateCreated>
          <voided>false</voided>
          <tags class="set" id="408"/>
          <conceptNameType>FULLY_SPECIFIED</conceptNameType>
          <localePreferred>true</localePreferred>
        </org.openmrs.ConceptName>
        <org.openmrs.ConceptName id="409" uuid="554f183e-e7d5-47e3-991e-d8181e147c95">
          <conceptNameId>6811</conceptNameId>
          <concept reference="401"/>
          <name>OUTROS DIAGNOSTICOS - SEM CODIGO</name>
          <locale id="410">pt</locale>
          <creator/>
          <dateCreated id="411">2008-10-18 07:22:08</dateCreated>
          <voided>false</voided>
          <tags class="set" id="412"/>
          <conceptNameType>FULLY_SPECIFIED</conceptNameType>
          <localePreferred>true</localePreferred>
        </org.openmrs.ConceptName>
        <org.openmrs.ConceptName id="413" uuid="e24d54a4-1d5f-11e0-b929-000c29ad1d07">
          <conceptNameId>2990</conceptNameId>
          <concept reference="401"/>
          <name>DIAGNOSE OUTROS, SEM CODIGO</name>
          <locale id="414">pt</locale>
          <creator/>
          <dateCreated id="415">2008-10-18 07:22:08</dateCreated>
          <voided>true</voided>
          <voidedBy/>
          <dateVoided id="416">2011-06-07 06:17:52</dateVoided>
          <voidReason>Voided due to change of name</voidReason>
          <tags class="set" id="417"/>
          <localePreferred>false</localePreferred>
        </org.openmrs.ConceptName>
      </names>
      <answers class="set" id="418"/>
      <conceptSets class="set" id="419"/>
      <descriptions class="set" id="420">
        <org.openmrs.ConceptDescription id="421" uuid="e22c7b12-1d5f-11e0-b929-000c29ad1d07">
          <conceptDescriptionId>2527</conceptDescriptionId>
          <concept reference="401"/>
          <description>Stores the text for non-coded diagnoses</description>
          <locale id="422">en</locale>
          <creator/>
          <dateCreated id="423">2008-10-18 05:43:47</dateCreated>
          <changedBy/>
          <dateChanged id="424">2011-06-07 06:17:52</dateChanged>
        </org.openmrs.ConceptDescription>
      </descriptions>
      <conceptMappings class="set" id="425">
        <org.openmrs.ConceptMap id="426" uuid="fd09aad5-c194-4b58-93f2-f6e5e1592f08">
          <conceptMapType reference="33"/>
          <creator/>
          <dateCreated id="427">2016-09-01 14:08:21</dateCreated>
          <conceptMapId>1600</conceptMapId>
          <concept reference="401"/>
          <conceptReferenceTerm id="428" uuid="f4af2f66-8f4d-46b7-bd3a-f020e3a1c2f1">
            <creator/>
            <dateCreated id="429">2016-09-01 14:08:21</dateCreated>
            <retired>false</retired>
            <conceptReferenceTermId>2216</conceptReferenceTermId>
            <conceptSource reference="38"/>
            <code>1649</code>
            <conceptReferenceTermMaps id="430"/>
          </conceptReferenceTerm>
        </org.openmrs.ConceptMap>
      </conceptMappings>
    </concept>
    <tableName></tableName>
    <attributeName></attributeName>
    <defaultValue></defaultValue>
    <selectMultiple>false</selectMultiple>
  </org.openmrs.Field>
  <org.openmrs.Field id="431" uuid="d2e04493-1379-466b-b0db-1bf5dfa8dc44">
    <name>DATA DE INICIO DA PROFILAXIA COM ISONIAZIDA</name>
    <description></description>
    <creator/>
    <dateCreated id="432">2016-07-29 10:27:48</dateCreated>
    <retired>false</retired>
    <fieldId>770</fieldId>
    <fieldType reference="4"/>
    <concept id="433" resolves-to="org.openmrs.Concept" uuid="6fa92ac9-0a96-4372-9e10-dd9683c19135">
      <conceptId>6128</conceptId>
      <retired>false</retired>
      <datatype reference="167"/>
      <conceptClass reference="46"/>
      <set>false</set>
      <creator/>
      <dateCreated id="434">2011-02-18 11:54:08</dateCreated>
      <changedBy/>
      <dateChanged id="435">2016-09-01 14:08:21</dateChanged>
      <names class="set" id="436">
        <org.openmrs.ConceptName id="437" uuid="78726301-dd4f-4cb3-96d6-ff54a44dfe78">
          <conceptNameId>6745</conceptNameId>
          <concept reference="433"/>
          <name>DATA DE INICIO DA PROFILAXIA COM ISONIAZIDA</name>
          <locale id="438">pt</locale>
          <creator/>
          <dateCreated id="439">2011-02-18 11:54:08</dateCreated>
          <voided>false</voided>
          <tags class="set" id="440"/>
          <conceptNameType>FULLY_SPECIFIED</conceptNameType>
          <localePreferred>true</localePreferred>
        </org.openmrs.ConceptName>
        <org.openmrs.ConceptName id="441" uuid="64e62cbd-3fe6-4343-a022-7c9ab01346c6">
          <conceptNameId>6746</conceptNameId>
          <concept reference="433"/>
          <name>ISONIAZID PROPHYLAXIS START DATE</name>
          <locale id="442">en</locale>
          <creator/>
          <dateCreated id="443">2011-02-18 11:54:08</dateCreated>
          <voided>false</voided>
          <tags class="set" id="444"/>
          <conceptNameType>FULLY_SPECIFIED</conceptNameType>
          <localePreferred>true</localePreferred>
        </org.openmrs.ConceptName>
      </names>
      <answers class="set" id="445"/>
      <conceptSets class="set" id="446"/>
      <descriptions class="set" id="447"/>
      <conceptMappings class="set" id="448">
        <org.openmrs.ConceptMap id="449" uuid="dc561d8f-c9ca-4743-9bb6-a207f9cfbc63">
          <conceptMapType reference="33"/>
          <creator/>
          <dateCreated id="450">2016-09-01 14:08:21</dateCreated>
          <conceptMapId>1601</conceptMapId>
          <concept reference="433"/>
          <conceptReferenceTerm id="451" uuid="f14f3fed-260e-48ea-93b9-807be5c2b987">
            <creator/>
            <dateCreated id="452">2016-09-01 14:08:21</dateCreated>
            <retired>false</retired>
            <conceptReferenceTermId>2217</conceptReferenceTermId>
            <conceptSource reference="38"/>
            <code>6128</code>
            <conceptReferenceTermMaps id="453"/>
          </conceptReferenceTerm>
        </org.openmrs.ConceptMap>
      </conceptMappings>
    </concept>
    <tableName></tableName>
    <attributeName></attributeName>
    <defaultValue></defaultValue>
    <selectMultiple>false</selectMultiple>
  </org.openmrs.Field>
  <org.openmrs.Field id="454" uuid="9fbb1a82-466d-40df-bccc-417489a1085b">
    <name>DATA DE FIM DA PROFILAXIA DA MENINGITE CRIPTOCÓCICA</name>
    <description>DATA DE FIM DA PROFILAXIA DA MENINGITE CRIPTOCÓCICA</description>
    <creator/>
    <dateCreated id="455">2016-08-03 12:11:36</dateCreated>
    <retired>false</retired>
    <fieldId>780</fieldId>
    <fieldType reference="4"/>
    <concept id="456" resolves-to="org.openmrs.Concept" uuid="eb5250ff-6e2a-4fbd-81d9-2504b8dbd91e">
      <conceptId>6468</conceptId>
      <retired>false</retired>
      <datatype reference="167"/>
      <conceptClass reference="46"/>
      <set>false</set>
      <creator/>
      <dateCreated id="457">2016-08-03 11:41:17</dateCreated>
      <changedBy/>
      <dateChanged id="458">2016-08-16 08:42:11</dateChanged>
      <names class="set" id="459">
        <org.openmrs.ConceptName id="460" uuid="06bce8ef-5e40-4879-b471-548b04a0642a">
          <conceptNameId>7632</conceptNameId>
          <concept reference="456"/>
          <name>DATA DE FIM DA PROFILAXIA DA MENINGITE CRIPTOCÓCICA</name>
          <locale id="461">en</locale>
          <creator/>
          <dateCreated id="462">2016-08-03 11:41:17</dateCreated>
          <voided>false</voided>
          <tags class="set" id="463"/>
          <conceptNameType>FULLY_SPECIFIED</conceptNameType>
          <localePreferred>true</localePreferred>
        </org.openmrs.ConceptName>
      </names>
      <answers class="set" id="464"/>
      <conceptSets class="set" id="465"/>
      <descriptions class="set" id="466">
        <org.openmrs.ConceptDescription id="467" uuid="491f35c6-5f6a-4aa4-881c-8a1af9d0d386">
          <conceptDescriptionId>3681</conceptDescriptionId>
          <concept reference="456"/>
          <description>DATA DE FIM DA PROFILAXIA DA MENINGITE CRIPTOCÓCICA</description>
          <locale id="468">en</locale>
          <creator/>
          <dateCreated id="469">2016-08-03 11:41:17</dateCreated>
        </org.openmrs.ConceptDescription>
      </descriptions>
      <conceptMappings class="set" id="470">
        <org.openmrs.ConceptMap id="471" uuid="29a0f446-75e3-4994-9e6e-e3732fd1e26a">
          <conceptMapType reference="33"/>
          <creator/>
          <dateCreated id="472">2016-08-16 08:42:11</dateCreated>
          <conceptMapId>1014</conceptMapId>
          <concept reference="456"/>
          <conceptReferenceTerm id="473" resolves-to="org.openmrs.ConceptReferenceTerm" uuid="3ffbcaf1-569c-4190-940f-1c43a3ceba00">
            <creator/>
            <dateCreated id="474">2016-08-16 08:42:11</dateCreated>
            <retired>false</retired>
            <conceptReferenceTermId>1630</conceptReferenceTermId>
            <conceptSource reference="38"/>
            <code>6468</code>
            <conceptReferenceTermMaps id="475"/>
          </conceptReferenceTerm>
        </org.openmrs.ConceptMap>
      </conceptMappings>
    </concept>
    <tableName></tableName>
    <attributeName></attributeName>
    <defaultValue></defaultValue>
    <selectMultiple>false</selectMultiple>
  </org.openmrs.Field>
  <org.openmrs.Field id="476" uuid="68b5fdd8-55af-4f6b-8ac9-50de7067b96d">
    <name>CHEST EXAMS</name>
    <description>Receive the symptoms and complaints of the patient on the chest</description>
    <creator/>
    <dateCreated id="477">2016-08-03 12:08:15</dateCreated>
    <retired>false</retired>
    <fieldId>774</fieldId>
    <fieldType reference="4"/>
    <concept id="478" resolves-to="org.openmrs.Concept" uuid="648e170c-4322-4820-ae17-989a8b115371">
      <conceptId>6471</conceptId>
      <retired>false</retired>
      <datatype reference="236"/>
      <conceptClass reference="46"/>
      <set>false</set>
      <creator/>
      <dateCreated id="479">2016-08-03 11:56:45</dateCreated>
      <changedBy/>
      <dateChanged id="480">2016-08-16 08:42:11</dateChanged>
      <names class="set" id="481">
        <org.openmrs.ConceptName id="482" uuid="b9ec4b15-78b4-43c1-b423-81c7847c8e70">
          <conceptNameId>7635</conceptNameId>
          <concept reference="478"/>
          <name>CHEST SYMTOMS</name>
          <locale id="483">en</locale>
          <creator/>
          <dateCreated id="484">2016-08-03 11:56:45</dateCreated>
          <voided>true</voided>
          <voidedBy/>
          <dateVoided id="485">2016-08-04 17:51:26</dateVoided>
          <voidReason>Anulada devido ŕ mudança de nome</voidReason>
          <tags class="set" id="486"/>
          <localePreferred>false</localePreferred>
        </org.openmrs.ConceptName>
        <org.openmrs.ConceptName id="487" uuid="fdcdd9a8-3ce8-4f77-bebf-4e00263e0eee">
          <conceptNameId>7651</conceptNameId>
          <concept reference="478"/>
          <name>CHEST EXAMS</name>
          <locale id="488">en</locale>
          <creator/>
          <dateCreated id="489">2016-08-16 08:24:07</dateCreated>
          <voided>false</voided>
          <tags class="set" id="490"/>
          <conceptNameType>FULLY_SPECIFIED</conceptNameType>
          <localePreferred>true</localePreferred>
        </org.openmrs.ConceptName>
        <org.openmrs.ConceptName id="491" uuid="68c3dfb4-b998-4e2f-9f22-a31fdc2bd238">
          <conceptNameId>7641</conceptNameId>
          <concept reference="478"/>
          <name>CHEST SYMPTOMS</name>
          <locale id="492">en</locale>
          <creator/>
          <dateCreated id="493">2016-08-04 17:51:26</dateCreated>
          <voided>true</voided>
          <voidedBy/>
          <dateVoided id="494">2016-08-16 08:24:07</dateVoided>
          <voidReason>Anulada devido ŕ mudança de nome</voidReason>
          <tags class="set" id="495"/>
          <localePreferred>false</localePreferred>
        </org.openmrs.ConceptName>
      </names>
      <answers class="set" id="496"/>
      <conceptSets class="set" id="497"/>
      <descriptions class="set" id="498">
        <org.openmrs.ConceptDescription id="499" uuid="e906934a-1b90-4fd3-aad6-d08615fcc078">
          <conceptDescriptionId>3684</conceptDescriptionId>
          <concept reference="478"/>
          <description>Receive the symptoms and complaints of the patient on the chest</description>
          <locale id="500">en</locale>
          <creator/>
          <dateCreated id="501">2016-08-03 11:56:45</dateCreated>
        </org.openmrs.ConceptDescription>
      </descriptions>
      <conceptMappings class="set" id="502">
        <org.openmrs.ConceptMap id="503" uuid="a99a8945-c494-463d-8e51-7b6d3f44fa32">
          <conceptMapType reference="33"/>
          <creator/>
          <dateCreated id="504">2016-08-16 08:42:11</dateCreated>
          <conceptMapId>1019</conceptMapId>
          <concept reference="478"/>
          <conceptReferenceTerm id="505" resolves-to="org.openmrs.ConceptReferenceTerm" uuid="9d58c7cc-0b23-4fc1-9e1f-bbb40d72c041">
            <creator/>
            <dateCreated id="506">2016-08-16 08:42:11</dateCreated>
            <retired>false</retired>
            <conceptReferenceTermId>1635</conceptReferenceTermId>
            <conceptSource reference="38"/>
            <code>6471</code>
            <conceptReferenceTermMaps id="507"/>
          </conceptReferenceTerm>
        </org.openmrs.ConceptMap>
      </conceptMappings>
    </concept>
    <tableName></tableName>
    <attributeName></attributeName>
    <defaultValue></defaultValue>
    <selectMultiple>false</selectMultiple>
  </org.openmrs.Field>
  <org.openmrs.Field id="508" uuid="088deb09-4aa4-4533-8b21-5c04f6c3e4a6">
    <name>TUBERCULOSIS DRUG TREATMENT END DATE</name>
    <description></description>
    <creator/>
    <dateCreated id="509">2011-01-26 10:40:47</dateCreated>
    <retired>false</retired>
    <fieldId>759</fieldId>
    <fieldType reference="4"/>
    <concept id="510" resolves-to="org.openmrs.Concept" uuid="0ef94b67-b202-40ad-b542-7b2016524335">
      <conceptId>6120</conceptId>
      <retired>false</retired>
      <datatype reference="167"/>
      <conceptClass reference="46"/>
      <set>false</set>
      <creator/>
      <dateCreated id="511">2011-01-26 09:54:51</dateCreated>
      <changedBy/>
      <dateChanged id="512">2016-09-01 14:08:22</dateChanged>
      <names class="set" id="513">
        <org.openmrs.ConceptName id="514" uuid="ff31bb0c-cfe5-4b06-9cc8-e8b8ca677ec9">
          <conceptNameId>6722</conceptNameId>
          <concept reference="510"/>
          <name>DATA DE FIM DO TRATAMENTO TB</name>
          <locale id="515">pt</locale>
          <creator/>
          <dateCreated id="516">2011-01-26 09:54:51</dateCreated>
          <voided>false</voided>
          <tags class="set" id="517"/>
          <conceptNameType>FULLY_SPECIFIED</conceptNameType>
          <localePreferred>true</localePreferred>
        </org.openmrs.ConceptName>
        <org.openmrs.ConceptName id="518" uuid="d15a20e0-ec36-4ecd-a922-5350ce7c5b1b">
          <conceptNameId>6721</conceptNameId>
          <concept reference="510"/>
          <name>TB DRUG END DATE</name>
          <locale id="519">en</locale>
          <creator/>
          <dateCreated id="520">2011-01-26 09:54:51</dateCreated>
          <voided>false</voided>
          <tags class="set" id="521"/>
          <localePreferred>false</localePreferred>
        </org.openmrs.ConceptName>
        <org.openmrs.ConceptName id="522" uuid="dae1d606-ec45-4b89-b821-78003e1c8c66">
          <conceptNameId>6723</conceptNameId>
          <concept reference="510"/>
          <name>TUBERCULOSIS DRUG TREATMENT END DATE</name>
          <locale id="523">en</locale>
          <creator/>
          <dateCreated id="524">2011-01-26 09:54:51</dateCreated>
          <voided>false</voided>
          <tags class="set" id="525"/>
          <conceptNameType>FULLY_SPECIFIED</conceptNameType>
          <localePreferred>true</localePreferred>
        </org.openmrs.ConceptName>
      </names>
      <answers class="set" id="526"/>
      <conceptSets class="set" id="527"/>
      <descriptions class="set" id="528"/>
      <conceptMappings class="set" id="529">
        <org.openmrs.ConceptMap id="530" uuid="0f40d659-b88c-481d-85c3-a0a08cecd3e7">
          <conceptMapType reference="33"/>
          <creator/>
          <dateCreated id="531">2016-09-01 14:08:22</dateCreated>
          <conceptMapId>1602</conceptMapId>
          <concept reference="510"/>
          <conceptReferenceTerm id="532" uuid="fa92d27b-a190-46f5-961a-54fe61cc40ba">
            <creator/>
            <dateCreated id="533">2016-09-01 14:08:21</dateCreated>
            <retired>false</retired>
            <conceptReferenceTermId>2218</conceptReferenceTermId>
            <conceptSource reference="38"/>
            <code>6120</code>
            <conceptReferenceTermMaps id="534"/>
          </conceptReferenceTerm>
        </org.openmrs.ConceptMap>
      </conceptMappings>
    </concept>
    <tableName></tableName>
    <attributeName></attributeName>
    <defaultValue></defaultValue>
    <selectMultiple>false</selectMultiple>
  </org.openmrs.Field>
  <org.openmrs.Field id="535" uuid="1d709975-cbd0-410d-bd21-9d8164b77e72">
    <name>NAO</name>
    <description>Resposta generica de uma pergunta</description>
    <creator/>
    <dateCreated id="536">2016-07-29 10:25:56</dateCreated>
    <retired>false</retired>
    <fieldId>767</fieldId>
    <fieldType reference="4"/>
    <concept reference="286"/>
    <tableName></tableName>
    <attributeName></attributeName>
    <defaultValue></defaultValue>
    <selectMultiple>false</selectMultiple>
  </org.openmrs.Field>
  <org.openmrs.Field id="537" uuid="a471d150-51ef-4dce-8604-95f7fed1c3cc">
    <name>HEAD and NECK EXAMS</name>
    <description>Receives the symptoms and complaints of the patient in the head</description>
    <creator/>
    <dateCreated id="538">2016-08-03 12:07:07</dateCreated>
    <retired>false</retired>
    <fieldId>772</fieldId>
    <fieldType reference="4"/>
    <concept id="539" resolves-to="org.openmrs.Concept" uuid="77742a72-dfd9-48fe-8166-ae9238a248e2">
      <conceptId>6469</conceptId>
      <retired>false</retired>
      <datatype reference="236"/>
      <conceptClass reference="46"/>
      <set>false</set>
      <creator/>
      <dateCreated id="540">2016-08-03 11:53:30</dateCreated>
      <changedBy/>
      <dateChanged id="541">2016-08-16 08:42:11</dateChanged>
      <names class="set" id="542">
        <org.openmrs.ConceptName id="543" uuid="45578fda-52e7-4d75-bac3-87cbff6e894d">
          <conceptNameId>7633</conceptNameId>
          <concept reference="539"/>
          <name>HEAD SYMTOMS</name>
          <locale id="544">en</locale>
          <creator/>
          <dateCreated id="545">2016-08-03 11:53:30</dateCreated>
          <voided>true</voided>
          <voidedBy/>
          <dateVoided id="546">2016-08-04 17:49:46</dateVoided>
          <voidReason>Anulada devido ŕ mudança de nome</voidReason>
          <tags class="set" id="547"/>
          <localePreferred>false</localePreferred>
        </org.openmrs.ConceptName>
        <org.openmrs.ConceptName id="548" uuid="8db764d6-101d-4668-a9a8-c716dd5f4ee2">
          <conceptNameId>7650</conceptNameId>
          <concept reference="539"/>
          <name>HEAD and NECK EXAMS</name>
          <locale id="549">en</locale>
          <creator/>
          <dateCreated id="550">2016-08-16 08:23:09</dateCreated>
          <voided>false</voided>
          <tags class="set" id="551"/>
          <conceptNameType>FULLY_SPECIFIED</conceptNameType>
          <localePreferred>true</localePreferred>
        </org.openmrs.ConceptName>
        <org.openmrs.ConceptName id="552" uuid="cca4cb9b-3e40-47bd-9cb5-872a3e59513b">
          <conceptNameId>7639</conceptNameId>
          <concept reference="539"/>
          <name>HEAD SYMPTOMS</name>
          <locale id="553">en</locale>
          <creator/>
          <dateCreated id="554">2016-08-04 17:49:46</dateCreated>
          <voided>true</voided>
          <voidedBy/>
          <dateVoided id="555">2016-08-16 08:23:09</dateVoided>
          <voidReason>Anulada devido ŕ mudança de nome</voidReason>
          <tags class="set" id="556"/>
          <localePreferred>false</localePreferred>
        </org.openmrs.ConceptName>
      </names>
      <answers class="set" id="557"/>
      <conceptSets class="set" id="558"/>
      <descriptions class="set" id="559">
        <org.openmrs.ConceptDescription id="560" uuid="a38c11c8-5e09-415a-8634-c07da0608ddb">
          <conceptDescriptionId>3682</conceptDescriptionId>
          <concept reference="539"/>
          <description>Receives the symptoms and complaints of the patient in the head</description>
          <locale id="561">en</locale>
          <creator/>
          <dateCreated id="562">2016-08-03 11:53:30</dateCreated>
        </org.openmrs.ConceptDescription>
      </descriptions>
      <conceptMappings class="set" id="563">
        <org.openmrs.ConceptMap id="564" uuid="81ab9f2a-2a80-4dab-9ea9-8872e716891c">
          <conceptMapType reference="33"/>
          <creator/>
          <dateCreated id="565">2016-08-16 08:42:11</dateCreated>
          <conceptMapId>1018</conceptMapId>
          <concept reference="539"/>
          <conceptReferenceTerm id="566" resolves-to="org.openmrs.ConceptReferenceTerm" uuid="f2f5209e-c312-4c57-92f5-5042051e0cb3">
            <creator/>
            <dateCreated id="567">2016-08-16 08:42:11</dateCreated>
            <retired>false</retired>
            <conceptReferenceTermId>1634</conceptReferenceTermId>
            <conceptSource reference="38"/>
            <code>6469</code>
            <conceptReferenceTermMaps id="568"/>
          </conceptReferenceTerm>
        </org.openmrs.ConceptMap>
      </conceptMappings>
    </concept>
    <tableName></tableName>
    <attributeName></attributeName>
    <defaultValue></defaultValue>
    <selectMultiple>false</selectMultiple>
  </org.openmrs.Field>
  <org.openmrs.Field id="569" uuid="b5d2bd6c-27ef-4194-98b5-2e1c7c76f549">
    <name>RASTREIO DE TB</name>
    <description>Escreva se o paciente tem sintomas ou sinais sugestivas de TB </description>
    <creator/>
    <dateCreated id="570">2016-07-29 10:22:46</dateCreated>
    <retired>false</retired>
    <fieldId>764</fieldId>
    <fieldType reference="4"/>
    <concept id="571" resolves-to="org.openmrs.Concept" uuid="ea1851dc-151b-4c1e-b763-5df48082159d">
      <conceptId>6257</conceptId>
      <retired>false</retired>
      <datatype reference="44"/>
      <conceptClass reference="46"/>
      <set>false</set>
      <creator/>
      <dateCreated id="572">2012-02-22 12:16:03</dateCreated>
      <changedBy/>
      <dateChanged id="573">2016-09-01 14:08:22</dateChanged>
      <names class="set" id="574">
        <org.openmrs.ConceptName id="575" uuid="8cca0b97-9947-44b0-8729-439072d9abb5">
          <conceptNameId>7140</conceptNameId>
          <concept reference="571"/>
          <name>SCREENING FOR TB</name>
          <locale id="576">en</locale>
          <creator/>
          <dateCreated id="577">2012-02-22 12:16:03</dateCreated>
          <voided>false</voided>
          <tags class="set" id="578"/>
          <conceptNameType>FULLY_SPECIFIED</conceptNameType>
          <localePreferred>true</localePreferred>
        </org.openmrs.ConceptName>
        <org.openmrs.ConceptName id="579" uuid="7dbe7f90-5458-4717-b9d5-342d41976b94">
          <conceptNameId>7139</conceptNameId>
          <concept reference="571"/>
          <name>RASTREIO DE TB</name>
          <locale id="580">pt</locale>
          <creator/>
          <dateCreated id="581">2012-02-22 12:16:03</dateCreated>
          <voided>false</voided>
          <tags class="set" id="582"/>
          <conceptNameType>FULLY_SPECIFIED</conceptNameType>
          <localePreferred>true</localePreferred>
        </org.openmrs.ConceptName>
      </names>
      <answers class="set" id="583">
        <org.openmrs.ConceptAnswer id="584" uuid="5d8616da-2783-4cd4-8d6e-cf52aa896bdd">
          <conceptAnswerId>2767</conceptAnswerId>
          <concept reference="571"/>
          <answerConcept reference="286"/>
          <creator/>
          <dateCreated id="585">2012-02-22 12:16:03</dateCreated>
          <sortWeight>2.0</sortWeight>
        </org.openmrs.ConceptAnswer>
        <org.openmrs.ConceptAnswer id="586" uuid="03a5fbc5-aa3c-4320-af2d-17ad9f2b3219">
          <conceptAnswerId>2768</conceptAnswerId>
          <concept reference="571"/>
          <answerConcept reference="6"/>
          <creator/>
          <dateCreated id="587">2012-02-22 12:16:03</dateCreated>
          <sortWeight>1.0</sortWeight>
        </org.openmrs.ConceptAnswer>
      </answers>
      <conceptSets class="set" id="588"/>
      <descriptions class="set" id="589"/>
      <conceptMappings class="set" id="590">
        <org.openmrs.ConceptMap id="591" uuid="1895a806-6928-4f11-ab99-586917d93d36">
          <conceptMapType reference="33"/>
          <creator/>
          <dateCreated id="592">2016-09-01 14:08:22</dateCreated>
          <conceptMapId>1603</conceptMapId>
          <concept reference="571"/>
          <conceptReferenceTerm id="593" uuid="e6bf70cf-78eb-4dcd-b1c1-7dfdc633d9c4">
            <creator/>
            <dateCreated id="594">2016-09-01 14:08:22</dateCreated>
            <retired>false</retired>
            <conceptReferenceTermId>2219</conceptReferenceTermId>
            <conceptSource reference="38"/>
            <code>6257</code>
            <conceptReferenceTermMaps id="595"/>
          </conceptReferenceTerm>
        </org.openmrs.ConceptMap>
      </conceptMappings>
    </concept>
    <tableName></tableName>
    <attributeName></attributeName>
    <defaultValue></defaultValue>
    <selectMultiple>false</selectMultiple>
  </org.openmrs.Field>
  <org.openmrs.Field id="596" uuid="dd3a8994-b03e-478c-b389-25e1db1e3241">
    <name>UPPER and lOWER LIMBS EXAMS</name>
    <description>Receive the symptoms and complaints of the patient on the lower limbs</description>
    <creator/>
    <dateCreated id="597">2016-08-03 12:09:12</dateCreated>
    <retired>false</retired>
    <fieldId>777</fieldId>
    <fieldType reference="4"/>
    <concept id="598" resolves-to="org.openmrs.Concept" uuid="17b9f774-3a6d-4364-9ad7-c50d99df9ba0">
      <conceptId>6474</conceptId>
      <retired>false</retired>
      <datatype reference="236"/>
      <conceptClass reference="46"/>
      <set>false</set>
      <creator/>
      <dateCreated id="599">2016-08-03 12:00:03</dateCreated>
      <changedBy/>
      <dateChanged id="600">2016-08-16 08:42:12</dateChanged>
      <names class="set" id="601">
        <org.openmrs.ConceptName id="602" uuid="e35c43f9-08d9-4e15-8278-8b8622926886">
          <conceptNameId>7644</conceptNameId>
          <concept reference="598"/>
          <name>LOWER LIMBS SYMPTOMS</name>
          <locale id="603">en</locale>
          <creator/>
          <dateCreated id="604">2016-08-04 17:54:26</dateCreated>
          <voided>true</voided>
          <voidedBy/>
          <dateVoided id="605">2016-08-16 08:27:16</dateVoided>
          <voidReason>Anulada devido ŕ mudança de nome</voidReason>
          <tags class="set" id="606"/>
          <localePreferred>false</localePreferred>
        </org.openmrs.ConceptName>
        <org.openmrs.ConceptName id="607" uuid="52c6ff3c-efbb-4a41-a266-d3b992cd20cb">
          <conceptNameId>7655</conceptNameId>
          <concept reference="598"/>
          <name>UPPER and LOWER LIMBS EXAMS</name>
          <locale id="608">en</locale>
          <creator/>
          <dateCreated id="609">2016-08-16 08:30:42</dateCreated>
          <voided>false</voided>
          <tags class="set" id="610"/>
          <conceptNameType>FULLY_SPECIFIED</conceptNameType>
          <localePreferred>true</localePreferred>
        </org.openmrs.ConceptName>
        <org.openmrs.ConceptName id="611" uuid="61f0e1d3-9542-4a6b-b7fd-65232c2e349e">
          <conceptNameId>7653</conceptNameId>
          <concept reference="598"/>
          <name>UPPER LOWER LIMBS SYMPTOMS</name>
          <locale id="612">en</locale>
          <creator/>
          <dateCreated id="613">2016-08-16 08:27:16</dateCreated>
          <voided>true</voided>
          <voidedBy/>
          <dateVoided id="614">2016-08-16 08:30:42</dateVoided>
          <voidReason>Anulada devido ŕ mudança de nome</voidReason>
          <tags class="set" id="615"/>
          <localePreferred>false</localePreferred>
        </org.openmrs.ConceptName>
        <org.openmrs.ConceptName id="616" uuid="6675391a-a94c-44c6-9316-000d8bb63ae8">
          <conceptNameId>7638</conceptNameId>
          <concept reference="598"/>
          <name>LOWER LIMBS SYMTOMS</name>
          <locale id="617">en</locale>
          <creator/>
          <dateCreated id="618">2016-08-03 12:00:03</dateCreated>
          <voided>true</voided>
          <voidedBy/>
          <dateVoided id="619">2016-08-04 17:54:26</dateVoided>
          <voidReason>Anulada devido ŕ mudança de nome</voidReason>
          <tags class="set" id="620"/>
          <localePreferred>false</localePreferred>
        </org.openmrs.ConceptName>
      </names>
      <answers class="set" id="621"/>
      <conceptSets class="set" id="622"/>
      <descriptions class="set" id="623">
        <org.openmrs.ConceptDescription id="624" uuid="05902ab6-a1f0-4d82-bbb2-87bcf1d21b56">
          <conceptDescriptionId>3687</conceptDescriptionId>
          <concept reference="598"/>
          <description>Receive the symptoms and complaints of the patient on the lower limbs</description>
          <locale id="625">en</locale>
          <creator/>
          <dateCreated id="626">2016-08-03 12:00:03</dateCreated>
        </org.openmrs.ConceptDescription>
      </descriptions>
      <conceptMappings class="set" id="627">
        <org.openmrs.ConceptMap id="628" uuid="99ad75d6-cdc0-4267-bcf1-c2d713f72ac2">
          <conceptMapType reference="33"/>
          <creator/>
          <dateCreated id="629">2016-08-16 08:42:11</dateCreated>
          <conceptMapId>1020</conceptMapId>
          <concept reference="598"/>
          <conceptReferenceTerm id="630" resolves-to="org.openmrs.ConceptReferenceTerm" uuid="b5b92aa5-2200-4706-98c4-5d1d0fd5d63a">
            <creator/>
            <dateCreated id="631">2016-08-16 08:42:11</dateCreated>
            <retired>false</retired>
            <conceptReferenceTermId>1636</conceptReferenceTermId>
            <conceptSource reference="38"/>
            <code>6474</code>
            <conceptReferenceTermMaps id="632"/>
          </conceptReferenceTerm>
        </org.openmrs.ConceptMap>
      </conceptMappings>
    </concept>
    <tableName></tableName>
    <attributeName></attributeName>
    <defaultValue></defaultValue>
    <selectMultiple>false</selectMultiple>
  </org.openmrs.Field>
  <org.openmrs.Field id="633" uuid="b0b49a99-d4ed-4df5-8036-455f9d4763de">
    <name>DATA DE INICIO DA PROFILAXIA COM COTRIMOXAZOL</name>
    <description></description>
    <creator/>
    <dateCreated id="634">2016-07-29 10:27:08</dateCreated>
    <retired>false</retired>
    <fieldId>768</fieldId>
    <fieldType reference="4"/>
    <concept id="635" resolves-to="org.openmrs.Concept" uuid="56a0216c-cd4b-45d3-9f2b-258e6c021d32">
      <conceptId>6126</conceptId>
      <retired>false</retired>
      <datatype reference="167"/>
      <conceptClass reference="46"/>
      <set>false</set>
      <creator/>
      <dateCreated id="636">2011-02-18 11:50:01</dateCreated>
      <changedBy/>
      <dateChanged id="637">2016-09-01 14:08:23</dateChanged>
      <names class="set" id="638">
        <org.openmrs.ConceptName id="639" uuid="e7645bb9-f25e-4722-9b19-650c20ed9919">
          <conceptNameId>6741</conceptNameId>
          <concept reference="635"/>
          <name>COTRIMOXAZOLE PROPHYLAXIS START DATE</name>
          <locale id="640">en</locale>
          <creator/>
          <dateCreated id="641">2011-02-18 11:50:01</dateCreated>
          <voided>false</voided>
          <tags class="set" id="642"/>
          <conceptNameType>FULLY_SPECIFIED</conceptNameType>
          <localePreferred>true</localePreferred>
        </org.openmrs.ConceptName>
        <org.openmrs.ConceptName id="643" uuid="200fd378-962f-433e-8f08-8bcdb0718f47">
          <conceptNameId>6742</conceptNameId>
          <concept reference="635"/>
          <name>DATA DE INICIO DA PROFILAXIA COM COTRIMOXAZOL</name>
          <locale id="644">pt</locale>
          <creator/>
          <dateCreated id="645">2011-02-18 11:50:01</dateCreated>
          <voided>false</voided>
          <tags class="set" id="646"/>
          <conceptNameType>FULLY_SPECIFIED</conceptNameType>
          <localePreferred>true</localePreferred>
        </org.openmrs.ConceptName>
      </names>
      <answers class="set" id="647"/>
      <conceptSets class="set" id="648"/>
      <descriptions class="set" id="649"/>
      <conceptMappings class="set" id="650">
        <org.openmrs.ConceptMap id="651" uuid="e1ceb60f-9b7a-467b-8ce9-6d899884d6a7">
          <conceptMapType reference="33"/>
          <creator/>
          <dateCreated id="652">2016-09-01 14:08:23</dateCreated>
          <conceptMapId>1604</conceptMapId>
          <concept reference="635"/>
          <conceptReferenceTerm id="653" uuid="f1f9004f-0093-4951-836e-81dedda42a03">
            <creator/>
            <dateCreated id="654">2016-09-01 14:08:22</dateCreated>
            <retired>false</retired>
            <conceptReferenceTermId>2220</conceptReferenceTermId>
            <conceptSource reference="38"/>
            <code>6126</code>
            <conceptReferenceTermMaps id="655"/>
          </conceptReferenceTerm>
        </org.openmrs.ConceptMap>
      </conceptMappings>
    </concept>
    <tableName></tableName>
    <attributeName></attributeName>
    <defaultValue></defaultValue>
    <selectMultiple>false</selectMultiple>
  </org.openmrs.Field>
</list>
