<?xml version="1.0" encoding="UTF-8"?>
<package id="1" uuid="b0be9a8f-2401-4507-893f-425aea37234e">
  <dateCreated id="2">2017-02-22 09:17:03</dateCreated>
  <name>POC: COHORT QUERY</name>
  <description>List patients marked for pickup drugs today</description>
  <openmrsVersion>1.11.5  Build a0c979</openmrsVersion>
  <version>2</version>
  <groupUuid>f0dc5830-4c92-4266-91b2-3f4028c193d4</groupUuid>
  <modules id="3">
    <entry>
      <string>uilibrary</string>
      <string>1.5</string>
    </entry>
    <entry>
      <string>webservices.rest</string>
      <string>2.16.e045a4</string>
    </entry>
    <entry>
      <string>htmlformentry</string>
      <string>3.3.0</string>
    </entry>
    <entry>
      <string>patientsummary</string>
      <string>2.0</string>
    </entry>
    <entry>
      <string>openhmis.commons</string>
      <string>3.4.3</string>
    </entry>
    <entry>
      <string>calculation</string>
      <string>1.1</string>
    </entry>
    <entry>
      <string>providermanagement</string>
      <string>2.3</string>
    </entry>
    <entry>
      <string>jasperreport</string>
      <string>1.5.8</string>
    </entry>
    <entry>
      <string>event</string>
      <string>2.2.1</string>
    </entry>
    <entry>
      <string>openhmis.backboneforms</string>
      <string>2.4.0</string>
    </entry>
    <entry>
      <string>formfilter</string>
      <string>1.0.0</string>
    </entry>
    <entry>
      <string>bahmniapps</string>
      <string>0.74-SNAPSHOT</string>
    </entry>
    <entry>
      <string>htmlformentry19ext</string>
      <string>1.7</string>
    </entry>
    <entry>
      <string>esaudemetadata</string>
      <string>1.4.0</string>
    </entry>
    <entry>
      <string>reference-data</string>
      <string>0.74-SNAPSHOT</string>
    </entry>
    <entry>
      <string>addresshierarchy</string>
      <string>2.9</string>
    </entry>
    <entry>
      <string>dataentrystatistics</string>
      <string>1.3.2</string>
    </entry>
    <entry>
      <string>serialization.xstream</string>
      <string>0.2.9</string>
    </entry>
    <entry>
      <string>htmlwidgets</string>
      <string>1.7.2</string>
    </entry>
    <entry>
      <string>reportingcompatibility</string>
      <string>1.5.8</string>
    </entry>
    <entry>
      <string>groovy</string>
      <string>2.2.4</string>
    </entry>
    <entry>
      <string>uiframework</string>
      <string>3.4</string>
    </entry>
    <entry>
      <string>bahmnicore</string>
      <string>0.77-SNAPSHOT</string>
    </entry>
    <entry>
      <string>metadatamapping</string>
      <string>1.0.1</string>
    </entry>
    <entry>
      <string>patientflags</string>
      <string>1.3.4</string>
    </entry>
    <entry>
      <string>reportingrest</string>
      <string>1.6</string>
    </entry>
    <entry>
      <string>appframework</string>
      <string>2.1</string>
    </entry>
    <entry>
      <string>logic</string>
      <string>0.5.2</string>
    </entry>
    <entry>
      <string>idgen-webservices</string>
      <string>1.0</string>
    </entry>
    <entry>
      <string>emrapi</string>
      <string>1.11.1</string>
    </entry>
    <entry>
      <string>idgen</string>
      <string>4.4.0</string>
    </entry>
    <entry>
      <string>openmrs-atomfeed</string>
      <string>2.4-SNAPSHOT</string>
    </entry>
    <entry>
      <string>databasebackup</string>
      <string>1.0</string>
    </entry>
    <entry>
      <string>pharmacyapi</string>
      <string>1.0.0-SNAPSHOT</string>
    </entry>
    <entry>
      <string>metadatasharing</string>
      <string>1.2</string>
    </entry>
    <entry>
      <string>reporting</string>
      <string>0.9.9</string>
    </entry>
    <entry>
      <string>patientflag_rest</string>
      <string>1.0.0</string>
    </entry>
    <entry>
      <string>openhmis.inventory</string>
      <string>2.3.4</string>
    </entry>
  </modules>
  <items class="linked-hash-set" id="4">
    <org.openmrs.module.metadatasharing.Item id="5" uuid="c23d5b4e-45c9-47ee-a506-e8f9662a5533">
      <id>1022</id>
      <classname>org.openmrs.api.db.SerializedObject</classname>
      <dateChanged id="6">2017-02-21 11:55:43</dateChanged>
      <retired>false</retired>
    </org.openmrs.module.metadatasharing.Item>
  </items>
  <relatedItems class="linked-hash-set" id="7"/>
  <incrementalVersion>false</incrementalVersion>
</package>
