<?xml version="1.0" encoding="UTF-8"?>
<list id="1">
  <org.openmrs.api.db.SerializedObject id="2" uuid="c23d5b4e-45c9-47ee-a506-e8f9662a5533">
    <name>POC : MARKED FOR PICKUP DRUGS TODAY</name>
    <description>Present a list of patients marked to pickup drugs today</description>
    <creator/>
    <dateCreated id="3">2017-02-21 10:40:42</dateCreated>
    <changedBy/>
    <dateChanged id="4">2017-02-21 11:55:43</dateChanged>
    <retired>false</retired>
    <id>1022</id>
    <type>org.openmrs.module.reporting.cohort.definition.CohortDefinition</type>
    <subtype>org.openmrs.module.reporting.cohort.definition.SqlCohortDefinition</subtype>
    <serializationClass>org.openmrs.module.reporting.serializer.ReportingSerializer</serializationClass>
    <serializedData>&lt;org.openmrs.module.reporting.cohort.definition.SqlCohortDefinition id=&quot;1&quot; uuid=&quot;c23d5b4e-45c9-47ee-a506-e8f9662a5533&quot; retired=&quot;false&quot;&gt;
  &lt;name&gt;POC : MARKED FOR PICKUP DRUGS TODAY&lt;/name&gt;
  &lt;description&gt;Present a list of patients marked to pickup drugs today&lt;/description&gt;
  &lt;creator id=&quot;2&quot; uuid=&quot;85a05c5e-1e3d-11e0-acca-000c29d83bf2&quot;/&gt;
  &lt;dateCreated id=&quot;3&quot;&gt;2017-02-21 10:40:42 UTC&lt;/dateCreated&gt;
  &lt;changedBy reference=&quot;2&quot;/&gt;
  &lt;dateChanged id=&quot;4&quot;&gt;2017-02-21 11:55:43 UTC&lt;/dateChanged&gt;
  &lt;parameters id=&quot;5&quot;/&gt;
  &lt;id&gt;1022&lt;/id&gt;
  &lt;query&gt;SELECT p.patient_id FROM obs o&amp;#xd;
	INNER JOIN person pe on o.person_id = pe.person_id&amp;#xd;
	INNER JOIN patient p on pe.person_id = p.patient_id&amp;#xd;
	INNER JOIN concept c on o.concept_id = c.concept_id&amp;#xd;
	WHERE o.obs_id = (SELECT MAX(obs_id) from obs WHERE pe.person_id = person_id AND value_datetime is not null)&amp;#xd;
	AND c.uuid = &amp;quot;e1e2efd8-1d5f-11e0-b929-000c29ad1d07&amp;quot;&amp;#xd;
	AND o.voided = 0&amp;#xd;
	AND p.voided = 0&amp;#xd;
	AND DATE(o.value_datetime) = DATE(now());&lt;/query&gt;
&lt;/org.openmrs.module.reporting.cohort.definition.SqlCohortDefinition&gt;</serializedData>
  </org.openmrs.api.db.SerializedObject>
</list>
