<?xml version="1.0" encoding="UTF-8"?>
<list id="1">
  <org.openmrs.Role id="2" uuid="312aaf20-5026-4dc3-a5ee-22f5b70caafc">
    <description>Ability to run reports</description>
    <retired>false</retired>
    <role>Emr-Reports</role>
    <privileges id="3"/>
    <inheritedRoles id="4">
      <org.openmrs.Role id="5" uuid="3771b816-7ed6-475d-8935-6a36ddb7f741">
        <description>&apos;Will have access to all patient queues&apos;</description>
        <retired>false</retired>
        <role>Patient-Listing</role>
        <privileges id="6">
          <org.openmrs.Privilege id="7" uuid="d05118c6-2490-4d78-a41a-390e3596a211">
            <description>Able to get Providers</description>
            <retired>false</retired>
            <privilege>Get Providers</privilege>
          </org.openmrs.Privilege>
          <org.openmrs.Privilege id="8" uuid="d05118c6-2490-4d78-a41a-390e3596a215">
            <description>Able to get visit types</description>
            <retired>false</retired>
            <privilege>Get Visit Types</privilege>
          </org.openmrs.Privilege>
          <org.openmrs.Privilege id="9" uuid="d05118c6-2490-4d78-a41a-390e3596a251">
            <description>Able to get concept entries</description>
            <retired>false</retired>
            <privilege>Get Concepts</privilege>
          </org.openmrs.Privilege>
          <org.openmrs.Privilege id="10" uuid="d05118c6-2490-4d78-a41a-390e3596a249">
            <description>Able to get users in OpenMRS</description>
            <retired>false</retired>
            <privilege>Get Users</privilege>
          </org.openmrs.Privilege>
        </privileges>
        <inheritedRoles id="11"/>
        <childRoles id="12">
          <org.openmrs.Role reference="2"/>
        </childRoles>
      </org.openmrs.Role>
    </inheritedRoles>
    <childRoles id="13"/>
  </org.openmrs.Role>
  <org.openmrs.Role reference="5"/>
  <org.openmrs.Role id="14" uuid="774b2af3-6437-4e5a-a310-547554c7c65c">
    <description>Privileges for non-authenticated users.</description>
    <retired>false</retired>
    <role>Anonymous</role>
    <privileges id="15">
      <org.openmrs.Privilege reference="7"/>
      <org.openmrs.Privilege id="16" uuid="e2ea1b5e-1d5f-11e0-b929-000c29ad1d07">
        <description>Ability to see the navigation menu</description>
        <retired>false</retired>
        <privilege>View Navigation Menu</privilege>
      </org.openmrs.Privilege>
      <org.openmrs.Privilege id="17" uuid="e2ea1a96-1d5f-11e0-b929-000c29ad1d07">
        <description>Able to view locations</description>
        <retired>false</retired>
        <privilege>View Locations</privilege>
      </org.openmrs.Privilege>
      <org.openmrs.Privilege id="18" uuid="d05118c6-2490-4d78-a41a-390e3596a246">
        <description>Able to get locations</description>
        <retired>false</retired>
        <privilege>Get Locations</privilege>
      </org.openmrs.Privilege>
      <org.openmrs.Privilege reference="10"/>
    </privileges>
    <inheritedRoles id="19"/>
    <childRoles id="20"/>
  </org.openmrs.Role>
  <org.openmrs.Role id="21" uuid="8d94f280-c2cc-11de-8d13-0010c6dffd0f">
    <description>General privileges held by all providers</description>
    <retired>false</retired>
    <role>Provider</role>
    <privileges id="22">
      <org.openmrs.Privilege id="23" uuid="e2ea1c26-1d5f-11e0-b929-000c29ad1d07">
        <description>Able to view patient observations</description>
        <retired>false</retired>
        <privilege>View Observations</privilege>
      </org.openmrs.Privilege>
      <org.openmrs.Privilege reference="9"/>
      <org.openmrs.Privilege id="24" uuid="e2ea21bc-1d5f-11e0-b929-000c29ad1d07">
        <description>Able to view person objects</description>
        <retired>false</retired>
        <privilege>View People</privilege>
      </org.openmrs.Privilege>
      <org.openmrs.Privilege id="25" uuid="e2ea20f4-1d5f-11e0-b929-000c29ad1d07">
        <description>Able to view patients</description>
        <retired>false</retired>
        <privilege>View Patients</privilege>
      </org.openmrs.Privilege>
      <org.openmrs.Privilege id="26" uuid="e2ea1f5a-1d5f-11e0-b929-000c29ad1d07">
        <description>Able to view patient identifiers</description>
        <retired>false</retired>
        <privilege>View Patient Identifiers</privilege>
      </org.openmrs.Privilege>
      <org.openmrs.Privilege id="27" uuid="d05118c6-2490-4d78-a41a-390e3596a243">
        <description>Able to get patient identifiers</description>
        <retired>false</retired>
        <privilege>Get Patient Identifiers</privilege>
      </org.openmrs.Privilege>
      <org.openmrs.Privilege id="28" uuid="d05118c6-2490-4d78-a41a-390e3596a224">
        <description>Able to get person objects</description>
        <retired>false</retired>
        <privilege>Get People</privilege>
      </org.openmrs.Privilege>
      <org.openmrs.Privilege id="29" uuid="e2ea04c0-1d5f-11e0-b929-000c29ad1d07">
        <description>Able to view concept entries</description>
        <retired>false</retired>
        <privilege>View Concepts</privilege>
      </org.openmrs.Privilege>
      <org.openmrs.Privilege id="30" uuid="d05118c6-2490-4d78-a41a-390e3596a245">
        <description>Able to get patient observations</description>
        <retired>false</retired>
        <privilege>Get Observations</privilege>
      </org.openmrs.Privilege>
      <org.openmrs.Privilege id="31" uuid="e2ea0722-1d5f-11e0-b929-000c29ad1d07">
        <description>Able to view patient encounters</description>
        <retired>false</retired>
        <privilege>View Encounters</privilege>
      </org.openmrs.Privilege>
      <org.openmrs.Privilege id="32" uuid="d05118c6-2490-4d78-a41a-390e3596a244">
        <description>Able to get patients</description>
        <retired>false</retired>
        <privilege>Get Patients</privilege>
      </org.openmrs.Privilege>
      <org.openmrs.Privilege id="33" uuid="d05118c6-2490-4d78-a41a-390e3596a248">
        <description>Able to get patient encounters</description>
        <retired>false</retired>
        <privilege>Get Encounters</privilege>
      </org.openmrs.Privilege>
    </privileges>
    <inheritedRoles id="34"/>
    <childRoles id="35">
      <org.openmrs.Role id="36" uuid="e2f0acbc-1d5f-11e0-b929-000c29ad1d07">
        <description>Users who are a part of direct patient care.</description>
        <retired>false</retired>
        <role>Clinician</role>
        <privileges id="37"/>
        <inheritedRoles id="38">
          <org.openmrs.Role reference="21"/>
        </inheritedRoles>
        <childRoles id="39">
          <org.openmrs.Role id="40" uuid="e2f0ab90-1d5f-11e0-b929-000c29ad1d07">
            <description>Develop custom logic queries, export patient data with patient de-identification options</description>
            <retired>false</retired>
            <role>Clinical Research Manager</role>
            <privileges id="41"/>
            <inheritedRoles id="42">
              <org.openmrs.Role id="43" uuid="e2f0b0fe-1d5f-11e0-b929-000c29ad1d07">
                <description>Monitoring and Evaluation Coordinator. Report generation, Statistical Analysis</description>
                <retired>false</retired>
                <role>M and E Coordinator</role>
                <privileges id="44">
                  <org.openmrs.Privilege id="45" uuid="e2ea2bd0-1d5f-11e0-b929-000c29ad1d07">
                    <description>Able to view and fill out unpublished forms</description>
                    <retired>false</retired>
                    <privilege>View Unpublished Forms</privilege>
                  </org.openmrs.Privilege>
                </privileges>
                <inheritedRoles id="46">
                  <org.openmrs.Role id="47" uuid="e2f0aee2-1d5f-11e0-b929-000c29ad1d07">
                    <description>Maintains clinical data. data quality assessment, data entry statistics analysis</description>
                    <retired>false</retired>
                    <role>Data Manager</role>
                    <privileges id="48">
                      <org.openmrs.Privilege id="49" uuid="d05118c6-2490-4d78-a41a-390e3596a240">
                        <description>Able to get forms</description>
                        <retired>false</retired>
                        <privilege>Get Forms</privilege>
                      </org.openmrs.Privilege>
                      <org.openmrs.Privilege id="50" uuid="d05118c6-2490-4d78-a41a-390e3596a241">
                        <description>Able to get orders</description>
                        <retired>false</retired>
                        <privilege>Get Orders</privilege>
                      </org.openmrs.Privilege>
                      <org.openmrs.Privilege id="51" uuid="e2e9bc36-1d5f-11e0-b929-000c29ad1d07">
                        <description>Able to delete patient observations</description>
                        <retired>false</retired>
                        <privilege>Delete Observations</privilege>
                      </org.openmrs.Privilege>
                      <org.openmrs.Privilege reference="24"/>
                      <org.openmrs.Privilege id="52" uuid="e2ea08bc-1d5f-11e0-b929-000c29ad1d07">
                        <description>Allows the user to view the formentry archive</description>
                        <retired>false</retired>
                        <privilege>View FormEntry Archive</privilege>
                      </org.openmrs.Privilege>
                      <org.openmrs.Privilege reference="25"/>
                      <org.openmrs.Privilege id="53" uuid="e2e9c5fa-1d5f-11e0-b929-000c29ad1d07">
                        <description>Able to edit patient encounters</description>
                        <retired>false</retired>
                        <privilege>Edit Encounters</privilege>
                      </org.openmrs.Privilege>
                      <org.openmrs.Privilege id="54" uuid="e2ea182a-1d5f-11e0-b929-000c29ad1d07">
                        <description>Able to view forms</description>
                        <retired>false</retired>
                        <privilege>View Forms</privilege>
                      </org.openmrs.Privilege>
                      <org.openmrs.Privilege id="55" uuid="e2e9fbc4-1d5f-11e0-b929-000c29ad1d07">
                        <description>Able to view the &apos;Forms&apos; tab on the patient dashboard</description>
                        <retired>false</retired>
                        <privilege>Patient Dashboard - View Forms Section</privilege>
                      </org.openmrs.Privilege>
                      <org.openmrs.Privilege id="56" uuid="e2ea1758-1d5f-11e0-b929-000c29ad1d07">
                        <description>Allows user to view the queue items</description>
                        <retired>false</retired>
                        <privilege>View FormEntry Queue</privilege>
                      </org.openmrs.Privilege>
                      <org.openmrs.Privilege id="57" uuid="d05118c6-2490-4d78-a41a-390e3596a233">
                        <description>Able to get order types</description>
                        <retired>false</retired>
                        <privilege>Get Order Types</privilege>
                      </org.openmrs.Privilege>
                      <org.openmrs.Privilege id="58" uuid="e2e9d5a4-1d5f-11e0-b929-000c29ad1d07">
                        <description>Able to edit patients</description>
                        <retired>false</retired>
                        <privilege>Edit Patients</privilege>
                      </org.openmrs.Privilege>
                      <org.openmrs.Privilege id="59" uuid="e2e9fc96-1d5f-11e0-b929-000c29ad1d07">
                        <description>Able to view the &apos;Graphs&apos; tab on the patient dashboard</description>
                        <retired>false</retired>
                        <privilege>Patient Dashboard - View Graphs Section</privilege>
                      </org.openmrs.Privilege>
                      <org.openmrs.Privilege id="60" uuid="e2ea2c98-1d5f-11e0-b929-000c29ad1d07">
                        <description>Able to view users in OpenMRS</description>
                        <retired>false</retired>
                        <privilege>View Users</privilege>
                      </org.openmrs.Privilege>
                      <org.openmrs.Privilege id="61" uuid="e2ea2a40-1d5f-11e0-b929-000c29ad1d07">
                        <description>Able to view reports</description>
                        <retired>false</retired>
                        <privilege>View Reports</privilege>
                      </org.openmrs.Privilege>
                      <org.openmrs.Privilege id="62" uuid="e2e9db3a-1d5f-11e0-b929-000c29ad1d07">
                        <description>Allows user to access Form Entry pages/functions</description>
                        <retired>false</retired>
                        <privilege>Form Entry</privilege>
                      </org.openmrs.Privilege>
                      <org.openmrs.Privilege id="63" uuid="d05118c6-2490-4d78-a41a-390e3596a228">
                        <description>Able to get patient programs</description>
                        <retired>false</retired>
                        <privilege>Get Programs</privilege>
                      </org.openmrs.Privilege>
                      <org.openmrs.Privilege reference="28"/>
                      <org.openmrs.Privilege id="64" uuid="d05118c6-2490-4d78-a41a-390e3596a227">
                        <description>Able to get which programs that patients are in</description>
                        <retired>false</retired>
                        <privilege>Get Patient Programs</privilege>
                      </org.openmrs.Privilege>
                      <org.openmrs.Privilege id="65" uuid="e2ea2022-1d5f-11e0-b929-000c29ad1d07">
                        <description>Able to see which programs that patients are in</description>
                        <retired>false</retired>
                        <privilege>View Patient Programs</privilege>
                      </org.openmrs.Privilege>
                      <org.openmrs.Privilege id="66" uuid="e2e9a4da-1d5f-11e0-b929-000c29ad1d07">
                        <description>Able to add patients</description>
                        <retired>false</retired>
                        <privilege>Add Patients</privilege>
                      </org.openmrs.Privilege>
                      <org.openmrs.Privilege id="67" uuid="e2e99b5c-1d5f-11e0-b929-000c29ad1d07">
                        <description>Able to add a cohort to the system</description>
                        <retired>false</retired>
                        <privilege>Add Cohorts</privilege>
                      </org.openmrs.Privilege>
                      <org.openmrs.Privilege id="68" uuid="d05118c6-2490-4d78-a41a-390e3596a263">
                        <description>Able to view the Programs portlet on the patient overview tab</description>
                        <retired>false</retired>
                        <privilege>Patient Overview - View Programs</privilege>
                      </org.openmrs.Privilege>
                      <org.openmrs.Privilege id="69" uuid="e2e9a26e-1d5f-11e0-b929-000c29ad1d07">
                        <description>Able to add orders</description>
                        <retired>false</retired>
                        <privilege>Add Orders</privilege>
                      </org.openmrs.Privilege>
                      <org.openmrs.Privilege id="70" uuid="e2e9c92e-1d5f-11e0-b929-000c29ad1d07">
                        <description>Able to edit patient observations</description>
                        <retired>false</retired>
                        <privilege>Edit Observations</privilege>
                      </org.openmrs.Privilege>
                      <org.openmrs.Privilege id="71" uuid="e2e9cac8-1d5f-11e0-b929-000c29ad1d07">
                        <description>Able to edit patient identifiers</description>
                        <retired>false</retired>
                        <privilege>Edit Patient Identifiers</privilege>
                      </org.openmrs.Privilege>
                      <org.openmrs.Privilege id="72" uuid="e2ea1dc0-1d5f-11e0-b929-000c29ad1d07">
                        <description>Able to view orders</description>
                        <retired>false</retired>
                        <privilege>View Orders</privilege>
                      </org.openmrs.Privilege>
                      <org.openmrs.Privilege id="73" uuid="e2ea1e88-1d5f-11e0-b929-000c29ad1d07">
                        <description>Able to view patient cohorts</description>
                        <retired>false</retired>
                        <privilege>View Patient Cohorts</privilege>
                      </org.openmrs.Privilege>
                      <org.openmrs.Privilege id="74" uuid="e2ea2702-1d5f-11e0-b929-000c29ad1d07">
                        <description>Able to view patient programs</description>
                        <retired>false</retired>
                        <privilege>View Programs</privilege>
                      </org.openmrs.Privilege>
                      <org.openmrs.Privilege reference="17"/>
                      <org.openmrs.Privilege id="75" uuid="e2e9a19c-1d5f-11e0-b929-000c29ad1d07">
                        <description>Able to add patient observations</description>
                        <retired>false</retired>
                        <privilege>Add Observations</privilege>
                      </org.openmrs.Privilege>
                      <org.openmrs.Privilege reference="31"/>
                      <org.openmrs.Privilege id="76" uuid="e2e9fae8-1d5f-11e0-b929-000c29ad1d07">
                        <description>Able to view the &apos;Encounters&apos; tab on the patient dashboard</description>
                        <retired>false</retired>
                        <privilege>Patient Dashboard - View Encounters Section</privilege>
                      </org.openmrs.Privilege>
                      <org.openmrs.Privilege id="77" uuid="e2e9fe44-1d5f-11e0-b929-000c29ad1d07">
                        <description>Able to view the &apos;Summary&apos; tab on the patient dashboard</description>
                        <retired>false</retired>
                        <privilege>Patient Dashboard - View Patient Summary</privilege>
                      </org.openmrs.Privilege>
                      <org.openmrs.Privilege id="78" uuid="e2ea165e-1d5f-11e0-b929-000c29ad1d07">
                        <description>Allows a user to view a formentry error</description>
                        <retired>false</retired>
                        <privilege>View FormEntry Error</privilege>
                      </org.openmrs.Privilege>
                      <org.openmrs.Privilege id="79" uuid="e2e9fa0c-1d5f-11e0-b929-000c29ad1d07">
                        <description>Able to view the &apos;Demographics&apos; tab on the patient dashboard</description>
                        <retired>false</retired>
                        <privilege>Patient Dashboard - View Demographics Section</privilege>
                      </org.openmrs.Privilege>
                      <org.openmrs.Privilege id="80" uuid="e2ea018c-1d5f-11e0-b929-000c29ad1d07">
                        <description>Able to view the &apos;Administration&apos; link in the navigation bar</description>
                        <retired>false</retired>
                        <privilege>View Administration Functions</privilege>
                      </org.openmrs.Privilege>
                      <org.openmrs.Privilege reference="23"/>
                      <org.openmrs.Privilege reference="9"/>
                      <org.openmrs.Privilege id="81" uuid="e2e9e40e-1d5f-11e0-b929-000c29ad1d07">
                        <description>Able to add/edit/delete locations</description>
                        <retired>false</retired>
                        <privilege>Manage Locations</privilege>
                      </org.openmrs.Privilege>
                      <org.openmrs.Privilege id="82" uuid="e2e9dc0c-1d5f-11e0-b929-000c29ad1d07">
                        <description>Able to add/edit/delete user alerts</description>
                        <retired>false</retired>
                        <privilege>Manage Alerts</privilege>
                      </org.openmrs.Privilege>
                      <org.openmrs.Privilege id="83" uuid="e2e99e40-1d5f-11e0-b929-000c29ad1d07">
                        <description>Able to add patient encounters</description>
                        <retired>false</retired>
                        <privilege>Add Encounters</privilege>
                      </org.openmrs.Privilege>
                      <org.openmrs.Privilege id="84" uuid="e2ea1cf8-1d5f-11e0-b929-000c29ad1d07">
                        <description>Able to view order types</description>
                        <retired>false</retired>
                        <privilege>View Order Types</privilege>
                      </org.openmrs.Privilege>
                      <org.openmrs.Privilege id="85" uuid="e2ea0592-1d5f-11e0-b929-000c29ad1d07">
                        <description>Able to view data entry statistics from the admin screen</description>
                        <retired>false</retired>
                        <privilege>View Data Entry Statistics</privilege>
                      </org.openmrs.Privilege>
                      <org.openmrs.Privilege reference="16"/>
                      <org.openmrs.Privilege reference="26"/>
                      <org.openmrs.Privilege reference="27"/>
                      <org.openmrs.Privilege id="86" uuid="e2e9c460-1d5f-11e0-b929-000c29ad1d07">
                        <description>Able to add a cohort to the system</description>
                        <retired>false</retired>
                        <privilege>Edit Cohorts</privilege>
                      </org.openmrs.Privilege>
                      <org.openmrs.Privilege id="87" uuid="d05118c6-2490-4d78-a41a-390e3596a242">
                        <description>Able to get patient cohorts</description>
                        <retired>false</retired>
                        <privilege>Get Patient Cohorts</privilege>
                      </org.openmrs.Privilege>
                      <org.openmrs.Privilege reference="30"/>
                      <org.openmrs.Privilege reference="29"/>
                      <org.openmrs.Privilege reference="32"/>
                      <org.openmrs.Privilege reference="18"/>
                      <org.openmrs.Privilege id="88" uuid="e2e9c1f4-1d5f-11e0-b929-000c29ad1d07">
                        <description>Able to delete report objects</description>
                        <retired>false</retired>
                        <privilege>Delete Report Objects</privilege>
                      </org.openmrs.Privilege>
                      <org.openmrs.Privilege reference="10"/>
                      <org.openmrs.Privilege reference="33"/>
                    </privileges>
                    <inheritedRoles id="89">
                      <org.openmrs.Role id="90" uuid="e2f0add4-1d5f-11e0-b929-000c29ad1d07">
                        <description>Clerks who perform data entry.</description>
                        <retired>false</retired>
                        <role>Data Assistant</role>
                        <privileges id="91">
                          <org.openmrs.Privilege reference="49"/>
                          <org.openmrs.Privilege reference="50"/>
                          <org.openmrs.Privilege reference="51"/>
                          <org.openmrs.Privilege id="92" uuid="fb76beea-ae1a-485e-8853-c7cb9177288b">
                            <description>Able to add visits</description>
                            <retired>false</retired>
                            <privilege>Add Visits</privilege>
                          </org.openmrs.Privilege>
                          <org.openmrs.Privilege id="93" uuid="b71bec10-546c-4c35-a7f3-ed0fb73b1323">
                            <description>Able to view the &apos;Visits&apos; tab on the patient dashboard</description>
                            <retired>false</retired>
                            <privilege>Patient Dashboard - View Visits Section</privilege>
                          </org.openmrs.Privilege>
                          <org.openmrs.Privilege id="94" uuid="d3a786a5-8b16-441c-a43b-441bdac572bf">
                            <description>Able to view visit types</description>
                            <retired>false</retired>
                            <privilege>View Visit Types</privilege>
                          </org.openmrs.Privilege>
                          <org.openmrs.Privilege id="95" uuid="e2e9c12c-1d5f-11e0-b929-000c29ad1d07">
                            <description>Able to delete relationships</description>
                            <retired>false</retired>
                            <privilege>Delete Relationships</privilege>
                          </org.openmrs.Privilege>
                          <org.openmrs.Privilege id="96" uuid="e2e9f5e8-1d5f-11e0-b929-000c29ad1d07">
                            <description>Able to add/edit/delete relationships</description>
                            <retired>false</retired>
                            <privilege>Manage Relationships</privilege>
                          </org.openmrs.Privilege>
                          <org.openmrs.Privilege id="97" uuid="e2e9c6cc-1d5f-11e0-b929-000c29ad1d07">
                            <description>Allows the user to edit a formentry archive</description>
                            <retired>false</retired>
                            <privilege>Edit FormEntry Archive</privilege>
                          </org.openmrs.Privilege>
                          <org.openmrs.Privilege id="98" uuid="e2e9e81e-1d5f-11e0-b929-000c29ad1d07">
                            <description>Able to add/view/delete patient programs</description>
                            <retired>false</retired>
                            <privilege>Manage Programs</privilege>
                          </org.openmrs.Privilege>
                          <org.openmrs.Privilege id="99" uuid="bd69c67f-ab45-453a-b528-0eac1a714dc7">
                            <description>Able to view affinity types</description>
                            <retired>false</retired>
                            <privilege>View Affinity Types</privilege>
                          </org.openmrs.Privilege>
                          <org.openmrs.Privilege id="100" uuid="2c189ac7-41a6-48f6-9305-b866496b7dcf">
                            <description>Remove allergies</description>
                            <retired>false</retired>
                            <privilege>Remove Allergies</privilege>
                          </org.openmrs.Privilege>
                          <org.openmrs.Privilege id="101" uuid="4c26598f-e451-493e-8629-e5a88ba7b6cf">
                            <description>Able to edit visits</description>
                            <retired>false</retired>
                            <privilege>Edit Visits</privilege>
                          </org.openmrs.Privilege>
                          <org.openmrs.Privilege id="102" uuid="5ce9b427-4971-4db9-9b2a-54fd1555dd53">
                            <description>Able to add/edit/retire visit attribute types</description>
                            <retired>false</retired>
                            <privilege>Manage Visit Attribute Types</privilege>
                          </org.openmrs.Privilege>
                          <org.openmrs.Privilege id="103" uuid="e2e9a5ac-1d5f-11e0-b929-000c29ad1d07">
                            <description>Able to add person objects</description>
                            <retired>false</retired>
                            <privilege>Add People</privilege>
                          </org.openmrs.Privilege>
                          <org.openmrs.Privilege reference="57"/>
                          <org.openmrs.Privilege id="104" uuid="e2e9b8ee-1d5f-11e0-b929-000c29ad1d07">
                            <description>Able to delete patient encounters</description>
                            <retired>false</retired>
                            <privilege>Delete Encounters</privilege>
                          </org.openmrs.Privilege>
                          <org.openmrs.Privilege reference="59"/>
                          <org.openmrs.Privilege reference="60"/>
                          <org.openmrs.Privilege id="105" uuid="e2e9a412-1d5f-11e0-b929-000c29ad1d07">
                            <description>Able to add patients to programs</description>
                            <retired>false</retired>
                            <privilege>Add Patient Programs</privilege>
                          </org.openmrs.Privilege>
                          <org.openmrs.Privilege id="106" uuid="a4013a8e-1eaf-43c0-9076-ae38a341b7f5">
                            <description>Able to add/edit/retire gaac</description>
                            <retired>false</retired>
                            <privilege>Manage Gaac</privilege>
                          </org.openmrs.Privilege>
                          <org.openmrs.Privilege reference="61"/>
                          <org.openmrs.Privilege reference="62"/>
                          <org.openmrs.Privilege reference="63"/>
                          <org.openmrs.Privilege reference="28"/>
                          <org.openmrs.Privilege reference="64"/>
                          <org.openmrs.Privilege id="107" uuid="d05118c6-2490-4d78-a41a-390e3596a221">
                            <description>Able to get problems</description>
                            <retired>false</retired>
                            <privilege>Get Problems</privilege>
                          </org.openmrs.Privilege>
                          <org.openmrs.Privilege reference="65"/>
                          <org.openmrs.Privilege id="108" uuid="e2e9d748-1d5f-11e0-b929-000c29ad1d07">
                            <description>Able to edit relationships</description>
                            <retired>false</retired>
                            <privilege>Edit Relationships</privilege>
                          </org.openmrs.Privilege>
                          <org.openmrs.Privilege id="109" uuid="904c0086-4a14-4add-9bc4-d43aa59d1f96">
                            <description>Able to view gaac</description>
                            <retired>false</retired>
                            <privilege>View Gaac</privilege>
                          </org.openmrs.Privilege>
                          <org.openmrs.Privilege id="110" uuid="bc8adda6-7c35-4d42-97b5-6fbee050a19f">
                            <description>Able to add/edit/delete visit types</description>
                            <retired>false</retired>
                            <privilege>Manage Visit Types</privilege>
                          </org.openmrs.Privilege>
                          <org.openmrs.Privilege reference="68"/>
                          <org.openmrs.Privilege id="111" uuid="d05118c6-2490-4d78-a41a-390e3596a260">
                            <description>Able to view the Problem List portlet on the patient overview tab</description>
                            <retired>false</retired>
                            <privilege>Patient Overview - View Problem List</privilege>
                          </org.openmrs.Privilege>
                          <org.openmrs.Privilege id="112" uuid="34988ab3-3681-4d76-9284-403b8e6e0195">
                            <description>Able to edit problems</description>
                            <retired>false</retired>
                            <privilege>Edit Problems</privilege>
                          </org.openmrs.Privilege>
                          <org.openmrs.Privilege id="113" uuid="61182b41-0ca3-4453-a15c-763b461a9ca5">
                            <description>Manage Task Scheduling in Reporting Module</description>
                            <retired>false</retired>
                            <privilege>Manage Scheduled Report Tasks</privilege>
                          </org.openmrs.Privilege>
                          <org.openmrs.Privilege reference="71"/>
                          <org.openmrs.Privilege id="114" uuid="e2e9a674-1d5f-11e0-b929-000c29ad1d07">
                            <description>Able to add relationships</description>
                            <retired>false</retired>
                            <privilege>Add Relationships</privilege>
                          </org.openmrs.Privilege>
                          <org.openmrs.Privilege id="115" uuid="dc103eb5-6f9f-4060-9fa5-a846b14d38b3">
                            <description>Able to add/edit/retire encounter roles</description>
                            <retired>false</retired>
                            <privilege>Manage Encounter Roles</privilege>
                          </org.openmrs.Privilege>
                          <org.openmrs.Privilege reference="74"/>
                          <org.openmrs.Privilege reference="31"/>
                          <org.openmrs.Privilege reference="76"/>
                          <org.openmrs.Privilege id="116" uuid="e2ea065a-1d5f-11e0-b929-000c29ad1d07">
                            <description>Able to view encounter types</description>
                            <retired>false</retired>
                            <privilege>View Encounter Types</privilege>
                          </org.openmrs.Privilege>
                          <org.openmrs.Privilege reference="79"/>
                          <org.openmrs.Privilege id="117" uuid="e2e9ff16-1d5f-11e0-b929-000c29ad1d07">
                            <description>Able to view the &apos;Regimen&apos; tab on the patient dashboard</description>
                            <retired>false</retired>
                            <privilege>Patient Dashboard - View Regimen Section</privilege>
                          </org.openmrs.Privilege>
                          <org.openmrs.Privilege id="118" uuid="f12efebc-5bbb-4467-9944-47511cae42a9">
                            <description>Able to view reason leaving gaac types</description>
                            <retired>false</retired>
                            <privilege>View Reason Leaving Gaac Types</privilege>
                          </org.openmrs.Privilege>
                          <org.openmrs.Privilege reference="9"/>
                          <org.openmrs.Privilege reference="83"/>
                          <org.openmrs.Privilege reference="84"/>
                          <org.openmrs.Privilege id="119" uuid="e2e9c794-1d5f-11e0-b929-000c29ad1d07">
                            <description>Allows a user to edit a formentry error item</description>
                            <retired>false</retired>
                            <privilege>Edit FormEntry Error</privilege>
                          </org.openmrs.Privilege>
                          <org.openmrs.Privilege id="120" uuid="e2e9c85c-1d5f-11e0-b929-000c29ad1d07">
                            <description>Allows the user to edit the formentry queue</description>
                            <retired>false</retired>
                            <privilege>Edit FormEntry Queue</privilege>
                          </org.openmrs.Privilege>
                          <org.openmrs.Privilege reference="27"/>
                          <org.openmrs.Privilege reference="87"/>
                          <org.openmrs.Privilege reference="30"/>
                          <org.openmrs.Privilege reference="32"/>
                          <org.openmrs.Privilege id="121" uuid="d05118c6-2490-4d78-a41a-390e3596a247">
                            <description>Able to get encounter types</description>
                            <retired>false</retired>
                            <privilege>Get Encounter Types</privilege>
                          </org.openmrs.Privilege>
                          <org.openmrs.Privilege reference="18"/>
                          <org.openmrs.Privilege reference="10"/>
                          <org.openmrs.Privilege id="122" uuid="8ef71e48-67a0-48d0-a247-40daba057b17">
                            <description>Able to add/edit/retire affinity types</description>
                            <retired>false</retired>
                            <privilege>Manage Affinity Types</privilege>
                          </org.openmrs.Privilege>
                          <org.openmrs.Privilege reference="33"/>
                          <org.openmrs.Privilege id="123" uuid="eb99106b-2529-41e9-ad49-2b71c3f93965">
                            <description>Able to view gaac member</description>
                            <retired>false</retired>
                            <privilege>View Gaac Member</privilege>
                          </org.openmrs.Privilege>
                          <org.openmrs.Privilege reference="24"/>
                          <org.openmrs.Privilege reference="52"/>
                          <org.openmrs.Privilege id="124" uuid="e2e9f228-1d5f-11e0-b929-000c29ad1d07">
                            <description>Able to add/edit/retire relationship types</description>
                            <retired>false</retired>
                            <privilege>Manage Relationship Types</privilege>
                          </org.openmrs.Privilege>
                          <org.openmrs.Privilege id="125" uuid="e2e9d680-1d5f-11e0-b929-000c29ad1d07">
                            <description>Able to edit person objects</description>
                            <retired>false</retired>
                            <privilege>Edit People</privilege>
                          </org.openmrs.Privilege>
                          <org.openmrs.Privilege reference="25"/>
                          <org.openmrs.Privilege reference="53"/>
                          <org.openmrs.Privilege reference="54"/>
                          <org.openmrs.Privilege reference="55"/>
                          <org.openmrs.Privilege id="126" uuid="31383388-cc09-46dc-af0f-19048d813ff3">
                            <description>Able to view problems</description>
                            <retired>false</retired>
                            <privilege>View Problems</privilege>
                          </org.openmrs.Privilege>
                          <org.openmrs.Privilege reference="56"/>
                          <org.openmrs.Privilege id="127" uuid="e89ac39c-93bc-4728-b9f3-36d4f665b660">
                            <description>Able to add/edit/retire gaac member</description>
                            <retired>false</retired>
                            <privilege>Manage Gaac Member</privilege>
                          </org.openmrs.Privilege>
                          <org.openmrs.Privilege id="128" uuid="e2e9a0c0-1d5f-11e0-b929-000c29ad1d07">
                            <description>Allows user to add a queue item to database</description>
                            <retired>false</retired>
                            <privilege>Add FormEntry Queue</privilege>
                          </org.openmrs.Privilege>
                          <org.openmrs.Privilege reference="58"/>
                          <org.openmrs.Privilege id="129" uuid="5dfa0b3a-bdef-4fbe-8abf-0094af629507">
                            <description>Allows user to export and import metadata</description>
                            <retired>false</retired>
                            <privilege>Share Metadata</privilege>
                          </org.openmrs.Privilege>
                          <org.openmrs.Privilege id="130" uuid="4acb4a01-95ea-4a5b-aab0-80278e193365">
                            <description>Able to run reports</description>
                            <retired>false</retired>
                            <privilege>Run Reports</privilege>
                          </org.openmrs.Privilege>
                          <org.openmrs.Privilege id="131" uuid="e2e9d4c8-1d5f-11e0-b929-000c29ad1d07">
                            <description>Able to edit patients in programs</description>
                            <retired>false</retired>
                            <privilege>Edit Patient Programs</privilege>
                          </org.openmrs.Privilege>
                          <org.openmrs.Privilege id="132" uuid="9603274b-8858-4cba-9113-d3e5b608fcc9">
                            <description>Allows the user to prepare concepts for publishing/subscribing</description>
                            <retired>false</retired>
                            <privilege>Metadata Mapping</privilege>
                          </org.openmrs.Privilege>
                          <org.openmrs.Privilege id="133" uuid="818c1870-e429-4798-8e97-50f75fb8a19d">
                            <description>Able to edit allergies</description>
                            <retired>false</retired>
                            <privilege>Edit Allergies</privilege>
                          </org.openmrs.Privilege>
                          <org.openmrs.Privilege id="134" uuid="d05118c6-2490-4d78-a41a-390e3596a264">
                            <description>Able to view the Patient Actions portlet on the patient overview tab</description>
                            <retired>false</retired>
                            <privilege>Patient Overview - View Patient Actions</privilege>
                          </org.openmrs.Privilege>
                          <org.openmrs.Privilege id="135" uuid="239533d1-1034-417a-9fa5-cbb1ca8722b4">
                            <description>Able to view encounter roles</description>
                            <retired>false</retired>
                            <privilege>View Encounter Roles</privilege>
                          </org.openmrs.Privilege>
                          <org.openmrs.Privilege id="136" uuid="d7719d29-b5f9-4dad-ba76-57ba324d4289">
                            <description>Able to view Provider</description>
                            <retired>false</retired>
                            <privilege>View Providers</privilege>
                          </org.openmrs.Privilege>
                          <org.openmrs.Privilege id="137" uuid="50815cf2-ada9-4054-8981-4e0dcd4ec282">
                            <description>Able to view visit attribute types</description>
                            <retired>false</retired>
                            <privilege>View Visit Attribute Types</privilege>
                          </org.openmrs.Privilege>
                          <org.openmrs.Privilege id="138" uuid="e2e9a340-1d5f-11e0-b929-000c29ad1d07">
                            <description>Able to add patient identifiers</description>
                            <retired>false</retired>
                            <privilege>Add Patient Identifiers</privilege>
                          </org.openmrs.Privilege>
                          <org.openmrs.Privilege id="139" uuid="fe6be567-fb22-4c01-b344-fa85d78a8d8d">
                            <description>Able to view location attribute types</description>
                            <retired>false</retired>
                            <privilege>View Location Attribute Types</privilege>
                          </org.openmrs.Privilege>
                          <org.openmrs.Privilege reference="66"/>
                          <org.openmrs.Privilege id="140" uuid="d05118c6-2490-4d78-a41a-390e3596a210">
                            <description>Able to get encounter roles</description>
                            <retired>false</retired>
                            <privilege>Get Encounter Roles</privilege>
                          </org.openmrs.Privilege>
                          <org.openmrs.Privilege reference="7"/>
                          <org.openmrs.Privilege id="141" uuid="d05118c6-2490-4d78-a41a-390e3596a212">
                            <description>Able to get location attribute types</description>
                            <retired>false</retired>
                            <privilege>Get Location Attribute Types</privilege>
                          </org.openmrs.Privilege>
                          <org.openmrs.Privilege reference="67"/>
                          <org.openmrs.Privilege id="142" uuid="d05118c6-2490-4d78-a41a-390e3596a213">
                            <description>Able to get visit attribute types</description>
                            <retired>false</retired>
                            <privilege>Get Visit Attribute Types</privilege>
                          </org.openmrs.Privilege>
                          <org.openmrs.Privilege id="143" uuid="d05118c6-2490-4d78-a41a-390e3596a214">
                            <description>Able to get visits</description>
                            <retired>false</retired>
                            <privilege>Get Visits</privilege>
                          </org.openmrs.Privilege>
                          <org.openmrs.Privilege reference="8"/>
                          <org.openmrs.Privilege id="144" uuid="e2e9beac-1d5f-11e0-b929-000c29ad1d07">
                            <description>Able to delete patients from programs</description>
                            <retired>false</retired>
                            <privilege>Delete Patient Programs</privilege>
                          </org.openmrs.Privilege>
                          <org.openmrs.Privilege reference="69"/>
                          <org.openmrs.Privilege reference="70"/>
                          <org.openmrs.Privilege id="145" uuid="e2e99f1c-1d5f-11e0-b929-000c29ad1d07">
                            <description>Allows the user to add the formentry archive</description>
                            <retired>false</retired>
                            <privilege>Add FormEntry Archive</privilege>
                          </org.openmrs.Privilege>
                          <org.openmrs.Privilege reference="72"/>
                          <org.openmrs.Privilege id="146" uuid="e2e9fd72-1d5f-11e0-b929-000c29ad1d07">
                            <description>Able to view the &apos;Overview&apos; tab on the patient dashboard</description>
                            <retired>false</retired>
                            <privilege>Patient Dashboard - View Overview Section</privilege>
                          </org.openmrs.Privilege>
                          <org.openmrs.Privilege reference="73"/>
                          <org.openmrs.Privilege reference="17"/>
                          <org.openmrs.Privilege reference="75"/>
                          <org.openmrs.Privilege reference="77"/>
                          <org.openmrs.Privilege reference="78"/>
                          <org.openmrs.Privilege reference="80"/>
                          <org.openmrs.Privilege reference="23"/>
                          <org.openmrs.Privilege id="147" uuid="e617e1e4-6bbb-4d69-82fd-2052ee954b65">
                            <description>Able to delete visits</description>
                            <retired>false</retired>
                            <privilege>Delete Visits</privilege>
                          </org.openmrs.Privilege>
                          <org.openmrs.Privilege reference="82"/>
                          <org.openmrs.Privilege id="148" uuid="e2e99fee-1d5f-11e0-b929-000c29ad1d07">
                            <description>Allows a user to add a formentry error item</description>
                            <retired>false</retired>
                            <privilege>Add FormEntry Error</privilege>
                          </org.openmrs.Privilege>
                          <org.openmrs.Privilege id="149" uuid="1765547e-259b-4f5d-b064-ed1d2bcc9cc4">
                            <description>Remove problems</description>
                            <retired>false</retired>
                            <privilege>Remove Problems</privilege>
                          </org.openmrs.Privilege>
                          <org.openmrs.Privilege reference="85"/>
                          <org.openmrs.Privilege reference="16"/>
                          <org.openmrs.Privilege reference="26"/>
                          <org.openmrs.Privilege id="150" uuid="e3a9d28a-9f20-4b75-8bf1-087016efc2c1">
                            <description>Able to view visits</description>
                            <retired>false</retired>
                            <privilege>View Visits</privilege>
                          </org.openmrs.Privilege>
                          <org.openmrs.Privilege reference="29"/>
                        </privileges>
                        <inheritedRoles id="151"/>
                        <childRoles id="152">
                          <org.openmrs.Role reference="47"/>
                        </childRoles>
                      </org.openmrs.Role>
                    </inheritedRoles>
                    <childRoles id="153">
                      <org.openmrs.Role reference="43"/>
                    </childRoles>
                  </org.openmrs.Role>
                </inheritedRoles>
                <childRoles id="154">
                  <org.openmrs.Role reference="40"/>
                </childRoles>
              </org.openmrs.Role>
              <org.openmrs.Role reference="36"/>
            </inheritedRoles>
            <childRoles id="155"/>
          </org.openmrs.Role>
        </childRoles>
      </org.openmrs.Role>
      <org.openmrs.Role id="156" uuid="e2f0b43c-1d5f-11e0-b929-000c29ad1d07">
        <description>Pharmacist, for encounter provider name only</description>
        <retired>false</retired>
        <role>Technico de Farmacia</role>
        <privileges id="157"/>
        <inheritedRoles id="158">
          <org.openmrs.Role reference="21"/>
        </inheritedRoles>
        <childRoles id="159"/>
      </org.openmrs.Role>
      <org.openmrs.Role id="160" uuid="e2f0a424-1d5f-11e0-b929-000c29ad1d07">
        <description>Coordinador de Adesão</description>
        <retired>false</retired>
        <role>Adherence Coordinator</role>
        <privileges id="161"/>
        <inheritedRoles id="162">
          <org.openmrs.Role reference="21"/>
        </inheritedRoles>
        <childRoles id="163"/>
      </org.openmrs.Role>
      <org.openmrs.Role id="164" uuid="e2f0aff0-1d5f-11e0-b929-000c29ad1d07">
        <description>Enfermaria various</description>
        <retired>false</retired>
        <role>Enfermaria</role>
        <privileges id="165"/>
        <inheritedRoles id="166">
          <org.openmrs.Role reference="21"/>
        </inheritedRoles>
        <childRoles id="167"/>
      </org.openmrs.Role>
    </childRoles>
  </org.openmrs.Role>
  <org.openmrs.Role id="168" uuid="8d94f852-c2cc-11de-8d13-0010c6dffd0f">
    <description>Developers of the OpenMRS .. have additional access to change fundamental structure of the database model.</description>
    <retired>false</retired>
    <role>System Developer</role>
    <privileges id="169"/>
    <inheritedRoles id="170"/>
    <childRoles id="171">
      <org.openmrs.Role id="172" uuid="e2f0a906-1d5f-11e0-b929-000c29ad1d07">
        <description>For Concept Dictionary Synchronization only</description>
        <retired>false</retired>
        <role>Authenticated CDaccess</role>
        <privileges id="173">
          <org.openmrs.Privilege id="174" uuid="e2ea0326-1d5f-11e0-b929-000c29ad1d07">
            <description>Able to view concept datatypes</description>
            <retired>false</retired>
            <privilege>View Concept Datatypes</privilege>
          </org.openmrs.Privilege>
          <org.openmrs.Privilege reference="9"/>
          <org.openmrs.Privilege id="175" uuid="d05118c6-2490-4d78-a41a-390e3596a238">
            <description>Able to get concept classes</description>
            <retired>false</retired>
            <privilege>Get Concept Classes</privilege>
          </org.openmrs.Privilege>
          <org.openmrs.Privilege id="176" uuid="d05118c6-2490-4d78-a41a-390e3596a237">
            <description>Able to get concept datatypes</description>
            <retired>false</retired>
            <privilege>Get Concept Datatypes</privilege>
          </org.openmrs.Privilege>
          <org.openmrs.Privilege reference="29"/>
          <org.openmrs.Privilege id="177" uuid="e2ea025e-1d5f-11e0-b929-000c29ad1d07">
            <description>Able to view concept classes</description>
            <retired>false</retired>
            <privilege>View Concept Classes</privilege>
          </org.openmrs.Privilege>
        </privileges>
        <inheritedRoles id="178">
          <org.openmrs.Role reference="168"/>
        </inheritedRoles>
        <childRoles id="179"/>
      </org.openmrs.Role>
    </childRoles>
  </org.openmrs.Role>
  <org.openmrs.Role reference="160"/>
  <org.openmrs.Role reference="172"/>
  <org.openmrs.Role reference="40"/>
  <org.openmrs.Role reference="36"/>
  <org.openmrs.Role reference="90"/>
  <org.openmrs.Role reference="47"/>
  <org.openmrs.Role reference="164"/>
  <org.openmrs.Role reference="43"/>
  <org.openmrs.Role reference="156"/>
  <org.openmrs.Role id="180" uuid="e2f0b55e-1d5f-11e0-b929-000c29ad1d07">
    <description>Tecnico de Laboratorio, ver todos os resultados laboratoriais</description>
    <retired>false</retired>
    <role>Tecnico de Laboratorio</role>
    <privileges id="181"/>
    <inheritedRoles id="182"/>
    <childRoles id="183"/>
  </org.openmrs.Role>
  <org.openmrs.Role id="184" uuid="f7fd42ef-880e-40c5-972d-e4ae7c990de2">
    <description>Privileges gained once authentication has been established.</description>
    <retired>false</retired>
    <role>Authenticated</role>
    <privileges id="185">
      <org.openmrs.Privilege id="186" uuid="e2ea19c4-1d5f-11e0-b929-000c29ad1d07">
        <description>Able to view patient identifier types</description>
        <retired>false</retired>
        <privilege>View Identifier Types</privilege>
      </org.openmrs.Privilege>
      <org.openmrs.Privilege id="187" uuid="d05118c6-2490-4d78-a41a-390e3596a262">
        <description>Able to view the Relationships portlet on the patient overview tab</description>
        <retired>false</retired>
        <privilege>Patient Overview - View Relationships</privilege>
      </org.openmrs.Privilege>
      <org.openmrs.Privilege id="188" uuid="e2ea27d4-1d5f-11e0-b929-000c29ad1d07">
        <description>Able to view relationship types</description>
        <retired>false</retired>
        <privilege>View Relationship Types</privilege>
      </org.openmrs.Privilege>
      <org.openmrs.Privilege id="189" uuid="e2ea289c-1d5f-11e0-b929-000c29ad1d07">
        <description>Able to view relationships</description>
        <retired>false</retired>
        <privilege>View Relationships</privilege>
      </org.openmrs.Privilege>
      <org.openmrs.Privilege id="190" uuid="e2ea18f2-1d5f-11e0-b929-000c29ad1d07">
        <description>Able to view global properties on the administration screen</description>
        <retired>false</retired>
        <privilege>View Global Properties</privilege>
      </org.openmrs.Privilege>
      <org.openmrs.Privilege id="191" uuid="e2ea228e-1d5f-11e0-b929-000c29ad1d07">
        <description>Able to view person attribute types</description>
        <retired>false</retired>
        <privilege>View Person Attribute Types</privilege>
      </org.openmrs.Privilege>
      <org.openmrs.Privilege id="192" uuid="d05118c6-2490-4d78-a41a-390e3596a239">
        <description>Able to get patient identifier types</description>
        <retired>false</retired>
        <privilege>Get Identifier Types</privilege>
      </org.openmrs.Privilege>
      <org.openmrs.Privilege reference="175"/>
      <org.openmrs.Privilege reference="176"/>
      <org.openmrs.Privilege id="193" uuid="d05118c6-2490-4d78-a41a-390e3596a236">
        <description>Able to get user privileges</description>
        <retired>false</retired>
        <privilege>Get Privileges</privilege>
      </org.openmrs.Privilege>
      <org.openmrs.Privilege reference="17"/>
      <org.openmrs.Privilege id="194" uuid="d05118c6-2490-4d78-a41a-390e3596a235">
        <description>Able to get user roles</description>
        <retired>false</retired>
        <privilege>Get Roles</privilege>
      </org.openmrs.Privilege>
      <org.openmrs.Privilege id="195" uuid="d05118c6-2490-4d78-a41a-390e3596a234">
        <description>Able to get field types</description>
        <retired>false</retired>
        <privilege>Get Field Types</privilege>
      </org.openmrs.Privilege>
      <org.openmrs.Privilege reference="57"/>
      <org.openmrs.Privilege id="196" uuid="d05118c6-2490-4d78-a41a-390e3596a232">
        <description>Able to get relationship types</description>
        <retired>false</retired>
        <privilege>Get Relationship Types</privilege>
      </org.openmrs.Privilege>
      <org.openmrs.Privilege reference="177"/>
      <org.openmrs.Privilege reference="116"/>
      <org.openmrs.Privilege id="197" uuid="e2ea2b08-1d5f-11e0-b929-000c29ad1d07">
        <description>Able to view user roles</description>
        <retired>false</retired>
        <privilege>View Roles</privilege>
      </org.openmrs.Privilege>
      <org.openmrs.Privilege reference="84"/>
      <org.openmrs.Privilege id="198" uuid="e2ea07f4-1d5f-11e0-b929-000c29ad1d07">
        <description>Able to view field types</description>
        <retired>false</retired>
        <privilege>View Field Types</privilege>
      </org.openmrs.Privilege>
      <org.openmrs.Privilege reference="174"/>
      <org.openmrs.Privilege id="199" uuid="d05118c6-2490-4d78-a41a-390e3596a225">
        <description>Able to get person attribute types</description>
        <retired>false</retired>
        <privilege>Get Person Attribute Types</privilege>
      </org.openmrs.Privilege>
      <org.openmrs.Privilege id="200" uuid="e2ea2626-1d5f-11e0-b929-000c29ad1d07">
        <description>Able to view user privileges</description>
        <retired>false</retired>
        <privilege>View Privileges</privilege>
      </org.openmrs.Privilege>
      <org.openmrs.Privilege id="201" uuid="d05118c6-2490-4d78-a41a-390e3596a226">
        <description>Able to get global properties on the administration screen</description>
        <retired>false</retired>
        <privilege>Get Global Properties</privilege>
      </org.openmrs.Privilege>
      <org.openmrs.Privilege reference="121"/>
      <org.openmrs.Privilege reference="18"/>
      <org.openmrs.Privilege id="202" uuid="d05118c6-2490-4d78-a41a-390e3596a223">
        <description>Able to get relationships</description>
        <retired>false</retired>
        <privilege>Get Relationships</privilege>
      </org.openmrs.Privilege>
    </privileges>
    <inheritedRoles id="203"/>
    <childRoles id="204"/>
  </org.openmrs.Role>
  <org.openmrs.Role id="205" uuid="f9cf6ef6-cadb-11e7-85c9-0242ac120002">
    <description></description>
    <retired>false</retired>
    <role>POC: Clinician</role>
    <privileges id="206">
      <org.openmrs.Privilege id="207" uuid="fa014e74-cadb-11e7-85c9-0242ac120002">
        <description></description>
        <retired>false</retired>
        <privilege>Read Patient</privilege>
      </org.openmrs.Privilege>
      <org.openmrs.Privilege id="208" uuid="fa156800-cadb-11e7-85c9-0242ac120002">
        <description></description>
        <retired>false</retired>
        <privilege>Write Drug Prescription</privilege>
      </org.openmrs.Privilege>
      <org.openmrs.Privilege id="209" uuid="fa179455-cadb-11e7-85c9-0242ac120002">
        <description></description>
        <retired>false</retired>
        <privilege>Write Social</privilege>
      </org.openmrs.Privilege>
      <org.openmrs.Privilege id="210" uuid="fa19b92d-cadb-11e7-85c9-0242ac120002">
        <description></description>
        <retired>false</retired>
        <privilege>Write Vital</privilege>
      </org.openmrs.Privilege>
      <org.openmrs.Privilege id="211" uuid="f9fca82a-cadb-11e7-85c9-0242ac120002">
        <description></description>
        <retired>false</retired>
        <privilege>Read Diagnosis</privilege>
      </org.openmrs.Privilege>
      <org.openmrs.Privilege id="212" uuid="f9f608fe-cadb-11e7-85c9-0242ac120002">
        <description></description>
        <retired>false</retired>
        <privilege>Delete Vitals</privilege>
      </org.openmrs.Privilege>
      <org.openmrs.Privilege id="213" uuid="f9f8cdb4-cadb-11e7-85c9-0242ac120002">
        <description></description>
        <retired>false</retired>
        <privilege>Edit Vitals</privilege>
      </org.openmrs.Privilege>
      <org.openmrs.Privilege id="214" uuid="fa05b46d-cadb-11e7-85c9-0242ac120002">
        <description></description>
        <retired>false</retired>
        <privilege>Read Drug Prescription</privilege>
      </org.openmrs.Privilege>
      <org.openmrs.Privilege id="215" uuid="fa091ea2-cadb-11e7-85c9-0242ac120002">
        <description></description>
        <retired>false</retired>
        <privilege>Read Relevant Aspects</privilege>
      </org.openmrs.Privilege>
      <org.openmrs.Privilege id="216" uuid="f9fed74d-cadb-11e7-85c9-0242ac120002">
        <description></description>
        <retired>false</retired>
        <privilege>Read OMS Stadium</privilege>
      </org.openmrs.Privilege>
      <org.openmrs.Privilege id="217" uuid="fa109967-cadb-11e7-85c9-0242ac120002">
        <description></description>
        <retired>false</retired>
        <privilege>Read Vital</privilege>
      </org.openmrs.Privilege>
      <org.openmrs.Privilege id="218" uuid="fa13aff6-cadb-11e7-85c9-0242ac120002">
        <description></description>
        <retired>false</retired>
        <privilege>Write Diagnosis</privilege>
      </org.openmrs.Privilege>
      <org.openmrs.Privilege id="219" uuid="f9fa38c1-cadb-11e7-85c9-0242ac120002">
        <description></description>
        <retired>false</retired>
        <privilege>Read Anamnesis</privilege>
      </org.openmrs.Privilege>
      <org.openmrs.Privilege id="220" uuid="fa0d5fe9-cadb-11e7-85c9-0242ac120002">
        <description></description>
        <retired>false</retired>
        <privilege>Read Social</privilege>
      </org.openmrs.Privilege>
    </privileges>
    <inheritedRoles id="221"/>
    <childRoles id="222"/>
  </org.openmrs.Role>
  <org.openmrs.Role id="223" uuid="f9d09e1e-cadb-11e7-85c9-0242ac120002">
    <description></description>
    <retired>false</retired>
    <role>POC: Clinician (Admin)</role>
    <privileges id="224">
      <org.openmrs.Privilege reference="208"/>
      <org.openmrs.Privilege reference="207"/>
      <org.openmrs.Privilege id="225" uuid="fa1d9b6f-cadb-11e7-85c9-0242ac120002">
        <description></description>
        <retired>false</retired>
        <privilege>Delete Drug Prescription</privilege>
      </org.openmrs.Privilege>
      <org.openmrs.Privilege id="226" uuid="fa213eae-cadb-11e7-85c9-0242ac120002">
        <description></description>
        <retired>false</retired>
        <privilege>Edit Anamnesis</privilege>
      </org.openmrs.Privilege>
      <org.openmrs.Privilege id="227" uuid="fa1f24b4-cadb-11e7-85c9-0242ac120002">
        <description></description>
        <retired>false</retired>
        <privilege>Delete Social</privilege>
      </org.openmrs.Privilege>
      <org.openmrs.Privilege id="228" uuid="fa2de9f8-cadb-11e7-85c9-0242ac120002">
        <description></description>
        <retired>false</retired>
        <privilege>Write Anamnesis</privilege>
      </org.openmrs.Privilege>
      <org.openmrs.Privilege id="229" uuid="fa231808-cadb-11e7-85c9-0242ac120002">
        <description></description>
        <retired>false</retired>
        <privilege>Edit Diagnosis</privilege>
      </org.openmrs.Privilege>
      <org.openmrs.Privilege id="230" uuid="fa28dab1-cadb-11e7-85c9-0242ac120002">
        <description></description>
        <retired>false</retired>
        <privilege>Edit Social</privilege>
      </org.openmrs.Privilege>
      <org.openmrs.Privilege reference="209"/>
      <org.openmrs.Privilege id="231" uuid="fa26717a-cadb-11e7-85c9-0242ac120002">
        <description></description>
        <retired>false</retired>
        <privilege>Edit Drug Prescription</privilege>
      </org.openmrs.Privilege>
      <org.openmrs.Privilege id="232" uuid="fa33dadf-cadb-11e7-85c9-0242ac120002">
        <description></description>
        <retired>false</retired>
        <privilege>Write Relevant Aspects</privilege>
      </org.openmrs.Privilege>
      <org.openmrs.Privilege id="233" uuid="fa27ad06-cadb-11e7-85c9-0242ac120002">
        <description></description>
        <retired>false</retired>
        <privilege>Edit Relevant Aspects</privilege>
      </org.openmrs.Privilege>
      <org.openmrs.Privilege reference="211"/>
      <org.openmrs.Privilege id="234" uuid="fa24741a-cadb-11e7-85c9-0242ac120002">
        <description></description>
        <retired>false</retired>
        <privilege>Edit OMS Stadium</privilege>
      </org.openmrs.Privilege>
      <org.openmrs.Privilege reference="214"/>
      <org.openmrs.Privilege reference="215"/>
      <org.openmrs.Privilege reference="216"/>
      <org.openmrs.Privilege id="235" uuid="fa1b7e17-cadb-11e7-85c9-0242ac120002">
        <description></description>
        <retired>false</retired>
        <privilege>Delete Diagnosis</privilege>
      </org.openmrs.Privilege>
      <org.openmrs.Privilege reference="218"/>
      <org.openmrs.Privilege reference="219"/>
      <org.openmrs.Privilege reference="220"/>
      <org.openmrs.Privilege id="236" uuid="fa303e49-cadb-11e7-85c9-0242ac120002">
        <description></description>
        <retired>false</retired>
        <privilege>Write OMS Stadium</privilege>
      </org.openmrs.Privilege>
    </privileges>
    <inheritedRoles id="237"/>
    <childRoles id="238"/>
  </org.openmrs.Role>
  <org.openmrs.Role id="239" uuid="f9d1c2d6-cadb-11e7-85c9-0242ac120002">
    <description></description>
    <retired>false</retired>
    <role>POC: Nurse</role>
    <privileges id="240">
      <org.openmrs.Privilege reference="217"/>
      <org.openmrs.Privilege reference="210"/>
    </privileges>
    <inheritedRoles id="241"/>
    <childRoles id="242"/>
  </org.openmrs.Role>
  <org.openmrs.Role id="243" uuid="f9d6ceda-cadb-11e7-85c9-0242ac120002">
    <description></description>
    <retired>false</retired>
    <role>POC: Pharmacist</role>
    <privileges id="244">
      <org.openmrs.Privilege id="245" uuid="fa39571e-cadb-11e7-85c9-0242ac120002">
        <description></description>
        <retired>false</retired>
        <privilege>Write Drug Dispensation</privilege>
      </org.openmrs.Privilege>
      <org.openmrs.Privilege id="246" uuid="fa366343-cadb-11e7-85c9-0242ac120002">
        <description></description>
        <retired>false</retired>
        <privilege>Read Drug Dispensation</privilege>
      </org.openmrs.Privilege>
    </privileges>
    <inheritedRoles id="247"/>
    <childRoles id="248"/>
  </org.openmrs.Role>
  <org.openmrs.Role id="249" uuid="f9def5d0-cadb-11e7-85c9-0242ac120002">
    <description></description>
    <retired>false</retired>
    <role>POC: Pharmacist - Independent</role>
    <privileges id="250">
      <org.openmrs.Privilege reference="245"/>
      <org.openmrs.Privilege reference="246"/>
    </privileges>
    <inheritedRoles id="251"/>
    <childRoles id="252"/>
  </org.openmrs.Role>
  <org.openmrs.Role id="253" uuid="f9e3f969-cadb-11e7-85c9-0242ac120002">
    <description></description>
    <retired>false</retired>
    <role>POC: Pharmacist - Independent (Admin)</role>
    <privileges id="254">
      <org.openmrs.Privilege id="255" uuid="fa3ee25e-cadb-11e7-85c9-0242ac120002">
        <description></description>
        <retired>false</retired>
        <privilege>Edit Drug Dispensation</privilege>
      </org.openmrs.Privilege>
      <org.openmrs.Privilege id="256" uuid="fa3d7025-cadb-11e7-85c9-0242ac120002">
        <description></description>
        <retired>false</retired>
        <privilege>Delete Drug Dispensation</privilege>
      </org.openmrs.Privilege>
      <org.openmrs.Privilege reference="245"/>
      <org.openmrs.Privilege reference="246"/>
    </privileges>
    <inheritedRoles id="257"/>
    <childRoles id="258"/>
  </org.openmrs.Role>
  <org.openmrs.Role id="259" uuid="f9e888f0-cadb-11e7-85c9-0242ac120002">
    <description></description>
    <retired>false</retired>
    <role>POC: Pharmacist (Admin)</role>
    <privileges id="260">
      <org.openmrs.Privilege reference="255"/>
      <org.openmrs.Privilege reference="256"/>
      <org.openmrs.Privilege reference="245"/>
      <org.openmrs.Privilege reference="246"/>
    </privileges>
    <inheritedRoles id="261"/>
    <childRoles id="262"/>
  </org.openmrs.Role>
  <org.openmrs.Role id="263" uuid="f9e9acd4-cadb-11e7-85c9-0242ac120002">
    <description></description>
    <retired>false</retired>
    <role>POC: Psychologist - social worker</role>
    <privileges id="264">
      <org.openmrs.Privilege reference="207"/>
      <org.openmrs.Privilege reference="209"/>
      <org.openmrs.Privilege reference="220"/>
    </privileges>
    <inheritedRoles id="265"/>
    <childRoles id="266"/>
  </org.openmrs.Role>
  <org.openmrs.Role id="267" uuid="f9ef3408-cadb-11e7-85c9-0242ac120002">
    <description></description>
    <retired>false</retired>
    <role>POC: Psychologist - social worker (Admin)</role>
    <privileges id="268">
      <org.openmrs.Privilege reference="227"/>
      <org.openmrs.Privilege reference="230"/>
      <org.openmrs.Privilege reference="209"/>
      <org.openmrs.Privilege reference="220"/>
    </privileges>
    <inheritedRoles id="269"/>
    <childRoles id="270"/>
  </org.openmrs.Role>
  <org.openmrs.Role id="271" uuid="f9f0ea27-cadb-11e7-85c9-0242ac120002">
    <description></description>
    <retired>false</retired>
    <role>POC: Receptionist</role>
    <privileges id="272">
      <org.openmrs.Privilege id="273" uuid="fa49b14b-cadb-11e7-85c9-0242ac120002">
        <description></description>
        <retired>false</retired>
        <privilege>Write Patient Program</privilege>
      </org.openmrs.Privilege>
      <org.openmrs.Privilege reference="207"/>
      <org.openmrs.Privilege id="274" uuid="fa463fb8-cadb-11e7-85c9-0242ac120002">
        <description></description>
        <retired>false</retired>
        <privilege>Write Patient</privilege>
      </org.openmrs.Privilege>
      <org.openmrs.Privilege id="275" uuid="fa43a5c1-cadb-11e7-85c9-0242ac120002">
        <description></description>
        <retired>false</retired>
        <privilege>Read Vitals</privilege>
      </org.openmrs.Privilege>
      <org.openmrs.Privilege id="276" uuid="fa40dd04-cadb-11e7-85c9-0242ac120002">
        <description></description>
        <retired>false</retired>
        <privilege>Read Patient Program</privilege>
      </org.openmrs.Privilege>
      <org.openmrs.Privilege reference="209"/>
      <org.openmrs.Privilege id="277" uuid="fa4c6ce2-cadb-11e7-85c9-0242ac120002">
        <description></description>
        <retired>false</retired>
        <privilege>Write Vitals</privilege>
      </org.openmrs.Privilege>
      <org.openmrs.Privilege reference="220"/>
    </privileges>
    <inheritedRoles id="278"/>
    <childRoles id="279"/>
  </org.openmrs.Role>
  <org.openmrs.Role id="280" uuid="f9f406e4-cadb-11e7-85c9-0242ac120002">
    <description></description>
    <retired>false</retired>
    <role>POC: Receptionist (Admin)</role>
    <privileges id="281">
      <org.openmrs.Privilege reference="273"/>
      <org.openmrs.Privilege reference="207"/>
      <org.openmrs.Privilege id="282" uuid="fa50f32e-cadb-11e7-85c9-0242ac120002">
        <description></description>
        <retired>false</retired>
        <privilege>Delete Patient Program</privilege>
      </org.openmrs.Privilege>
      <org.openmrs.Privilege reference="227"/>
      <org.openmrs.Privilege reference="274"/>
      <org.openmrs.Privilege id="283" uuid="fa543898-cadb-11e7-85c9-0242ac120002">
        <description></description>
        <retired>false</retired>
        <privilege>Edit Patient</privilege>
      </org.openmrs.Privilege>
      <org.openmrs.Privilege reference="230"/>
      <org.openmrs.Privilege reference="275"/>
      <org.openmrs.Privilege reference="276"/>
      <org.openmrs.Privilege reference="209"/>
      <org.openmrs.Privilege id="284" uuid="fa57f6cb-cadb-11e7-85c9-0242ac120002">
        <description></description>
        <retired>false</retired>
        <privilege>Edit Patient Program</privilege>
      </org.openmrs.Privilege>
      <org.openmrs.Privilege reference="277"/>
      <org.openmrs.Privilege id="285" uuid="fa4e7eb7-cadb-11e7-85c9-0242ac120002">
        <description></description>
        <retired>false</retired>
        <privilege>Delete Patient</privilege>
      </org.openmrs.Privilege>
      <org.openmrs.Privilege reference="212"/>
      <org.openmrs.Privilege reference="213"/>
      <org.openmrs.Privilege reference="220"/>
    </privileges>
    <inheritedRoles id="286"/>
    <childRoles id="287"/>
  </org.openmrs.Role>
</list>
