<?xml version="1.0" encoding="UTF-8"?>
<list id="1">
  <org.openmrs.Concept id="2" uuid="e8c63cd6-9113-48b2-99cd-6112103f1448">
    <conceptId>22771</conceptId>
    <retired>false</retired>
    <datatype id="3" resolves-to="org.openmrs.ConceptDatatype" uuid="8d4a4ab4-c2cc-11de-8d13-0010c6dffd0f">
      <name>Text</name>
      <description>Free text</description>
      <creator/>
      <dateCreated id="4">2004-02-02 00:00:00</dateCreated>
      <retired>false</retired>
      <conceptDatatypeId>3</conceptDatatypeId>
      <hl7Abbreviation>ST</hl7Abbreviation>
    </datatype>
    <conceptClass id="5" resolves-to="org.openmrs.ConceptClass" uuid="8d4907b2-c2cc-11de-8d13-0010c6dffd0f">
      <name>Test</name>
      <description>Acq. during patient encounter (vitals, labs, etc.)</description>
      <creator/>
      <dateCreated id="6">2004-02-01 21:00:00</dateCreated>
      <retired>false</retired>
      <conceptClassId>1</conceptClassId>
    </conceptClass>
    <set>false</set>
    <creator/>
    <dateCreated id="7">2018-03-16 07:37:37</dateCreated>
    <changedBy/>
    <dateChanged id="8">2018-03-16 08:04:07</dateChanged>
    <names class="set" id="9">
      <org.openmrs.ConceptName id="10" uuid="c6eb5d38-364f-4aef-8d6b-6e5490f0af13">
        <conceptNameId>31275</conceptNameId>
        <concept reference="2"/>
        <name>Identificação da ordem</name>
        <locale id="11">pt</locale>
        <creator/>
        <dateCreated id="12">2018-03-16 07:37:37</dateCreated>
        <voided>true</voided>
        <voidedBy/>
        <dateVoided id="13">2018-03-16 08:00:37</dateVoided>
        <voidReason>Anulada devido ŕ mudança de nome</voidReason>
        <tags class="set" id="14"/>
        <localePreferred>false</localePreferred>
      </org.openmrs.ConceptName>
      <org.openmrs.ConceptName id="15" uuid="50e78bc3-5b0f-4881-9fe1-b2f9a58ebf7f">
        <conceptNameId>31276</conceptNameId>
        <concept reference="2"/>
        <name>Ordem</name>
        <locale id="16">pt</locale>
        <creator/>
        <dateCreated id="17">2018-03-16 07:37:37</dateCreated>
        <voided>true</voided>
        <voidedBy/>
        <dateVoided id="18">2018-03-16 08:00:37</dateVoided>
        <voidReason>Anulada devido ŕ mudança de nome</voidReason>
        <tags class="set" id="19"/>
        <localePreferred>false</localePreferred>
      </org.openmrs.ConceptName>
      <org.openmrs.ConceptName id="20" uuid="dce3007a-cd8e-4e0b-83d3-a3d8c51e36c9">
        <conceptNameId>31280</conceptNameId>
        <concept reference="2"/>
        <name>Número da ordem</name>
        <locale id="21">pt</locale>
        <creator/>
        <dateCreated id="22">2018-03-16 08:01:47</dateCreated>
        <voided>false</voided>
        <tags class="set" id="23"/>
        <conceptNameType>FULLY_SPECIFIED</conceptNameType>
        <localePreferred>true</localePreferred>
      </org.openmrs.ConceptName>
      <org.openmrs.ConceptName id="24" uuid="8b5f3f56-3ed0-4e84-b681-bde983ed18dd">
        <conceptNameId>31277</conceptNameId>
        <concept reference="2"/>
        <name>Order ID</name>
        <locale id="25">en</locale>
        <creator/>
        <dateCreated id="26">2018-03-16 07:37:37</dateCreated>
        <voided>false</voided>
        <tags class="set" id="27"/>
        <conceptNameType>FULLY_SPECIFIED</conceptNameType>
        <localePreferred>true</localePreferred>
      </org.openmrs.ConceptName>
      <org.openmrs.ConceptName id="28" uuid="644a1507-c9eb-4fbe-853e-198b70d0f5ac">
        <conceptNameId>31278</conceptNameId>
        <concept reference="2"/>
        <name>Ordem de exames</name>
        <locale id="29">pt</locale>
        <creator/>
        <dateCreated id="30">2018-03-16 08:00:37</dateCreated>
        <voided>false</voided>
        <tags class="set" id="31"/>
        <conceptNameType>SHORT</conceptNameType>
        <localePreferred>false</localePreferred>
      </org.openmrs.ConceptName>
      <org.openmrs.ConceptName id="32" uuid="4aff9184-44cf-4325-8f25-48fc867b7a16">
        <conceptNameId>31279</conceptNameId>
        <concept reference="2"/>
        <name>Identifica&amp;ccedil;&amp;atilde;o da ordem</name>
        <locale id="33">pt</locale>
        <creator/>
        <dateCreated id="34">2018-03-16 08:00:37</dateCreated>
        <voided>true</voided>
        <voidedBy/>
        <dateVoided id="35">2018-03-16 08:01:47</dateVoided>
        <voidReason>Anulada devido ŕ mudança de nome</voidReason>
        <tags class="set" id="36"/>
        <localePreferred>false</localePreferred>
      </org.openmrs.ConceptName>
    </names>
    <answers class="set" id="37"/>
    <conceptSets class="set" id="38"/>
    <descriptions class="set" id="39">
      <org.openmrs.ConceptDescription id="40" uuid="5f8c5de8-9a9b-4908-86be-46d26ad385ca">
        <conceptDescriptionId>8470</conceptDescriptionId>
        <concept reference="2"/>
        <description>Identifica&amp;amp;ccedil;&amp;amp;atilde;o da ordem de testes requisitados pelo cl&amp;amp;iacute;nico</description>
        <locale id="41">pt</locale>
        <creator/>
        <dateCreated id="42">2018-03-16 07:37:37</dateCreated>
        <changedBy/>
        <dateChanged id="43">2018-03-16 08:01:47</dateChanged>
      </org.openmrs.ConceptDescription>
    </descriptions>
    <conceptMappings class="set" id="44">
      <org.openmrs.ConceptMap id="45" uuid="3d9d7f09-ff26-4d36-9a93-c22b7df1af1c">
        <conceptMapType id="46" uuid="35543629-7d8c-11e1-909d-c80aa9edcf4e">
          <name>SAME-AS</name>
          <creator/>
          <dateCreated id="47">2015-03-21 22:00:00</dateCreated>
          <changedBy/>
          <dateChanged id="48">2017-07-12 09:27:24</dateChanged>
          <retired>false</retired>
          <conceptMapTypeId>1</conceptMapTypeId>
          <isHidden>false</isHidden>
        </conceptMapType>
        <creator/>
        <dateCreated id="49">2018-03-16 08:04:07</dateCreated>
        <conceptMapId>36290</conceptMapId>
        <concept reference="2"/>
        <conceptReferenceTerm id="50" uuid="b1942a21-dd9f-427c-8fce-d697d81612d1">
          <creator/>
          <dateCreated id="51">2017-06-28 04:03:31</dateCreated>
          <changedBy/>
          <dateChanged id="52">2017-07-12 08:57:55</dateChanged>
          <retired>false</retired>
          <conceptReferenceTermId>36621</conceptReferenceTermId>
          <conceptSource id="53" uuid="919246ff-6bfc-42fc-8213-69d2d1ce0db7">
            <name>eSaude</name>
            <description>Mozambique eSaude concept dictionary</description>
            <creator/>
            <dateCreated id="54">2016-10-12 13:42:37</dateCreated>
            <retired>false</retired>
            <conceptSourceId>34</conceptSourceId>
            <hl7Code>eSaude</hl7Code>
          </conceptSource>
          <code>22771</code>
          <conceptReferenceTermMaps id="55"/>
        </conceptReferenceTerm>
      </org.openmrs.ConceptMap>
    </conceptMappings>
  </org.openmrs.Concept>
</list>
