<?xml version="1.0" encoding="UTF-8"?>
<package id="1" uuid="fc1c3c67-a013-41d7-86fc-629787b5d379">
  <dateCreated id="2">2016-08-08 12:06:15</dateCreated>
  <name>consultation-current-story</name>
  <description>consultation-current-story</description>
  <openmrsVersion>1.11.5  Build a0c979</openmrsVersion>
  <version>1</version>
  <groupUuid>e9b78422-3092-4ecb-ab9b-2b9e60c767d7</groupUuid>
  <modules id="3">
    <entry>
      <string>uilibrary</string>
      <string>1.5</string>
    </entry>
    <entry>
      <string>webservices.rest</string>
      <string>2.12.474b25</string>
    </entry>
    <entry>
      <string>htmlformentry</string>
      <string>2.2.1</string>
    </entry>
    <entry>
      <string>patientsummary</string>
      <string>2.0</string>
    </entry>
    <entry>
      <string>calculation</string>
      <string>1.1</string>
    </entry>
    <entry>
      <string>providermanagement</string>
      <string>2.3</string>
    </entry>
    <entry>
      <string>event</string>
      <string>2.2.1</string>
    </entry>
    <entry>
      <string>formfilter</string>
      <string>1.0.0</string>
    </entry>
    <entry>
      <string>bahmniapps</string>
      <string>0.74-SNAPSHOT</string>
    </entry>
    <entry>
      <string>htmlformentry19ext</string>
      <string>1.2</string>
    </entry>
    <entry>
      <string>esaudemetadata</string>
      <string>1.0.0</string>
    </entry>
    <entry>
      <string>reference-data</string>
      <string>0.74-SNAPSHOT</string>
    </entry>
    <entry>
      <string>addresshierarchy</string>
      <string>2.4</string>
    </entry>
    <entry>
      <string>dataentrystatistics</string>
      <string>1.3.1</string>
    </entry>
    <entry>
      <string>serialization.xstream</string>
      <string>0.2.9</string>
    </entry>
    <entry>
      <string>htmlwidgets</string>
      <string>1.6.5</string>
    </entry>
    <entry>
      <string>reportingcompatibility</string>
      <string>1.5.8</string>
    </entry>
    <entry>
      <string>groovy</string>
      <string>2.2.4</string>
    </entry>
    <entry>
      <string>uiframework</string>
      <string>3.4</string>
    </entry>
    <entry>
      <string>bahmnicore</string>
      <string>0.77-SNAPSHOT</string>
    </entry>
    <entry>
      <string>patientflags</string>
      <string>1.3.4</string>
    </entry>
    <entry>
      <string>metadatamapping</string>
      <string>1.0.1</string>
    </entry>
    <entry>
      <string>appframework</string>
      <string>2.1</string>
    </entry>
    <entry>
      <string>logic</string>
      <string>0.5.2</string>
    </entry>
    <entry>
      <string>idgen-webservices</string>
      <string>1.0</string>
    </entry>
    <entry>
      <string>emrapi</string>
      <string>1.11.1</string>
    </entry>
    <entry>
      <string>openmrs-atomfeed</string>
      <string>2.4</string>
    </entry>
    <entry>
      <string>idgen</string>
      <string>2.9.1</string>
    </entry>
    <entry>
      <string>databasebackup</string>
      <string>1.0</string>
    </entry>
    <entry>
      <string>metadatasharing</string>
      <string>1.1.9</string>
    </entry>
    <entry>
      <string>reporting</string>
      <string>0.9.7</string>
    </entry>
    <entry>
      <string>gaac</string>
      <string>1.0-SNAPSHOT</string>
    </entry>
  </modules>
  <items class="linked-hash-set" id="4">
    <org.openmrs.module.metadatasharing.Item id="5" uuid="65896366-17b2-4c3e-9cce-440edcfe7b4e">
      <id>134</id>
      <classname>org.openmrs.Form</classname>
      <dateChanged id="6">2016-08-01 08:11:41</dateChanged>
      <retired>false</retired>
    </org.openmrs.module.metadatasharing.Item>
    <org.openmrs.module.metadatasharing.Item id="7" uuid="782da6c5-3931-4ab5-8e10-2c647ee1cf9d">
      <id>45</id>
      <classname>org.openmrs.EncounterType</classname>
      <dateChanged id="8">2016-08-01 07:56:36</dateChanged>
      <retired>false</retired>
    </org.openmrs.module.metadatasharing.Item>
    <org.openmrs.module.metadatasharing.Item id="9" uuid="fbe61748-a080-4eef-bfff-c47954794f10">
      <id>6441</id>
      <classname>org.openmrs.Concept</classname>
      <dateChanged id="10">2016-08-08 11:57:17</dateChanged>
      <retired>false</retired>
    </org.openmrs.module.metadatasharing.Item>
    <org.openmrs.module.metadatasharing.Item id="11" uuid="4bea5235-1ef3-45a3-a7de-c33850c74422">
      <id>6444</id>
      <classname>org.openmrs.Concept</classname>
      <dateChanged id="12">2016-08-08 11:59:54</dateChanged>
      <retired>false</retired>
    </org.openmrs.module.metadatasharing.Item>
    <org.openmrs.module.metadatasharing.Item id="13" uuid="2afd6fda-3003-4a68-bfa2-9a4e2ab2773d">
      <id>6443</id>
      <classname>org.openmrs.Concept</classname>
      <dateChanged id="14">2016-08-08 11:59:54</dateChanged>
      <retired>false</retired>
    </org.openmrs.module.metadatasharing.Item>
    <org.openmrs.module.metadatasharing.Item id="15" uuid="283e551d-a470-4280-84fd-8f409f3caf7a">
      <id>6442</id>
      <classname>org.openmrs.Concept</classname>
      <dateChanged id="16">2016-08-08 11:59:54</dateChanged>
      <retired>false</retired>
    </org.openmrs.module.metadatasharing.Item>
    <org.openmrs.module.metadatasharing.Item id="17" uuid="694d4767-d8c4-40e2-a68b-a8f3bac8524a">
      <id>6436</id>
      <classname>org.openmrs.Concept</classname>
      <dateChanged id="18">2016-08-08 11:59:54</dateChanged>
      <retired>false</retired>
    </org.openmrs.module.metadatasharing.Item>
  </items>
  <relatedItems class="linked-hash-set" id="19">
    <org.openmrs.module.metadatasharing.Item id="20" uuid="24045d41-df1a-42c5-a323-5bcb98b6b291">
      <id>6252</id>
      <classname>org.openmrs.FormField</classname>
      <dateChanged id="21">2016-08-01 08:13:33</dateChanged>
      <retired>false</retired>
    </org.openmrs.module.metadatasharing.Item>
    <org.openmrs.module.metadatasharing.Item id="22" uuid="3b27ef9e-9acd-43f5-8b70-3608714db890">
      <id>6251</id>
      <classname>org.openmrs.FormField</classname>
      <dateChanged id="23">2016-08-01 08:12:49</dateChanged>
      <retired>false</retired>
    </org.openmrs.module.metadatasharing.Item>
    <org.openmrs.module.metadatasharing.Item id="24" uuid="e279e064-1d5f-11e0-b929-000c29ad1d07">
      <id>5</id>
      <classname>org.openmrs.Field</classname>
      <dateChanged id="25">2006-07-18 11:13:57</dateChanged>
      <retired>false</retired>
    </org.openmrs.module.metadatasharing.Item>
    <org.openmrs.module.metadatasharing.Item id="26" uuid="8d5e7d7c-c2cc-11de-8d13-0010c6dffd0f">
      <id>1</id>
      <classname>org.openmrs.FieldType</classname>
      <dateChanged id="27">2005-02-22 12:43:00</dateChanged>
      <retired>false</retired>
    </org.openmrs.module.metadatasharing.Item>
    <org.openmrs.module.metadatasharing.Item id="28" uuid="e1d9d498-1d5f-11e0-b929-000c29ad1d07">
      <id>1238</id>
      <classname>org.openmrs.Concept</classname>
      <dateChanged id="29">2016-08-08 12:03:46</dateChanged>
      <retired>false</retired>
    </org.openmrs.module.metadatasharing.Item>
    <org.openmrs.module.metadatasharing.Item id="30" uuid="8d4a4c94-c2cc-11de-8d13-0010c6dffd0f">
      <id>4</id>
      <classname>org.openmrs.ConceptDatatype</classname>
      <dateChanged id="31">2004-02-02 00:00:00</dateChanged>
      <retired>false</retired>
    </org.openmrs.module.metadatasharing.Item>
    <org.openmrs.module.metadatasharing.Item id="32" uuid="8d492774-c2cc-11de-8d13-0010c6dffd0f">
      <id>11</id>
      <classname>org.openmrs.ConceptClass</classname>
      <dateChanged id="33">2004-03-02 00:00:00</dateChanged>
      <retired>false</retired>
    </org.openmrs.module.metadatasharing.Item>
    <org.openmrs.module.metadatasharing.Item id="34" uuid="e2403526-1d5f-11e0-b929-000c29ad1d07">
      <id>1238</id>
      <classname>org.openmrs.ConceptName</classname>
      <dateChanged id="35">2005-02-17 18:08:29</dateChanged>
    </org.openmrs.module.metadatasharing.Item>
    <org.openmrs.module.metadatasharing.Item id="36" uuid="e25afce4-1d5f-11e0-b929-000c29ad1d07">
      <id>4776</id>
      <classname>org.openmrs.ConceptName</classname>
      <dateChanged id="37">2010-02-16 16:22:41</dateChanged>
    </org.openmrs.module.metadatasharing.Item>
    <org.openmrs.module.metadatasharing.Item id="38" uuid="e22267b2-1d5f-11e0-b929-000c29ad1d07">
      <id>1229</id>
      <classname>org.openmrs.ConceptDescription</classname>
      <dateChanged id="39">2005-02-17 18:08:29</dateChanged>
    </org.openmrs.module.metadatasharing.Item>
    <org.openmrs.module.metadatasharing.Item id="40" uuid="e2341f3e-1d5f-11e0-b929-000c29ad1d07">
      <id>3319</id>
      <classname>org.openmrs.ConceptDescription</classname>
      <dateChanged id="41">2010-02-16 16:22:41</dateChanged>
    </org.openmrs.module.metadatasharing.Item>
    <org.openmrs.module.metadatasharing.Item id="42" uuid="d567e986-c200-4948-a1d3-d58aed699bb4">
      <id>29</id>
      <classname>org.openmrs.ConceptMap</classname>
      <dateChanged id="43">2016-08-08 12:03:46</dateChanged>
    </org.openmrs.module.metadatasharing.Item>
    <org.openmrs.module.metadatasharing.Item id="44" uuid="35543629-7d8c-11e1-909d-c80aa9edcf4e">
      <id>1</id>
      <classname>org.openmrs.ConceptMapType</classname>
      <dateChanged id="45">2013-01-17 00:00:00</dateChanged>
      <retired>false</retired>
    </org.openmrs.module.metadatasharing.Item>
    <org.openmrs.module.metadatasharing.Item id="46" uuid="7e899d6c-82e6-11e5-998d-00ff8de77a20">
      <id>1392</id>
      <classname>org.openmrs.ConceptReferenceTerm</classname>
      <dateChanged id="47">2005-02-17 18:08:29</dateChanged>
      <retired>false</retired>
    </org.openmrs.module.metadatasharing.Item>
    <org.openmrs.module.metadatasharing.Item id="48" uuid="919246ff-6bfc-42fc-8213-69d2d1ce0db7">
      <id>1</id>
      <classname>org.openmrs.ConceptSource</classname>
      <dateChanged id="49">2013-01-08 10:29:09</dateChanged>
      <retired>false</retired>
    </org.openmrs.module.metadatasharing.Item>
    <org.openmrs.module.metadatasharing.Item id="50" uuid="d277616c-66b7-49c2-b7c4-dee202bf3d34">
      <id>6253</id>
      <classname>org.openmrs.FormField</classname>
      <dateChanged id="51">2016-08-01 08:13:53</dateChanged>
      <retired>false</retired>
    </org.openmrs.module.metadatasharing.Item>
    <org.openmrs.module.metadatasharing.Item id="52" uuid="035718f6-d666-42ed-9066-b79021a7482e">
      <id>776</id>
      <classname>org.openmrs.Field</classname>
      <dateChanged id="53">2016-08-01 08:13:50</dateChanged>
      <retired>false</retired>
    </org.openmrs.module.metadatasharing.Item>
    <org.openmrs.module.metadatasharing.Item id="54" uuid="e5e270eb-37fa-42cc-8b2d-f36972e24376">
      <id>775</id>
      <classname>org.openmrs.Field</classname>
      <dateChanged id="55">2016-08-01 08:13:25</dateChanged>
      <retired>false</retired>
    </org.openmrs.module.metadatasharing.Item>
    <org.openmrs.module.metadatasharing.Item id="56" uuid="8d4a48b6-c2cc-11de-8d13-0010c6dffd0f">
      <id>2</id>
      <classname>org.openmrs.ConceptDatatype</classname>
      <dateChanged id="57">2004-02-02 00:00:00</dateChanged>
      <retired>false</retired>
    </org.openmrs.module.metadatasharing.Item>
    <org.openmrs.module.metadatasharing.Item id="58" uuid="8d491e50-c2cc-11de-8d13-0010c6dffd0f">
      <id>7</id>
      <classname>org.openmrs.ConceptClass</classname>
      <dateChanged id="59">2004-03-02 00:00:00</dateChanged>
      <retired>false</retired>
    </org.openmrs.module.metadatasharing.Item>
    <org.openmrs.module.metadatasharing.Item id="60" uuid="f057c336-534b-4d0c-89e7-9e6b63224442">
      <id>7720</id>
      <classname>org.openmrs.ConceptName</classname>
      <dateChanged id="61">2016-08-01 08:10:55</dateChanged>
    </org.openmrs.module.metadatasharing.Item>
    <org.openmrs.module.metadatasharing.Item id="62" uuid="23e9f33a-a1cb-41f7-93f5-2fb58ee5a305">
      <id>7721</id>
      <classname>org.openmrs.ConceptName</classname>
      <dateChanged id="63">2016-08-01 08:10:55</dateChanged>
    </org.openmrs.module.metadatasharing.Item>
    <org.openmrs.module.metadatasharing.Item id="64" uuid="e4a2fc26-4307-4b36-b6fd-2e4195daf7ce">
      <id>3155</id>
      <classname>org.openmrs.ConceptAnswer</classname>
      <dateChanged id="65">2016-08-01 08:10:55</dateChanged>
    </org.openmrs.module.metadatasharing.Item>
    <org.openmrs.module.metadatasharing.Item id="66" uuid="feb94661-9f27-4a63-972f-39ebb63c7022">
      <id>6440</id>
      <classname>org.openmrs.Concept</classname>
      <dateChanged id="67">2016-08-08 11:57:17</dateChanged>
      <retired>false</retired>
    </org.openmrs.module.metadatasharing.Item>
    <org.openmrs.module.metadatasharing.Item id="68" uuid="2cdce0c7-8bfc-4147-ba3f-aef37718dd5a">
      <id>7718</id>
      <classname>org.openmrs.ConceptName</classname>
      <dateChanged id="69">2016-08-01 08:08:01</dateChanged>
    </org.openmrs.module.metadatasharing.Item>
    <org.openmrs.module.metadatasharing.Item id="70" uuid="a9d50978-ea1e-45cb-88ed-0cb1e370cd08">
      <id>7719</id>
      <classname>org.openmrs.ConceptName</classname>
      <dateChanged id="71">2016-08-01 08:08:01</dateChanged>
    </org.openmrs.module.metadatasharing.Item>
    <org.openmrs.module.metadatasharing.Item id="72" uuid="785ed883-5be6-42bf-be5e-c3f41af14e55">
      <id>21</id>
      <classname>org.openmrs.ConceptMap</classname>
      <dateChanged id="73">2016-08-08 11:57:17</dateChanged>
    </org.openmrs.module.metadatasharing.Item>
    <org.openmrs.module.metadatasharing.Item id="74" uuid="9a322980-466b-462f-838f-9c56664555f5">
      <id>4723</id>
      <classname>org.openmrs.ConceptReferenceTerm</classname>
      <dateChanged id="75">2016-08-08 11:57:17</dateChanged>
      <retired>false</retired>
    </org.openmrs.module.metadatasharing.Item>
    <org.openmrs.module.metadatasharing.Item id="76" uuid="50101056-b8ec-4219-8291-9662bd832ff6">
      <id>3154</id>
      <classname>org.openmrs.ConceptAnswer</classname>
      <dateChanged id="77">2016-08-01 08:10:55</dateChanged>
    </org.openmrs.module.metadatasharing.Item>
    <org.openmrs.module.metadatasharing.Item id="78" uuid="a1822bef-5bef-44b5-89d7-9dcf261731c1">
      <id>6438</id>
      <classname>org.openmrs.Concept</classname>
      <dateChanged id="79">2016-08-08 11:57:17</dateChanged>
      <retired>false</retired>
    </org.openmrs.module.metadatasharing.Item>
    <org.openmrs.module.metadatasharing.Item id="80" uuid="eed0a8eb-611d-4c86-9087-8be2ea7c5dc6">
      <id>7714</id>
      <classname>org.openmrs.ConceptName</classname>
      <dateChanged id="81">2016-08-01 08:05:23</dateChanged>
    </org.openmrs.module.metadatasharing.Item>
    <org.openmrs.module.metadatasharing.Item id="82" uuid="b959a03f-42a4-4077-9e73-a5dfb6ed11aa">
      <id>7715</id>
      <classname>org.openmrs.ConceptName</classname>
      <dateChanged id="83">2016-08-01 08:05:23</dateChanged>
    </org.openmrs.module.metadatasharing.Item>
    <org.openmrs.module.metadatasharing.Item id="84" uuid="00ea5730-d047-4d93-8301-6203494edb51">
      <id>22</id>
      <classname>org.openmrs.ConceptMap</classname>
      <dateChanged id="85">2016-08-08 11:57:17</dateChanged>
    </org.openmrs.module.metadatasharing.Item>
    <org.openmrs.module.metadatasharing.Item id="86" uuid="416497d1-fb3d-437e-a555-c3378b0c0662">
      <id>4724</id>
      <classname>org.openmrs.ConceptReferenceTerm</classname>
      <dateChanged id="87">2016-08-08 11:57:17</dateChanged>
      <retired>false</retired>
    </org.openmrs.module.metadatasharing.Item>
    <org.openmrs.module.metadatasharing.Item id="88" uuid="db5d7652-617d-420b-8386-e877065260d9">
      <id>3156</id>
      <classname>org.openmrs.ConceptAnswer</classname>
      <dateChanged id="89">2016-08-01 08:10:55</dateChanged>
    </org.openmrs.module.metadatasharing.Item>
    <org.openmrs.module.metadatasharing.Item id="90" uuid="5456047f-8e81-4f68-b061-5ee10a2f0a11">
      <id>6439</id>
      <classname>org.openmrs.Concept</classname>
      <dateChanged id="91">2016-08-08 11:57:17</dateChanged>
      <retired>false</retired>
    </org.openmrs.module.metadatasharing.Item>
    <org.openmrs.module.metadatasharing.Item id="92" uuid="f229f7b5-8e8d-4671-84f6-c0f9a77b2ae7">
      <id>7716</id>
      <classname>org.openmrs.ConceptName</classname>
      <dateChanged id="93">2016-08-01 08:06:23</dateChanged>
    </org.openmrs.module.metadatasharing.Item>
    <org.openmrs.module.metadatasharing.Item id="94" uuid="11bdc7b7-06b3-4d63-b6bf-2af9700deee4">
      <id>7717</id>
      <classname>org.openmrs.ConceptName</classname>
      <dateChanged id="95">2016-08-01 08:06:23</dateChanged>
    </org.openmrs.module.metadatasharing.Item>
    <org.openmrs.module.metadatasharing.Item id="96" uuid="17e14cda-3223-478b-9d92-e6db9067bbc0">
      <id>23</id>
      <classname>org.openmrs.ConceptMap</classname>
      <dateChanged id="97">2016-08-08 11:57:17</dateChanged>
    </org.openmrs.module.metadatasharing.Item>
    <org.openmrs.module.metadatasharing.Item id="98" uuid="5a331fef-92ff-4a28-b9b7-3815b88e4798">
      <id>4725</id>
      <classname>org.openmrs.ConceptReferenceTerm</classname>
      <dateChanged id="99">2016-08-08 11:57:17</dateChanged>
      <retired>false</retired>
    </org.openmrs.module.metadatasharing.Item>
    <org.openmrs.module.metadatasharing.Item id="100" uuid="c6ffdc2f-6759-4a46-a65a-7ded1642a789">
      <id>3157</id>
      <classname>org.openmrs.ConceptAnswer</classname>
      <dateChanged id="101">2016-08-01 08:10:55</dateChanged>
    </org.openmrs.module.metadatasharing.Item>
    <org.openmrs.module.metadatasharing.Item id="102" uuid="9b9c21dc-e1fb-4cd9-a947-186e921fa78c">
      <id>6437</id>
      <classname>org.openmrs.Concept</classname>
      <dateChanged id="103">2016-08-08 11:57:17</dateChanged>
      <retired>false</retired>
    </org.openmrs.module.metadatasharing.Item>
    <org.openmrs.module.metadatasharing.Item id="104" uuid="d4b4fb2a-58a0-4be4-998e-15198cf17ba1">
      <id>7712</id>
      <classname>org.openmrs.ConceptName</classname>
      <dateChanged id="105">2016-08-01 08:04:41</dateChanged>
    </org.openmrs.module.metadatasharing.Item>
    <org.openmrs.module.metadatasharing.Item id="106" uuid="95756a11-1c1f-4493-9297-5ffb3a11d5a6">
      <id>7713</id>
      <classname>org.openmrs.ConceptName</classname>
      <dateChanged id="107">2016-08-01 08:04:41</dateChanged>
    </org.openmrs.module.metadatasharing.Item>
    <org.openmrs.module.metadatasharing.Item id="108" uuid="4c29671b-e103-45d2-ae5f-c983356bcc43">
      <id>24</id>
      <classname>org.openmrs.ConceptMap</classname>
      <dateChanged id="109">2016-08-08 11:57:17</dateChanged>
    </org.openmrs.module.metadatasharing.Item>
    <org.openmrs.module.metadatasharing.Item id="110" uuid="7bd26644-6b51-4c3e-8124-542092ad6b68">
      <id>4726</id>
      <classname>org.openmrs.ConceptReferenceTerm</classname>
      <dateChanged id="111">2016-08-08 11:57:17</dateChanged>
      <retired>false</retired>
    </org.openmrs.module.metadatasharing.Item>
    <org.openmrs.module.metadatasharing.Item id="112" uuid="8258db08-6829-4d19-bfd1-937ebb291b1b">
      <id>20</id>
      <classname>org.openmrs.ConceptMap</classname>
      <dateChanged id="113">2016-08-08 11:57:17</dateChanged>
    </org.openmrs.module.metadatasharing.Item>
    <org.openmrs.module.metadatasharing.Item id="114" uuid="6bbc7a9b-137e-4f1c-bd23-3d0793c401f4">
      <id>4722</id>
      <classname>org.openmrs.ConceptReferenceTerm</classname>
      <dateChanged id="115">2016-08-08 11:57:17</dateChanged>
      <retired>false</retired>
    </org.openmrs.module.metadatasharing.Item>
    <org.openmrs.module.metadatasharing.Item id="116" uuid="8d4a5af4-c2cc-11de-8d13-0010c6dffd0f">
      <id>8</id>
      <classname>org.openmrs.ConceptDatatype</classname>
      <dateChanged id="117">2004-07-22 00:00:00</dateChanged>
      <retired>false</retired>
    </org.openmrs.module.metadatasharing.Item>
    <org.openmrs.module.metadatasharing.Item id="118" uuid="8c23e671-f265-44c8-a276-7f55308505d4">
      <id>7726</id>
      <classname>org.openmrs.ConceptName</classname>
      <dateChanged id="119">2016-08-03 08:41:40</dateChanged>
    </org.openmrs.module.metadatasharing.Item>
    <org.openmrs.module.metadatasharing.Item id="120" uuid="d053d404-b0d6-4500-aa20-6e637153792b">
      <id>7727</id>
      <classname>org.openmrs.ConceptName</classname>
      <dateChanged id="121">2016-08-03 08:41:40</dateChanged>
    </org.openmrs.module.metadatasharing.Item>
    <org.openmrs.module.metadatasharing.Item id="122" uuid="0c510c5f-9c79-4820-9bda-fbfcfe64c770">
      <id>25</id>
      <classname>org.openmrs.ConceptMap</classname>
      <dateChanged id="123">2016-08-08 11:59:54</dateChanged>
    </org.openmrs.module.metadatasharing.Item>
    <org.openmrs.module.metadatasharing.Item id="124" uuid="8e5491bc-7904-4c45-af0d-393a6572d5c9">
      <id>4727</id>
      <classname>org.openmrs.ConceptReferenceTerm</classname>
      <dateChanged id="125">2016-08-08 11:59:54</dateChanged>
      <retired>false</retired>
    </org.openmrs.module.metadatasharing.Item>
    <org.openmrs.module.metadatasharing.Item id="126" uuid="539ba2ef-38f8-4f5b-a9e6-fc71dcbc9178">
      <id>7724</id>
      <classname>org.openmrs.ConceptName</classname>
      <dateChanged id="127">2016-08-03 08:39:41</dateChanged>
    </org.openmrs.module.metadatasharing.Item>
    <org.openmrs.module.metadatasharing.Item id="128" uuid="7d64122d-cd5f-473d-8e81-43f03710b22f">
      <id>7725</id>
      <classname>org.openmrs.ConceptName</classname>
      <dateChanged id="129">2016-08-03 08:39:41</dateChanged>
    </org.openmrs.module.metadatasharing.Item>
    <org.openmrs.module.metadatasharing.Item id="130" uuid="e623a04c-9816-40c1-a22e-3cb50e944908">
      <id>26</id>
      <classname>org.openmrs.ConceptMap</classname>
      <dateChanged id="131">2016-08-08 11:59:54</dateChanged>
    </org.openmrs.module.metadatasharing.Item>
    <org.openmrs.module.metadatasharing.Item id="132" uuid="50056f5b-61fe-4d82-a90f-db55e3332110">
      <id>4728</id>
      <classname>org.openmrs.ConceptReferenceTerm</classname>
      <dateChanged id="133">2016-08-08 11:59:54</dateChanged>
      <retired>false</retired>
    </org.openmrs.module.metadatasharing.Item>
    <org.openmrs.module.metadatasharing.Item id="134" uuid="cb26e519-0485-467b-bb6b-ffb0fca2df18">
      <id>7722</id>
      <classname>org.openmrs.ConceptName</classname>
      <dateChanged id="135">2016-08-03 08:38:22</dateChanged>
    </org.openmrs.module.metadatasharing.Item>
    <org.openmrs.module.metadatasharing.Item id="136" uuid="bcc9b2e9-747b-426f-b12b-6b38c62ee553">
      <id>7723</id>
      <classname>org.openmrs.ConceptName</classname>
      <dateChanged id="137">2016-08-03 08:38:22</dateChanged>
    </org.openmrs.module.metadatasharing.Item>
    <org.openmrs.module.metadatasharing.Item id="138" uuid="7af3e8cb-eda2-45f3-9522-ed35d87ea2e1">
      <id>27</id>
      <classname>org.openmrs.ConceptMap</classname>
      <dateChanged id="139">2016-08-08 11:59:54</dateChanged>
    </org.openmrs.module.metadatasharing.Item>
    <org.openmrs.module.metadatasharing.Item id="140" uuid="e3c2edb6-b4a5-4179-8918-df339b45905d">
      <id>4729</id>
      <classname>org.openmrs.ConceptReferenceTerm</classname>
      <dateChanged id="141">2016-08-08 11:59:54</dateChanged>
      <retired>false</retired>
    </org.openmrs.module.metadatasharing.Item>
    <org.openmrs.module.metadatasharing.Item id="142" uuid="8d4a4ab4-c2cc-11de-8d13-0010c6dffd0f">
      <id>3</id>
      <classname>org.openmrs.ConceptDatatype</classname>
      <dateChanged id="143">2004-02-02 00:00:00</dateChanged>
      <retired>false</retired>
    </org.openmrs.module.metadatasharing.Item>
    <org.openmrs.module.metadatasharing.Item id="144" uuid="3fcca05c-f429-4278-ae64-17eaf960bae7">
      <id>7710</id>
      <classname>org.openmrs.ConceptName</classname>
      <dateChanged id="145">2016-08-01 08:00:01</dateChanged>
    </org.openmrs.module.metadatasharing.Item>
    <org.openmrs.module.metadatasharing.Item id="146" uuid="6dc7995d-bf7d-4a35-9581-50aa243dc930">
      <id>7711</id>
      <classname>org.openmrs.ConceptName</classname>
      <dateChanged id="147">2016-08-01 08:00:01</dateChanged>
    </org.openmrs.module.metadatasharing.Item>
    <org.openmrs.module.metadatasharing.Item id="148" uuid="06fb530f-08cd-4648-be0e-a8c8ab5b77ca">
      <id>28</id>
      <classname>org.openmrs.ConceptMap</classname>
      <dateChanged id="149">2016-08-08 11:59:54</dateChanged>
    </org.openmrs.module.metadatasharing.Item>
    <org.openmrs.module.metadatasharing.Item id="150" uuid="5bbd378b-34a3-42c1-ba85-aa54c079a852">
      <id>4730</id>
      <classname>org.openmrs.ConceptReferenceTerm</classname>
      <dateChanged id="151">2016-08-08 11:59:54</dateChanged>
      <retired>false</retired>
    </org.openmrs.module.metadatasharing.Item>
  </relatedItems>
</package>
