<?xml version="1.0" encoding="UTF-8"?>
<list id="1">
  <org.openmrs.Form id="2" uuid="65896366-17b2-4c3e-9cce-440edcfe7b4e">
    <name>POC: CURRENT STORY</name>
    <creator/>
    <dateCreated id="3">2016-08-01 08:11:41</dateCreated>
    <retired>false</retired>
    <formId>134</formId>
    <version>1.0</version>
    <published>false</published>
    <encounterType id="4" resolves-to="org.openmrs.EncounterType" uuid="782da6c5-3931-4ab5-8e10-2c647ee1cf9d">
      <name>POC: CURRENT STORY</name>
      <description>A consultation where the clinician writes the notes about the current clinical observations of the patient</description>
      <creator/>
      <dateCreated id="5">2016-08-01 07:56:36</dateCreated>
      <retired>false</retired>
      <encounterTypeId>45</encounterTypeId>
    </encounterType>
    <formFields id="6">
      <org.openmrs.FormField id="7" uuid="24045d41-df1a-42c5-a323-5bcb98b6b291">
        <creator/>
        <dateCreated id="8">2016-08-01 08:13:25</dateCreated>
        <changedBy/>
        <dateChanged id="9">2016-08-01 08:13:33</dateChanged>
        <retired>false</retired>
        <formFieldId>6252</formFieldId>
        <parent id="10" uuid="3b27ef9e-9acd-43f5-8b70-3608714db890">
          <creator/>
          <dateCreated id="11">2016-08-01 08:12:49</dateCreated>
          <retired>false</retired>
          <formFieldId>6251</formFieldId>
          <form reference="2"/>
          <field id="12" resolves-to="org.openmrs.Field" uuid="e279e064-1d5f-11e0-b929-000c29ad1d07">
            <name>OBS</name>
            <description>Obs section of form</description>
            <creator/>
            <dateCreated id="13">2006-07-18 11:13:57</dateCreated>
            <retired>false</retired>
            <fieldId>5</fieldId>
            <fieldType id="14" resolves-to="org.openmrs.FieldType" uuid="8d5e7d7c-c2cc-11de-8d13-0010c6dffd0f">
              <name>Concept</name>
              <description></description>
              <creator/>
              <dateCreated id="15">2005-02-22 12:43:00</dateCreated>
              <retired>false</retired>
              <fieldTypeId>1</fieldTypeId>
              <isSet>false</isSet>
            </fieldType>
            <concept id="16" resolves-to="org.openmrs.Concept" uuid="e1d9d498-1d5f-11e0-b929-000c29ad1d07">
              <conceptId>1238</conceptId>
              <retired>false</retired>
              <datatype id="17" resolves-to="org.openmrs.ConceptDatatype" uuid="8d4a4c94-c2cc-11de-8d13-0010c6dffd0f">
                <name>N/A</name>
                <description>Not associated with a datatype (e.g., term answers, sets)</description>
                <creator/>
                <dateCreated id="18">2004-02-02 00:00:00</dateCreated>
                <retired>false</retired>
                <conceptDatatypeId>4</conceptDatatypeId>
                <hl7Abbreviation>ZZ</hl7Abbreviation>
              </datatype>
              <conceptClass id="19" resolves-to="org.openmrs.ConceptClass" uuid="8d492774-c2cc-11de-8d13-0010c6dffd0f">
                <name>Misc</name>
                <description>Terms which don&apos;t fit other categories</description>
                <creator/>
                <dateCreated id="20">2004-03-02 00:00:00</dateCreated>
                <retired>false</retired>
                <conceptClassId>11</conceptClassId>
              </conceptClass>
              <set>false</set>
              <creator/>
              <dateCreated id="21">2005-02-17 18:08:29</dateCreated>
              <changedBy/>
              <dateChanged id="22">2016-08-08 12:03:46</dateChanged>
              <names class="set" id="23">
                <org.openmrs.ConceptName id="24" uuid="e2403526-1d5f-11e0-b929-000c29ad1d07">
                  <conceptNameId>1238</conceptNameId>
                  <concept reference="16"/>
                  <name>MEDICAL RECORD OBSERVATIONS</name>
                  <locale id="25">en</locale>
                  <creator/>
                  <dateCreated id="26">2005-02-17 18:08:29</dateCreated>
                  <voided>false</voided>
                  <tags class="set" id="27"/>
                  <conceptNameType>FULLY_SPECIFIED</conceptNameType>
                  <localePreferred>true</localePreferred>
                </org.openmrs.ConceptName>
                <org.openmrs.ConceptName id="28" uuid="e25afce4-1d5f-11e0-b929-000c29ad1d07">
                  <conceptNameId>4776</conceptNameId>
                  <concept reference="16"/>
                  <name>FICHA DE OBSERVACAO MEDICA</name>
                  <locale id="29">pt</locale>
                  <creator/>
                  <dateCreated id="30">2010-02-16 16:22:41</dateCreated>
                  <voided>false</voided>
                  <tags class="set" id="31"/>
                  <conceptNameType>FULLY_SPECIFIED</conceptNameType>
                  <localePreferred>true</localePreferred>
                </org.openmrs.ConceptName>
              </names>
              <answers class="set" id="32"/>
              <conceptSets class="set" id="33"/>
              <descriptions class="set" id="34">
                <org.openmrs.ConceptDescription id="35" uuid="e2341f3e-1d5f-11e0-b929-000c29ad1d07">
                  <conceptDescriptionId>3319</conceptDescriptionId>
                  <concept reference="16"/>
                  <description>DescriÃ§Ã£o geral de observaÃ§Ãµes clÃ­nicas inseridos no sistema.</description>
                  <locale id="36">pt</locale>
                  <creator/>
                  <dateCreated id="37">2010-02-16 16:22:41</dateCreated>
                </org.openmrs.ConceptDescription>
                <org.openmrs.ConceptDescription id="38" uuid="e22267b2-1d5f-11e0-b929-000c29ad1d07">
                  <conceptDescriptionId>1229</conceptDescriptionId>
                  <concept reference="16"/>
                  <description>General description for clinical observations entered into the system.</description>
                  <locale id="39">en</locale>
                  <creator/>
                  <dateCreated id="40">2005-02-17 18:08:29</dateCreated>
                </org.openmrs.ConceptDescription>
              </descriptions>
              <conceptMappings class="set" id="41">
                <org.openmrs.ConceptMap id="42" uuid="d567e986-c200-4948-a1d3-d58aed699bb4">
                  <conceptMapType id="43" resolves-to="org.openmrs.ConceptMapType" uuid="35543629-7d8c-11e1-909d-c80aa9edcf4e">
                    <name>SAME-AS</name>
                    <creator/>
                    <dateCreated id="44">2013-01-17 00:00:00</dateCreated>
                    <retired>false</retired>
                    <conceptMapTypeId>1</conceptMapTypeId>
                    <isHidden>false</isHidden>
                  </conceptMapType>
                  <creator/>
                  <dateCreated id="45">2016-08-08 12:03:46</dateCreated>
                  <conceptMapId>29</conceptMapId>
                  <concept reference="16"/>
                  <conceptReferenceTerm id="46" resolves-to="org.openmrs.ConceptReferenceTerm" uuid="7e899d6c-82e6-11e5-998d-00ff8de77a20">
                    <creator/>
                    <dateCreated id="47">2005-02-17 18:08:29</dateCreated>
                    <retired>false</retired>
                    <conceptReferenceTermId>1392</conceptReferenceTermId>
                    <conceptSource id="48" resolves-to="org.openmrs.ConceptSource" uuid="919246ff-6bfc-42fc-8213-69d2d1ce0db7">
                      <name>eSaude</name>
                      <description>Fonte de dicionario de conceitos para implementacao do OpenMRS em Mozambique (eSaude)</description>
                      <creator/>
                      <dateCreated id="49">2013-01-08 10:29:09</dateCreated>
                      <retired>false</retired>
                      <conceptSourceId>1</conceptSourceId>
                      <hl7Code>eSaude</hl7Code>
                    </conceptSource>
                    <code>1238</code>
                    <conceptReferenceTermMaps id="50"/>
                  </conceptReferenceTerm>
                </org.openmrs.ConceptMap>
              </conceptMappings>
            </concept>
            <tableName></tableName>
            <attributeName></attributeName>
            <defaultValue></defaultValue>
            <selectMultiple>false</selectMultiple>
          </field>
          <required>false</required>
          <sortWeight>500.0</sortWeight>
        </parent>
        <form reference="2"/>
        <field id="51" resolves-to="org.openmrs.Field" uuid="e5e270eb-37fa-42cc-8b2d-f36972e24376">
          <name>RELATO DE OBSERVAÇÃO</name>
          <description></description>
          <creator/>
          <dateCreated id="52">2016-08-01 08:13:25</dateCreated>
          <retired>false</retired>
          <fieldId>775</fieldId>
          <fieldType reference="14"/>
          <concept id="53" uuid="694d4767-d8c4-40e2-a68b-a8f3bac8524a">
            <conceptId>6436</conceptId>
            <retired>false</retired>
            <datatype id="54" resolves-to="org.openmrs.ConceptDatatype" uuid="8d4a4ab4-c2cc-11de-8d13-0010c6dffd0f">
              <name>Text</name>
              <description>Free text</description>
              <creator/>
              <dateCreated id="55">2004-02-02 00:00:00</dateCreated>
              <retired>false</retired>
              <conceptDatatypeId>3</conceptDatatypeId>
              <hl7Abbreviation>ST</hl7Abbreviation>
            </datatype>
            <conceptClass reference="19"/>
            <set>false</set>
            <creator/>
            <dateCreated id="56">2016-08-01 08:00:01</dateCreated>
            <changedBy/>
            <dateChanged id="57">2016-08-08 11:59:54</dateChanged>
            <names class="set" id="58">
              <org.openmrs.ConceptName id="59" uuid="3fcca05c-f429-4278-ae64-17eaf960bae7">
                <conceptNameId>7710</conceptNameId>
                <concept reference="53"/>
                <name>OBSERVATION STORY</name>
                <locale id="60">en</locale>
                <creator/>
                <dateCreated id="61">2016-08-01 08:00:01</dateCreated>
                <voided>false</voided>
                <tags class="set" id="62"/>
                <conceptNameType>FULLY_SPECIFIED</conceptNameType>
                <localePreferred>true</localePreferred>
              </org.openmrs.ConceptName>
              <org.openmrs.ConceptName id="63" uuid="6dc7995d-bf7d-4a35-9581-50aa243dc930">
                <conceptNameId>7711</conceptNameId>
                <concept reference="53"/>
                <name>RELATO DE OBSERVAÇÃO</name>
                <locale id="64">pt</locale>
                <creator/>
                <dateCreated id="65">2016-08-01 08:00:01</dateCreated>
                <voided>false</voided>
                <tags class="set" id="66"/>
                <conceptNameType>FULLY_SPECIFIED</conceptNameType>
                <localePreferred>true</localePreferred>
              </org.openmrs.ConceptName>
            </names>
            <answers class="set" id="67"/>
            <conceptSets class="set" id="68"/>
            <descriptions class="set" id="69"/>
            <conceptMappings class="set" id="70">
              <org.openmrs.ConceptMap id="71" uuid="06fb530f-08cd-4648-be0e-a8c8ab5b77ca">
                <conceptMapType reference="43"/>
                <creator/>
                <dateCreated id="72">2016-08-08 11:59:54</dateCreated>
                <conceptMapId>28</conceptMapId>
                <concept reference="53"/>
                <conceptReferenceTerm id="73" resolves-to="org.openmrs.ConceptReferenceTerm" uuid="5bbd378b-34a3-42c1-ba85-aa54c079a852">
                  <creator/>
                  <dateCreated id="74">2016-08-08 11:59:54</dateCreated>
                  <retired>false</retired>
                  <conceptReferenceTermId>4730</conceptReferenceTermId>
                  <conceptSource reference="48"/>
                  <code>6436</code>
                  <conceptReferenceTermMaps id="75"/>
                </conceptReferenceTerm>
              </org.openmrs.ConceptMap>
            </conceptMappings>
          </concept>
          <tableName></tableName>
          <attributeName></attributeName>
          <defaultValue></defaultValue>
          <selectMultiple>false</selectMultiple>
        </field>
        <required>true</required>
        <sortWeight>500.0</sortWeight>
      </org.openmrs.FormField>
      <org.openmrs.FormField reference="10"/>
      <org.openmrs.FormField id="76" uuid="d277616c-66b7-49c2-b7c4-dee202bf3d34">
        <creator/>
        <dateCreated id="77">2016-08-01 08:13:50</dateCreated>
        <changedBy/>
        <dateChanged id="78">2016-08-01 08:13:53</dateChanged>
        <retired>false</retired>
        <formFieldId>6253</formFieldId>
        <parent reference="10"/>
        <form reference="2"/>
        <field id="79" resolves-to="org.openmrs.Field" uuid="035718f6-d666-42ed-9066-b79021a7482e">
          <name>TIPO DE MENSAGEM</name>
          <description></description>
          <creator/>
          <dateCreated id="80">2016-08-01 08:13:50</dateCreated>
          <retired>false</retired>
          <fieldId>776</fieldId>
          <fieldType reference="14"/>
          <concept id="81" uuid="fbe61748-a080-4eef-bfff-c47954794f10">
            <conceptId>6441</conceptId>
            <retired>false</retired>
            <datatype id="82" resolves-to="org.openmrs.ConceptDatatype" uuid="8d4a48b6-c2cc-11de-8d13-0010c6dffd0f">
              <name>Coded</name>
              <description>Value determined by term dictionary lookup (i.e., term identifier)</description>
              <creator/>
              <dateCreated id="83">2004-02-02 00:00:00</dateCreated>
              <retired>false</retired>
              <conceptDatatypeId>2</conceptDatatypeId>
              <hl7Abbreviation>CWE</hl7Abbreviation>
            </datatype>
            <conceptClass id="84" resolves-to="org.openmrs.ConceptClass" uuid="8d491e50-c2cc-11de-8d13-0010c6dffd0f">
              <name>Question</name>
              <description>Question (eg, patient history, SF36 items)</description>
              <creator/>
              <dateCreated id="85">2004-03-02 00:00:00</dateCreated>
              <retired>false</retired>
              <conceptClassId>7</conceptClassId>
            </conceptClass>
            <set>false</set>
            <creator/>
            <dateCreated id="86">2016-08-01 08:10:55</dateCreated>
            <changedBy/>
            <dateChanged id="87">2016-08-08 11:57:17</dateChanged>
            <names class="set" id="88">
              <org.openmrs.ConceptName id="89" uuid="f057c336-534b-4d0c-89e7-9e6b63224442">
                <conceptNameId>7720</conceptNameId>
                <concept reference="81"/>
                <name>TIPO DE MENSAGEM</name>
                <locale id="90">pt</locale>
                <creator/>
                <dateCreated id="91">2016-08-01 08:10:55</dateCreated>
                <voided>false</voided>
                <tags class="set" id="92"/>
                <conceptNameType>FULLY_SPECIFIED</conceptNameType>
                <localePreferred>true</localePreferred>
              </org.openmrs.ConceptName>
              <org.openmrs.ConceptName id="93" uuid="23e9f33a-a1cb-41f7-93f5-2fb58ee5a305">
                <conceptNameId>7721</conceptNameId>
                <concept reference="81"/>
                <name>TYPE OF MESSAGE</name>
                <locale id="94">en</locale>
                <creator/>
                <dateCreated id="95">2016-08-01 08:10:55</dateCreated>
                <voided>false</voided>
                <tags class="set" id="96"/>
                <conceptNameType>FULLY_SPECIFIED</conceptNameType>
                <localePreferred>true</localePreferred>
              </org.openmrs.ConceptName>
            </names>
            <answers class="set" id="97">
              <org.openmrs.ConceptAnswer id="98" uuid="50101056-b8ec-4219-8291-9662bd832ff6">
                <conceptAnswerId>3154</conceptAnswerId>
                <concept reference="81"/>
                <answerConcept id="99" resolves-to="org.openmrs.Concept" uuid="a1822bef-5bef-44b5-89d7-9dcf261731c1">
                  <conceptId>6438</conceptId>
                  <retired>false</retired>
                  <datatype reference="17"/>
                  <conceptClass reference="19"/>
                  <set>false</set>
                  <creator/>
                  <dateCreated id="100">2016-08-01 08:05:23</dateCreated>
                  <changedBy/>
                  <dateChanged id="101">2016-08-08 11:57:17</dateChanged>
                  <names class="set" id="102">
                    <org.openmrs.ConceptName id="103" uuid="eed0a8eb-611d-4c86-9087-8be2ea7c5dc6">
                      <conceptNameId>7714</conceptNameId>
                      <concept reference="99"/>
                      <name>INFORMATION</name>
                      <locale id="104">en</locale>
                      <creator/>
                      <dateCreated id="105">2016-08-01 08:05:23</dateCreated>
                      <voided>false</voided>
                      <tags class="set" id="106"/>
                      <conceptNameType>FULLY_SPECIFIED</conceptNameType>
                      <localePreferred>true</localePreferred>
                    </org.openmrs.ConceptName>
                    <org.openmrs.ConceptName id="107" uuid="b959a03f-42a4-4077-9e73-a5dfb6ed11aa">
                      <conceptNameId>7715</conceptNameId>
                      <concept reference="99"/>
                      <name>INFORMAÇÃO</name>
                      <locale id="108">pt</locale>
                      <creator/>
                      <dateCreated id="109">2016-08-01 08:05:23</dateCreated>
                      <voided>false</voided>
                      <tags class="set" id="110"/>
                      <conceptNameType>FULLY_SPECIFIED</conceptNameType>
                      <localePreferred>true</localePreferred>
                    </org.openmrs.ConceptName>
                  </names>
                  <answers class="set" id="111"/>
                  <conceptSets class="set" id="112"/>
                  <descriptions class="set" id="113"/>
                  <conceptMappings class="set" id="114">
                    <org.openmrs.ConceptMap id="115" uuid="00ea5730-d047-4d93-8301-6203494edb51">
                      <conceptMapType reference="43"/>
                      <creator/>
                      <dateCreated id="116">2016-08-08 11:57:17</dateCreated>
                      <conceptMapId>22</conceptMapId>
                      <concept reference="99"/>
                      <conceptReferenceTerm id="117" resolves-to="org.openmrs.ConceptReferenceTerm" uuid="416497d1-fb3d-437e-a555-c3378b0c0662">
                        <creator/>
                        <dateCreated id="118">2016-08-08 11:57:17</dateCreated>
                        <retired>false</retired>
                        <conceptReferenceTermId>4724</conceptReferenceTermId>
                        <conceptSource reference="48"/>
                        <code>6438</code>
                        <conceptReferenceTermMaps id="119"/>
                      </conceptReferenceTerm>
                    </org.openmrs.ConceptMap>
                  </conceptMappings>
                </answerConcept>
                <creator/>
                <dateCreated id="120">2016-08-01 08:10:55</dateCreated>
                <sortWeight>2.0</sortWeight>
              </org.openmrs.ConceptAnswer>
              <org.openmrs.ConceptAnswer id="121" uuid="e4a2fc26-4307-4b36-b6fd-2e4195daf7ce">
                <conceptAnswerId>3155</conceptAnswerId>
                <concept reference="81"/>
                <answerConcept id="122" resolves-to="org.openmrs.Concept" uuid="feb94661-9f27-4a63-972f-39ebb63c7022">
                  <conceptId>6440</conceptId>
                  <retired>false</retired>
                  <datatype reference="17"/>
                  <conceptClass reference="19"/>
                  <set>false</set>
                  <creator/>
                  <dateCreated id="123">2016-08-01 08:08:01</dateCreated>
                  <changedBy/>
                  <dateChanged id="124">2016-08-08 11:57:17</dateChanged>
                  <names class="set" id="125">
                    <org.openmrs.ConceptName id="126" uuid="2cdce0c7-8bfc-4147-ba3f-aef37718dd5a">
                      <conceptNameId>7718</conceptNameId>
                      <concept reference="122"/>
                      <name>SUCESSO</name>
                      <locale id="127">pt</locale>
                      <creator/>
                      <dateCreated id="128">2016-08-01 08:08:01</dateCreated>
                      <voided>false</voided>
                      <tags class="set" id="129"/>
                      <conceptNameType>FULLY_SPECIFIED</conceptNameType>
                      <localePreferred>true</localePreferred>
                    </org.openmrs.ConceptName>
                    <org.openmrs.ConceptName id="130" uuid="a9d50978-ea1e-45cb-88ed-0cb1e370cd08">
                      <conceptNameId>7719</conceptNameId>
                      <concept reference="122"/>
                      <name>SUCCESS</name>
                      <locale id="131">en</locale>
                      <creator/>
                      <dateCreated id="132">2016-08-01 08:08:01</dateCreated>
                      <voided>false</voided>
                      <tags class="set" id="133"/>
                      <conceptNameType>FULLY_SPECIFIED</conceptNameType>
                      <localePreferred>true</localePreferred>
                    </org.openmrs.ConceptName>
                  </names>
                  <answers class="set" id="134"/>
                  <conceptSets class="set" id="135"/>
                  <descriptions class="set" id="136"/>
                  <conceptMappings class="set" id="137">
                    <org.openmrs.ConceptMap id="138" uuid="785ed883-5be6-42bf-be5e-c3f41af14e55">
                      <conceptMapType reference="43"/>
                      <creator/>
                      <dateCreated id="139">2016-08-08 11:57:17</dateCreated>
                      <conceptMapId>21</conceptMapId>
                      <concept reference="122"/>
                      <conceptReferenceTerm id="140" resolves-to="org.openmrs.ConceptReferenceTerm" uuid="9a322980-466b-462f-838f-9c56664555f5">
                        <creator/>
                        <dateCreated id="141">2016-08-08 11:57:17</dateCreated>
                        <retired>false</retired>
                        <conceptReferenceTermId>4723</conceptReferenceTermId>
                        <conceptSource reference="48"/>
                        <code>6440</code>
                        <conceptReferenceTermMaps id="142"/>
                      </conceptReferenceTerm>
                    </org.openmrs.ConceptMap>
                  </conceptMappings>
                </answerConcept>
                <creator/>
                <dateCreated id="143">2016-08-01 08:10:55</dateCreated>
                <sortWeight>1.0</sortWeight>
              </org.openmrs.ConceptAnswer>
              <org.openmrs.ConceptAnswer id="144" uuid="db5d7652-617d-420b-8386-e877065260d9">
                <conceptAnswerId>3156</conceptAnswerId>
                <concept reference="81"/>
                <answerConcept id="145" resolves-to="org.openmrs.Concept" uuid="5456047f-8e81-4f68-b061-5ee10a2f0a11">
                  <conceptId>6439</conceptId>
                  <retired>false</retired>
                  <datatype reference="17"/>
                  <conceptClass reference="19"/>
                  <set>false</set>
                  <creator/>
                  <dateCreated id="146">2016-08-01 08:06:23</dateCreated>
                  <changedBy/>
                  <dateChanged id="147">2016-08-08 11:57:17</dateChanged>
                  <names class="set" id="148">
                    <org.openmrs.ConceptName id="149" uuid="f229f7b5-8e8d-4671-84f6-c0f9a77b2ae7">
                      <conceptNameId>7716</conceptNameId>
                      <concept reference="145"/>
                      <name>WARNING</name>
                      <locale id="150">en</locale>
                      <creator/>
                      <dateCreated id="151">2016-08-01 08:06:23</dateCreated>
                      <voided>false</voided>
                      <tags class="set" id="152"/>
                      <conceptNameType>FULLY_SPECIFIED</conceptNameType>
                      <localePreferred>true</localePreferred>
                    </org.openmrs.ConceptName>
                    <org.openmrs.ConceptName id="153" uuid="11bdc7b7-06b3-4d63-b6bf-2af9700deee4">
                      <conceptNameId>7717</conceptNameId>
                      <concept reference="145"/>
                      <name>PRECAUÇÃO</name>
                      <locale id="154">pt</locale>
                      <creator/>
                      <dateCreated id="155">2016-08-01 08:06:23</dateCreated>
                      <voided>false</voided>
                      <tags class="set" id="156"/>
                      <conceptNameType>FULLY_SPECIFIED</conceptNameType>
                      <localePreferred>true</localePreferred>
                    </org.openmrs.ConceptName>
                  </names>
                  <answers class="set" id="157"/>
                  <conceptSets class="set" id="158"/>
                  <descriptions class="set" id="159"/>
                  <conceptMappings class="set" id="160">
                    <org.openmrs.ConceptMap id="161" uuid="17e14cda-3223-478b-9d92-e6db9067bbc0">
                      <conceptMapType reference="43"/>
                      <creator/>
                      <dateCreated id="162">2016-08-08 11:57:17</dateCreated>
                      <conceptMapId>23</conceptMapId>
                      <concept reference="145"/>
                      <conceptReferenceTerm id="163" resolves-to="org.openmrs.ConceptReferenceTerm" uuid="5a331fef-92ff-4a28-b9b7-3815b88e4798">
                        <creator/>
                        <dateCreated id="164">2016-08-08 11:57:17</dateCreated>
                        <retired>false</retired>
                        <conceptReferenceTermId>4725</conceptReferenceTermId>
                        <conceptSource reference="48"/>
                        <code>6439</code>
                        <conceptReferenceTermMaps id="165"/>
                      </conceptReferenceTerm>
                    </org.openmrs.ConceptMap>
                  </conceptMappings>
                </answerConcept>
                <creator/>
                <dateCreated id="166">2016-08-01 08:10:55</dateCreated>
                <sortWeight>3.0</sortWeight>
              </org.openmrs.ConceptAnswer>
              <org.openmrs.ConceptAnswer id="167" uuid="c6ffdc2f-6759-4a46-a65a-7ded1642a789">
                <conceptAnswerId>3157</conceptAnswerId>
                <concept reference="81"/>
                <answerConcept id="168" resolves-to="org.openmrs.Concept" uuid="9b9c21dc-e1fb-4cd9-a947-186e921fa78c">
                  <conceptId>6437</conceptId>
                  <retired>false</retired>
                  <datatype reference="17"/>
                  <conceptClass reference="19"/>
                  <set>false</set>
                  <creator/>
                  <dateCreated id="169">2016-08-01 08:04:41</dateCreated>
                  <changedBy/>
                  <dateChanged id="170">2016-08-08 11:57:17</dateChanged>
                  <names class="set" id="171">
                    <org.openmrs.ConceptName id="172" uuid="d4b4fb2a-58a0-4be4-998e-15198cf17ba1">
                      <conceptNameId>7712</conceptNameId>
                      <concept reference="168"/>
                      <name>ERRO</name>
                      <locale id="173">pt</locale>
                      <creator/>
                      <dateCreated id="174">2016-08-01 08:04:41</dateCreated>
                      <voided>false</voided>
                      <tags class="set" id="175"/>
                      <conceptNameType>FULLY_SPECIFIED</conceptNameType>
                      <localePreferred>true</localePreferred>
                    </org.openmrs.ConceptName>
                    <org.openmrs.ConceptName id="176" uuid="95756a11-1c1f-4493-9297-5ffb3a11d5a6">
                      <conceptNameId>7713</conceptNameId>
                      <concept reference="168"/>
                      <name>ERROR</name>
                      <locale id="177">en</locale>
                      <creator/>
                      <dateCreated id="178">2016-08-01 08:04:41</dateCreated>
                      <voided>false</voided>
                      <tags class="set" id="179"/>
                      <conceptNameType>FULLY_SPECIFIED</conceptNameType>
                      <localePreferred>true</localePreferred>
                    </org.openmrs.ConceptName>
                  </names>
                  <answers class="set" id="180"/>
                  <conceptSets class="set" id="181"/>
                  <descriptions class="set" id="182"/>
                  <conceptMappings class="set" id="183">
                    <org.openmrs.ConceptMap id="184" uuid="4c29671b-e103-45d2-ae5f-c983356bcc43">
                      <conceptMapType reference="43"/>
                      <creator/>
                      <dateCreated id="185">2016-08-08 11:57:17</dateCreated>
                      <conceptMapId>24</conceptMapId>
                      <concept reference="168"/>
                      <conceptReferenceTerm id="186" resolves-to="org.openmrs.ConceptReferenceTerm" uuid="7bd26644-6b51-4c3e-8124-542092ad6b68">
                        <creator/>
                        <dateCreated id="187">2016-08-08 11:57:17</dateCreated>
                        <retired>false</retired>
                        <conceptReferenceTermId>4726</conceptReferenceTermId>
                        <conceptSource reference="48"/>
                        <code>6437</code>
                        <conceptReferenceTermMaps id="188"/>
                      </conceptReferenceTerm>
                    </org.openmrs.ConceptMap>
                  </conceptMappings>
                </answerConcept>
                <creator/>
                <dateCreated id="189">2016-08-01 08:10:55</dateCreated>
                <sortWeight>4.0</sortWeight>
              </org.openmrs.ConceptAnswer>
            </answers>
            <conceptSets class="set" id="190"/>
            <descriptions class="set" id="191"/>
            <conceptMappings class="set" id="192">
              <org.openmrs.ConceptMap id="193" uuid="8258db08-6829-4d19-bfd1-937ebb291b1b">
                <conceptMapType reference="43"/>
                <creator/>
                <dateCreated id="194">2016-08-08 11:57:17</dateCreated>
                <conceptMapId>20</conceptMapId>
                <concept reference="81"/>
                <conceptReferenceTerm id="195" resolves-to="org.openmrs.ConceptReferenceTerm" uuid="6bbc7a9b-137e-4f1c-bd23-3d0793c401f4">
                  <creator/>
                  <dateCreated id="196">2016-08-08 11:57:17</dateCreated>
                  <retired>false</retired>
                  <conceptReferenceTermId>4722</conceptReferenceTermId>
                  <conceptSource reference="48"/>
                  <code>6441</code>
                  <conceptReferenceTermMaps id="197"/>
                </conceptReferenceTerm>
              </org.openmrs.ConceptMap>
            </conceptMappings>
          </concept>
          <tableName></tableName>
          <attributeName></attributeName>
          <defaultValue></defaultValue>
          <selectMultiple>false</selectMultiple>
        </field>
        <required>true</required>
        <sortWeight>250.0</sortWeight>
      </org.openmrs.FormField>
    </formFields>
  </org.openmrs.Form>
  <org.openmrs.EncounterType reference="4"/>
  <org.openmrs.Concept reference="81"/>
  <org.openmrs.Concept id="198" uuid="4bea5235-1ef3-45a3-a7de-c33850c74422">
    <conceptId>6444</conceptId>
    <retired>false</retired>
    <datatype id="199" resolves-to="org.openmrs.ConceptDatatype" uuid="8d4a5af4-c2cc-11de-8d13-0010c6dffd0f">
      <name>Datetime</name>
      <description>Absolute date and time</description>
      <creator/>
      <dateCreated id="200">2004-07-22 00:00:00</dateCreated>
      <retired>false</retired>
      <conceptDatatypeId>8</conceptDatatypeId>
      <hl7Abbreviation>TS</hl7Abbreviation>
    </datatype>
    <conceptClass reference="84"/>
    <set>false</set>
    <creator/>
    <dateCreated id="201">2016-08-03 08:41:40</dateCreated>
    <changedBy/>
    <dateChanged id="202">2016-08-08 11:59:54</dateChanged>
    <names class="set" id="203">
      <org.openmrs.ConceptName id="204" uuid="8c23e671-f265-44c8-a276-7f55308505d4">
        <conceptNameId>7726</conceptNameId>
        <concept reference="198"/>
        <name>POC MAPEAMENTO DATA DE DIAGNOSTICOS</name>
        <locale id="205">pt</locale>
        <creator/>
        <dateCreated id="206">2016-08-03 08:41:40</dateCreated>
        <voided>false</voided>
        <tags class="set" id="207"/>
        <conceptNameType>FULLY_SPECIFIED</conceptNameType>
        <localePreferred>true</localePreferred>
      </org.openmrs.ConceptName>
      <org.openmrs.ConceptName id="208" uuid="d053d404-b0d6-4500-aa20-6e637153792b">
        <conceptNameId>7727</conceptNameId>
        <concept reference="198"/>
        <name>POC MAPPING DIAGNOSIS DATE</name>
        <locale id="209">en</locale>
        <creator/>
        <dateCreated id="210">2016-08-03 08:41:40</dateCreated>
        <voided>false</voided>
        <tags class="set" id="211"/>
        <conceptNameType>FULLY_SPECIFIED</conceptNameType>
        <localePreferred>true</localePreferred>
      </org.openmrs.ConceptName>
    </names>
    <answers class="set" id="212"/>
    <conceptSets class="set" id="213"/>
    <descriptions class="set" id="214"/>
    <conceptMappings class="set" id="215">
      <org.openmrs.ConceptMap id="216" uuid="0c510c5f-9c79-4820-9bda-fbfcfe64c770">
        <conceptMapType reference="43"/>
        <creator/>
        <dateCreated id="217">2016-08-08 11:59:54</dateCreated>
        <conceptMapId>25</conceptMapId>
        <concept reference="198"/>
        <conceptReferenceTerm id="218" resolves-to="org.openmrs.ConceptReferenceTerm" uuid="8e5491bc-7904-4c45-af0d-393a6572d5c9">
          <creator/>
          <dateCreated id="219">2016-08-08 11:59:54</dateCreated>
          <retired>false</retired>
          <conceptReferenceTermId>4727</conceptReferenceTermId>
          <conceptSource reference="48"/>
          <code>6444</code>
          <conceptReferenceTermMaps id="220"/>
        </conceptReferenceTerm>
      </org.openmrs.ConceptMap>
    </conceptMappings>
  </org.openmrs.Concept>
  <org.openmrs.Concept id="221" uuid="2afd6fda-3003-4a68-bfa2-9a4e2ab2773d">
    <conceptId>6443</conceptId>
    <retired>false</retired>
    <datatype reference="199"/>
    <conceptClass reference="84"/>
    <set>false</set>
    <creator/>
    <dateCreated id="222">2016-08-03 08:39:41</dateCreated>
    <changedBy/>
    <dateChanged id="223">2016-08-08 11:59:54</dateChanged>
    <names class="set" id="224">
      <org.openmrs.ConceptName id="225" uuid="539ba2ef-38f8-4f5b-a9e6-fc71dcbc9178">
        <conceptNameId>7724</conceptNameId>
        <concept reference="221"/>
        <name>POC MAPEAMENTO DATA DE OMS</name>
        <locale id="226">pt</locale>
        <creator/>
        <dateCreated id="227">2016-08-03 08:39:41</dateCreated>
        <voided>false</voided>
        <tags class="set" id="228"/>
        <conceptNameType>FULLY_SPECIFIED</conceptNameType>
        <localePreferred>true</localePreferred>
      </org.openmrs.ConceptName>
      <org.openmrs.ConceptName id="229" uuid="7d64122d-cd5f-473d-8e81-43f03710b22f">
        <conceptNameId>7725</conceptNameId>
        <concept reference="221"/>
        <name>POC MAPPING WHO DATE</name>
        <locale id="230">en</locale>
        <creator/>
        <dateCreated id="231">2016-08-03 08:39:41</dateCreated>
        <voided>false</voided>
        <tags class="set" id="232"/>
        <conceptNameType>FULLY_SPECIFIED</conceptNameType>
        <localePreferred>true</localePreferred>
      </org.openmrs.ConceptName>
    </names>
    <answers class="set" id="233"/>
    <conceptSets class="set" id="234"/>
    <descriptions class="set" id="235"/>
    <conceptMappings class="set" id="236">
      <org.openmrs.ConceptMap id="237" uuid="e623a04c-9816-40c1-a22e-3cb50e944908">
        <conceptMapType reference="43"/>
        <creator/>
        <dateCreated id="238">2016-08-08 11:59:54</dateCreated>
        <conceptMapId>26</conceptMapId>
        <concept reference="221"/>
        <conceptReferenceTerm id="239" resolves-to="org.openmrs.ConceptReferenceTerm" uuid="50056f5b-61fe-4d82-a90f-db55e3332110">
          <creator/>
          <dateCreated id="240">2016-08-08 11:59:54</dateCreated>
          <retired>false</retired>
          <conceptReferenceTermId>4728</conceptReferenceTermId>
          <conceptSource reference="48"/>
          <code>6443</code>
          <conceptReferenceTermMaps id="241"/>
        </conceptReferenceTerm>
      </org.openmrs.ConceptMap>
    </conceptMappings>
  </org.openmrs.Concept>
  <org.openmrs.Concept id="242" uuid="283e551d-a470-4280-84fd-8f409f3caf7a">
    <conceptId>6442</conceptId>
    <retired>false</retired>
    <datatype reference="199"/>
    <conceptClass reference="84"/>
    <set>false</set>
    <creator/>
    <dateCreated id="243">2016-08-03 08:38:22</dateCreated>
    <changedBy/>
    <dateChanged id="244">2016-08-08 11:59:54</dateChanged>
    <names class="set" id="245">
      <org.openmrs.ConceptName id="246" uuid="cb26e519-0485-467b-bb6b-ffb0fca2df18">
        <conceptNameId>7722</conceptNameId>
        <concept reference="242"/>
        <name>POC MAPPING VITALS DATE</name>
        <locale id="247">en</locale>
        <creator/>
        <dateCreated id="248">2016-08-03 08:38:22</dateCreated>
        <voided>false</voided>
        <tags class="set" id="249"/>
        <conceptNameType>FULLY_SPECIFIED</conceptNameType>
        <localePreferred>true</localePreferred>
      </org.openmrs.ConceptName>
      <org.openmrs.ConceptName id="250" uuid="bcc9b2e9-747b-426f-b12b-6b38c62ee553">
        <conceptNameId>7723</conceptNameId>
        <concept reference="242"/>
        <name>POC MAPEAMENTO DATA DE VITAIS</name>
        <locale id="251">pt</locale>
        <creator/>
        <dateCreated id="252">2016-08-03 08:38:22</dateCreated>
        <voided>false</voided>
        <tags class="set" id="253"/>
        <conceptNameType>FULLY_SPECIFIED</conceptNameType>
        <localePreferred>true</localePreferred>
      </org.openmrs.ConceptName>
    </names>
    <answers class="set" id="254"/>
    <conceptSets class="set" id="255"/>
    <descriptions class="set" id="256"/>
    <conceptMappings class="set" id="257">
      <org.openmrs.ConceptMap id="258" uuid="7af3e8cb-eda2-45f3-9522-ed35d87ea2e1">
        <conceptMapType reference="43"/>
        <creator/>
        <dateCreated id="259">2016-08-08 11:59:54</dateCreated>
        <conceptMapId>27</conceptMapId>
        <concept reference="242"/>
        <conceptReferenceTerm id="260" resolves-to="org.openmrs.ConceptReferenceTerm" uuid="e3c2edb6-b4a5-4179-8918-df339b45905d">
          <creator/>
          <dateCreated id="261">2016-08-08 11:59:54</dateCreated>
          <retired>false</retired>
          <conceptReferenceTermId>4729</conceptReferenceTermId>
          <conceptSource reference="48"/>
          <code>6442</code>
          <conceptReferenceTermMaps id="262"/>
        </conceptReferenceTerm>
      </org.openmrs.ConceptMap>
    </conceptMappings>
  </org.openmrs.Concept>
  <org.openmrs.Concept reference="53"/>
</list>
