<?xml version="1.0" encoding="UTF-8"?>
<package id="1" uuid="744f8772-3d1d-4222-9424-ca31c8c9503e">
  <dateCreated id="2">2016-09-19 09:18:29</dateCreated>
  <name>WHO_FIELDS</name>
  <description>WHO_FIELDS</description>
  <openmrsVersion>1.11.6  Build 0d2192</openmrsVersion>
  <version>1</version>
  <groupUuid>69071fe7-0425-4299-9f9c-addf07c2ba42</groupUuid>
  <modules id="3">
    <entry>
      <string>uilibrary</string>
      <string>1.5</string>
    </entry>
    <entry>
      <string>webservices.rest</string>
      <string>2.13.e3a897</string>
    </entry>
    <entry>
      <string>htmlformentry</string>
      <string>3.2</string>
    </entry>
    <entry>
      <string>patientsummary</string>
      <string>2.0</string>
    </entry>
    <entry>
      <string>calculation</string>
      <string>1.1</string>
    </entry>
    <entry>
      <string>providermanagement</string>
      <string>2.3</string>
    </entry>
    <entry>
      <string>sync</string>
      <string>1.2</string>
    </entry>
    <entry>
      <string>event</string>
      <string>2.2.1</string>
    </entry>
    <entry>
      <string>formfilter</string>
      <string>1.0.0</string>
    </entry>
    <entry>
      <string>bahmniapps</string>
      <string>0.74-SNAPSHOT</string>
    </entry>
    <entry>
      <string>htmlformentry19ext</string>
      <string>1.7</string>
    </entry>
    <entry>
      <string>reference-data</string>
      <string>0.74-SNAPSHOT</string>
    </entry>
    <entry>
      <string>addresshierarchy</string>
      <string>2.9-SNAPSHOT</string>
    </entry>
    <entry>
      <string>dataentrystatistics</string>
      <string>1.3.2</string>
    </entry>
    <entry>
      <string>serialization.xstream</string>
      <string>0.2.9</string>
    </entry>
    <entry>
      <string>htmlwidgets</string>
      <string>1.7.0</string>
    </entry>
    <entry>
      <string>reportingcompatibility</string>
      <string>1.5.8</string>
    </entry>
    <entry>
      <string>groovy</string>
      <string>2.2.4</string>
    </entry>
    <entry>
      <string>uiframework</string>
      <string>3.4</string>
    </entry>
    <entry>
      <string>bahmnicore</string>
      <string>0.77-SNAPSHOT</string>
    </entry>
    <entry>
      <string>metadatamapping</string>
      <string>1.0.2</string>
    </entry>
    <entry>
      <string>patientflags</string>
      <string>1.3.4</string>
    </entry>
    <entry>
      <string>reportingrest</string>
      <string>1.6</string>
    </entry>
    <entry>
      <string>appframework</string>
      <string>2.1</string>
    </entry>
    <entry>
      <string>logic</string>
      <string>0.5.2</string>
    </entry>
    <entry>
      <string>idgen-webservices</string>
      <string>1.0</string>
    </entry>
    <entry>
      <string>emrapi</string>
      <string>1.11.1</string>
    </entry>
    <entry>
      <string>openmrs-atomfeed</string>
      <string>2.4-SNAPSHOT</string>
    </entry>
    <entry>
      <string>idgen</string>
      <string>2.9.1</string>
    </entry>
    <entry>
      <string>databasebackup</string>
      <string>1.0</string>
    </entry>
    <entry>
      <string>metadatasharing</string>
      <string>1.2</string>
    </entry>
    <entry>
      <string>reporting</string>
      <string>0.9.9</string>
    </entry>
    <entry>
      <string>gaac</string>
      <string>1.0-SNAPSHOT</string>
    </entry>
  </modules>
  <items class="linked-hash-set" id="4">
    <org.openmrs.module.metadatasharing.Item id="5" uuid="e27ffd6e-1d5f-11e0-b929-000c29ad1d07">
      <id>318</id>
      <classname>org.openmrs.Field</classname>
      <dateChanged id="6">2008-10-21 08:33:40</dateChanged>
      <retired>false</retired>
    </org.openmrs.module.metadatasharing.Item>
    <org.openmrs.module.metadatasharing.Item id="7" uuid="09d38759-c6ba-4988-a746-6f7972bfe5ce">
      <id>831</id>
      <classname>org.openmrs.Field</classname>
      <dateChanged id="8">2016-07-13 23:10:52</dateChanged>
      <retired>false</retired>
    </org.openmrs.module.metadatasharing.Item>
    <org.openmrs.module.metadatasharing.Item id="9" uuid="00b84b88-dc3e-4554-8eec-6072a6a0992c">
      <id>812</id>
      <classname>org.openmrs.Field</classname>
      <dateChanged id="10">2016-07-13 23:02:45</dateChanged>
      <retired>false</retired>
    </org.openmrs.module.metadatasharing.Item>
    <org.openmrs.module.metadatasharing.Item id="11" uuid="fdc8e026-7e5e-440c-b23a-8bb05babb2a5">
      <id>769</id>
      <classname>org.openmrs.Field</classname>
      <dateChanged id="12">2016-07-13 22:47:44</dateChanged>
      <retired>false</retired>
    </org.openmrs.module.metadatasharing.Item>
    <org.openmrs.module.metadatasharing.Item id="13" uuid="ca4bb4c0-ca4b-4055-bf2a-9abc2ab65bf2">
      <id>800</id>
      <classname>org.openmrs.Field</classname>
      <dateChanged id="14">2016-07-13 22:53:38</dateChanged>
      <retired>false</retired>
    </org.openmrs.module.metadatasharing.Item>
  </items>
  <relatedItems class="linked-hash-set" id="15">
    <org.openmrs.module.metadatasharing.Item id="16" uuid="8d5e7d7c-c2cc-11de-8d13-0010c6dffd0f">
      <id>1</id>
      <classname>org.openmrs.FieldType</classname>
      <dateChanged id="17">2005-02-22 10:43:00</dateChanged>
      <retired>false</retired>
    </org.openmrs.module.metadatasharing.Item>
    <org.openmrs.module.metadatasharing.Item id="18" uuid="e1e53c02-1d5f-11e0-b929-000c29ad1d07">
      <id>5356</id>
      <classname>org.openmrs.Concept</classname>
      <dateChanged id="19">2010-08-19 09:10:30</dateChanged>
      <retired>false</retired>
    </org.openmrs.module.metadatasharing.Item>
    <org.openmrs.module.metadatasharing.Item id="20" uuid="8d4a48b6-c2cc-11de-8d13-0010c6dffd0f">
      <id>2</id>
      <classname>org.openmrs.ConceptDatatype</classname>
      <dateChanged id="21">2004-02-01 22:00:00</dateChanged>
      <retired>false</retired>
    </org.openmrs.module.metadatasharing.Item>
    <org.openmrs.module.metadatasharing.Item id="22" uuid="8d491a9a-c2cc-11de-8d13-0010c6dffd0f">
      <id>5</id>
      <classname>org.openmrs.ConceptClass</classname>
      <dateChanged id="23">2004-03-01 22:00:00</dateChanged>
      <retired>false</retired>
    </org.openmrs.module.metadatasharing.Item>
    <org.openmrs.module.metadatasharing.Item id="24" uuid="e2446e34-1d5f-11e0-b929-000c29ad1d07">
      <id>1706</id>
      <classname>org.openmrs.ConceptName</classname>
      <dateChanged id="25">2004-08-11 22:00:00</dateChanged>
    </org.openmrs.module.metadatasharing.Item>
    <org.openmrs.module.metadatasharing.Item id="26" uuid="e24c61c0-1d5f-11e0-b929-000c29ad1d07">
      <id>2816</id>
      <classname>org.openmrs.ConceptName</classname>
      <dateChanged id="27">2008-10-15 14:23:52</dateChanged>
    </org.openmrs.module.metadatasharing.Item>
    <org.openmrs.module.metadatasharing.Item id="28" uuid="e1faa948-1d5f-11e0-b929-000c29ad1d07">
      <id>472</id>
      <classname>org.openmrs.ConceptAnswer</classname>
      <dateChanged id="29">2005-02-22 09:42:45</dateChanged>
    </org.openmrs.module.metadatasharing.Item>
    <org.openmrs.module.metadatasharing.Item id="30" uuid="e1d9055e-1d5f-11e0-b929-000c29ad1d07">
      <id>1204</id>
      <classname>org.openmrs.Concept</classname>
      <dateChanged id="31">2011-03-30 11:10:48</dateChanged>
      <retired>false</retired>
    </org.openmrs.module.metadatasharing.Item>
    <org.openmrs.module.metadatasharing.Item id="32" uuid="8d491e50-c2cc-11de-8d13-0010c6dffd0f">
      <id>7</id>
      <classname>org.openmrs.ConceptClass</classname>
      <dateChanged id="33">2004-03-01 22:00:00</dateChanged>
      <retired>false</retired>
    </org.openmrs.module.metadatasharing.Item>
    <org.openmrs.module.metadatasharing.Item id="34" uuid="e24c60e4-1d5f-11e0-b929-000c29ad1d07">
      <id>2815</id>
      <classname>org.openmrs.ConceptName</classname>
      <dateChanged id="35">2011-03-30 11:10:48</dateChanged>
    </org.openmrs.module.metadatasharing.Item>
    <org.openmrs.module.metadatasharing.Item id="36" uuid="2fbc0e20-5b51-4082-b177-776c6758a386">
      <id>6785</id>
      <classname>org.openmrs.ConceptName</classname>
      <dateChanged id="37">2008-10-15 14:22:36</dateChanged>
    </org.openmrs.module.metadatasharing.Item>
    <org.openmrs.module.metadatasharing.Item id="38" uuid="e240165e-1d5f-11e0-b929-000c29ad1d07">
      <id>1204</id>
      <classname>org.openmrs.ConceptName</classname>
      <dateChanged id="39">2005-02-08 22:00:00</dateChanged>
    </org.openmrs.module.metadatasharing.Item>
    <org.openmrs.module.metadatasharing.Item id="40" uuid="e2000ab4-1d5f-11e0-b929-000c29ad1d07">
      <id>1328</id>
      <classname>org.openmrs.ConceptAnswer</classname>
      <dateChanged id="41">2008-10-21 13:05:03</dateChanged>
    </org.openmrs.module.metadatasharing.Item>
    <org.openmrs.module.metadatasharing.Item id="42" uuid="e1e51696-1d5f-11e0-b929-000c29ad1d07">
      <id>5327</id>
      <classname>org.openmrs.Concept</classname>
      <dateChanged id="43">2008-10-14 07:34:34</dateChanged>
      <retired>false</retired>
    </org.openmrs.module.metadatasharing.Item>
    <org.openmrs.module.metadatasharing.Item id="44" uuid="8d4a4c94-c2cc-11de-8d13-0010c6dffd0f">
      <id>4</id>
      <classname>org.openmrs.ConceptDatatype</classname>
      <dateChanged id="45">2004-02-01 22:00:00</dateChanged>
      <retired>false</retired>
    </org.openmrs.module.metadatasharing.Item>
    <org.openmrs.module.metadatasharing.Item id="46" uuid="8d4918b0-c2cc-11de-8d13-0010c6dffd0f">
      <id>4</id>
      <classname>org.openmrs.ConceptClass</classname>
      <dateChanged id="47">2004-02-01 22:00:00</dateChanged>
      <retired>false</retired>
    </org.openmrs.module.metadatasharing.Item>
    <org.openmrs.module.metadatasharing.Item id="48" uuid="e2445462-1d5f-11e0-b929-000c29ad1d07">
      <id>1677</id>
      <classname>org.openmrs.ConceptName</classname>
      <dateChanged id="49">2004-08-11 22:00:00</dateChanged>
    </org.openmrs.module.metadatasharing.Item>
    <org.openmrs.module.metadatasharing.Item id="50" uuid="e24c284a-1d5f-11e0-b929-000c29ad1d07">
      <id>2759</id>
      <classname>org.openmrs.ConceptName</classname>
      <dateChanged id="51">2008-10-14 07:34:10</dateChanged>
    </org.openmrs.module.metadatasharing.Item>
    <org.openmrs.module.metadatasharing.Item id="52" uuid="e225c16e-1d5f-11e0-b929-000c29ad1d07">
      <id>1649</id>
      <classname>org.openmrs.ConceptDescription</classname>
      <dateChanged id="53">2004-08-11 22:00:00</dateChanged>
    </org.openmrs.module.metadatasharing.Item>
    <org.openmrs.module.metadatasharing.Item id="54" uuid="e2000b86-1d5f-11e0-b929-000c29ad1d07">
      <id>1329</id>
      <classname>org.openmrs.ConceptAnswer</classname>
      <dateChanged id="55">2008-10-21 13:05:03</dateChanged>
    </org.openmrs.module.metadatasharing.Item>
    <org.openmrs.module.metadatasharing.Item id="56" uuid="e1e517a4-1d5f-11e0-b929-000c29ad1d07">
      <id>5328</id>
      <classname>org.openmrs.Concept</classname>
      <dateChanged id="57">2008-10-16 10:09:30</dateChanged>
      <retired>false</retired>
    </org.openmrs.module.metadatasharing.Item>
    <org.openmrs.module.metadatasharing.Item id="58" uuid="e2445548-1d5f-11e0-b929-000c29ad1d07">
      <id>1678</id>
      <classname>org.openmrs.ConceptName</classname>
      <dateChanged id="59">2004-08-11 22:00:00</dateChanged>
    </org.openmrs.module.metadatasharing.Item>
    <org.openmrs.module.metadatasharing.Item id="60" uuid="e263ded6-1d5f-11e0-b929-000c29ad1d07">
      <id>6182</id>
      <classname>org.openmrs.ConceptName</classname>
      <dateChanged id="61">2006-04-22 10:01:13</dateChanged>
    </org.openmrs.module.metadatasharing.Item>
    <org.openmrs.module.metadatasharing.Item id="62" uuid="e24cbca6-1d5f-11e0-b929-000c29ad1d07">
      <id>2848</id>
      <classname>org.openmrs.ConceptName</classname>
      <dateChanged id="63">2008-10-16 10:09:30</dateChanged>
    </org.openmrs.module.metadatasharing.Item>
    <org.openmrs.module.metadatasharing.Item id="64" uuid="e225c254-1d5f-11e0-b929-000c29ad1d07">
      <id>1650</id>
      <classname>org.openmrs.ConceptDescription</classname>
      <dateChanged id="65">2004-08-11 22:00:00</dateChanged>
    </org.openmrs.module.metadatasharing.Item>
    <org.openmrs.module.metadatasharing.Item id="66" uuid="e1faaa1a-1d5f-11e0-b929-000c29ad1d07">
      <id>473</id>
      <classname>org.openmrs.ConceptAnswer</classname>
      <dateChanged id="67">2005-02-22 09:42:45</dateChanged>
    </org.openmrs.module.metadatasharing.Item>
    <org.openmrs.module.metadatasharing.Item id="68" uuid="e1d9066c-1d5f-11e0-b929-000c29ad1d07">
      <id>1205</id>
      <classname>org.openmrs.Concept</classname>
      <dateChanged id="69">2016-09-19 08:42:48</dateChanged>
      <retired>false</retired>
    </org.openmrs.module.metadatasharing.Item>
    <org.openmrs.module.metadatasharing.Item id="70" uuid="8d492594-c2cc-11de-8d13-0010c6dffd0f">
      <id>10</id>
      <classname>org.openmrs.ConceptClass</classname>
      <dateChanged id="71">2004-03-01 22:00:00</dateChanged>
      <retired>false</retired>
    </org.openmrs.module.metadatasharing.Item>
    <org.openmrs.module.metadatasharing.Item id="72" uuid="e24c6896-1d5f-11e0-b929-000c29ad1d07">
      <id>2817</id>
      <classname>org.openmrs.ConceptName</classname>
      <dateChanged id="73">2011-03-30 11:11:24</dateChanged>
    </org.openmrs.module.metadatasharing.Item>
    <org.openmrs.module.metadatasharing.Item id="74" uuid="a8676658-44ca-44dc-8139-268858c03c09">
      <id>6786</id>
      <classname>org.openmrs.ConceptName</classname>
      <dateChanged id="75">2008-10-15 14:24:35</dateChanged>
    </org.openmrs.module.metadatasharing.Item>
    <org.openmrs.module.metadatasharing.Item id="76" uuid="e240174e-1d5f-11e0-b929-000c29ad1d07">
      <id>1205</id>
      <classname>org.openmrs.ConceptName</classname>
      <dateChanged id="77">2005-02-08 22:00:00</dateChanged>
    </org.openmrs.module.metadatasharing.Item>
    <org.openmrs.module.metadatasharing.Item id="78" uuid="1a3c9e1e-00bd-4262-a6f9-698dfb2620fb">
      <id>3137</id>
      <classname>org.openmrs.ConceptAnswer</classname>
      <dateChanged id="79">2016-09-19 08:42:48</dateChanged>
    </org.openmrs.module.metadatasharing.Item>
    <org.openmrs.module.metadatasharing.Item id="80" uuid="e1e518b2-1d5f-11e0-b929-000c29ad1d07">
      <id>5329</id>
      <classname>org.openmrs.Concept</classname>
      <dateChanged id="81">2008-10-14 07:37:43</dateChanged>
      <retired>false</retired>
    </org.openmrs.module.metadatasharing.Item>
    <org.openmrs.module.metadatasharing.Item id="82" uuid="e261c182-1d5f-11e0-b929-000c29ad1d07">
      <id>5917</id>
      <classname>org.openmrs.ConceptName</classname>
      <dateChanged id="83">2005-02-08 22:00:00</dateChanged>
    </org.openmrs.module.metadatasharing.Item>
    <org.openmrs.module.metadatasharing.Item id="84" uuid="e24c2b06-1d5f-11e0-b929-000c29ad1d07">
      <id>2762</id>
      <classname>org.openmrs.ConceptName</classname>
      <dateChanged id="85">2008-10-14 07:37:43</dateChanged>
    </org.openmrs.module.metadatasharing.Item>
    <org.openmrs.module.metadatasharing.Item id="86" uuid="e2445624-1d5f-11e0-b929-000c29ad1d07">
      <id>1679</id>
      <classname>org.openmrs.ConceptName</classname>
      <dateChanged id="87">2004-08-11 22:00:00</dateChanged>
    </org.openmrs.module.metadatasharing.Item>
    <org.openmrs.module.metadatasharing.Item id="88" uuid="e225c344-1d5f-11e0-b929-000c29ad1d07">
      <id>1651</id>
      <classname>org.openmrs.ConceptDescription</classname>
      <dateChanged id="89">2004-08-11 22:00:00</dateChanged>
    </org.openmrs.module.metadatasharing.Item>
    <org.openmrs.module.metadatasharing.Item id="90" uuid="9ceef7f8-91cb-471b-aa7d-b35abbe74933">
      <id>3138</id>
      <classname>org.openmrs.ConceptAnswer</classname>
      <dateChanged id="91">2016-09-19 08:42:48</dateChanged>
    </org.openmrs.module.metadatasharing.Item>
    <org.openmrs.module.metadatasharing.Item id="92" uuid="e1e519c0-1d5f-11e0-b929-000c29ad1d07">
      <id>5330</id>
      <classname>org.openmrs.Concept</classname>
      <dateChanged id="93">2016-02-12 11:06:00</dateChanged>
      <retired>false</retired>
    </org.openmrs.module.metadatasharing.Item>
    <org.openmrs.module.metadatasharing.Item id="94" uuid="e263725c-1d5f-11e0-b929-000c29ad1d07">
      <id>6087</id>
      <classname>org.openmrs.ConceptName</classname>
      <dateChanged id="95">2006-04-22 09:20:46</dateChanged>
    </org.openmrs.module.metadatasharing.Item>
    <org.openmrs.module.metadatasharing.Item id="96" uuid="f32292fc-b53b-4331-af49-775e44d494b4">
      <id>7636</id>
      <classname>org.openmrs.ConceptName</classname>
      <dateChanged id="97">2016-02-12 11:06:00</dateChanged>
    </org.openmrs.module.metadatasharing.Item>
    <org.openmrs.module.metadatasharing.Item id="98" uuid="e244570a-1d5f-11e0-b929-000c29ad1d07">
      <id>1680</id>
      <classname>org.openmrs.ConceptName</classname>
      <dateChanged id="99">2004-08-11 22:00:00</dateChanged>
    </org.openmrs.module.metadatasharing.Item>
    <org.openmrs.module.metadatasharing.Item id="100" uuid="e225c434-1d5f-11e0-b929-000c29ad1d07">
      <id>1652</id>
      <classname>org.openmrs.ConceptDescription</classname>
      <dateChanged id="101">2004-08-11 22:00:00</dateChanged>
    </org.openmrs.module.metadatasharing.Item>
    <org.openmrs.module.metadatasharing.Item id="102" uuid="3072b32c-9511-4203-b738-bd71a78d8a53">
      <id>3139</id>
      <classname>org.openmrs.ConceptAnswer</classname>
      <dateChanged id="103">2016-09-19 08:42:48</dateChanged>
    </org.openmrs.module.metadatasharing.Item>
    <org.openmrs.module.metadatasharing.Item id="104" uuid="e1e23e94-1d5f-11e0-b929-000c29ad1d07">
      <id>5012</id>
      <classname>org.openmrs.Concept</classname>
      <dateChanged id="105">2008-10-14 07:38:21</dateChanged>
      <retired>false</retired>
    </org.openmrs.module.metadatasharing.Item>
    <org.openmrs.module.metadatasharing.Item id="106" uuid="e240c5e0-1d5f-11e0-b929-000c29ad1d07">
      <id>1362</id>
      <classname>org.openmrs.ConceptName</classname>
      <dateChanged id="107">2004-08-11 22:00:00</dateChanged>
    </org.openmrs.module.metadatasharing.Item>
    <org.openmrs.module.metadatasharing.Item id="108" uuid="e24c2bf6-1d5f-11e0-b929-000c29ad1d07">
      <id>2763</id>
      <classname>org.openmrs.ConceptName</classname>
      <dateChanged id="109">2008-10-14 07:38:21</dateChanged>
    </org.openmrs.module.metadatasharing.Item>
    <org.openmrs.module.metadatasharing.Item id="110" uuid="e2231a22-1d5f-11e0-b929-000c29ad1d07">
      <id>1335</id>
      <classname>org.openmrs.ConceptDescription</classname>
      <dateChanged id="111">2004-08-11 22:00:00</dateChanged>
    </org.openmrs.module.metadatasharing.Item>
    <org.openmrs.module.metadatasharing.Item id="112" uuid="f9c81737-347e-4a9c-aaa8-4e3266409407">
      <id>3140</id>
      <classname>org.openmrs.ConceptAnswer</classname>
      <dateChanged id="113">2016-09-19 08:42:48</dateChanged>
    </org.openmrs.module.metadatasharing.Item>
    <org.openmrs.module.metadatasharing.Item id="114" uuid="e1e52898-1d5f-11e0-b929-000c29ad1d07">
      <id>5339</id>
      <classname>org.openmrs.Concept</classname>
      <dateChanged id="115">2011-03-01 14:46:14</dateChanged>
      <retired>false</retired>
    </org.openmrs.module.metadatasharing.Item>
    <org.openmrs.module.metadatasharing.Item id="116" uuid="e2445f02-1d5f-11e0-b929-000c29ad1d07">
      <id>1689</id>
      <classname>org.openmrs.ConceptName</classname>
      <dateChanged id="117">2004-08-11 22:00:00</dateChanged>
    </org.openmrs.module.metadatasharing.Item>
    <org.openmrs.module.metadatasharing.Item id="118" uuid="e24c2dcc-1d5f-11e0-b929-000c29ad1d07">
      <id>2765</id>
      <classname>org.openmrs.ConceptName</classname>
      <dateChanged id="119">2008-10-14 07:39:14</dateChanged>
    </org.openmrs.module.metadatasharing.Item>
    <org.openmrs.module.metadatasharing.Item id="120" uuid="3bc2cec4-6df0-4d47-a99b-f71ab95b0572">
      <id>2473</id>
      <classname>org.openmrs.ConceptAnswer</classname>
      <dateChanged id="121">2011-03-01 14:46:14</dateChanged>
    </org.openmrs.module.metadatasharing.Item>
    <org.openmrs.module.metadatasharing.Item id="122" uuid="e1d81b62-1d5f-11e0-b929-000c29ad1d07">
      <id>1065</id>
      <classname>org.openmrs.Concept</classname>
      <dateChanged id="123">2009-01-06 14:23:40</dateChanged>
      <retired>false</retired>
    </org.openmrs.module.metadatasharing.Item>
    <org.openmrs.module.metadatasharing.Item id="124" uuid="8d492774-c2cc-11de-8d13-0010c6dffd0f">
      <id>11</id>
      <classname>org.openmrs.ConceptClass</classname>
      <dateChanged id="125">2004-03-01 22:00:00</dateChanged>
      <retired>false</retired>
    </org.openmrs.module.metadatasharing.Item>
    <org.openmrs.module.metadatasharing.Item id="126" uuid="e23f5778-1d5f-11e0-b929-000c29ad1d07">
      <id>1065</id>
      <classname>org.openmrs.ConceptName</classname>
      <dateChanged id="127">2005-01-05 22:00:00</dateChanged>
    </org.openmrs.module.metadatasharing.Item>
    <org.openmrs.module.metadatasharing.Item id="128" uuid="e24cb738-1d5f-11e0-b929-000c29ad1d07">
      <id>2842</id>
      <classname>org.openmrs.ConceptName</classname>
      <dateChanged id="129">2008-10-16 07:29:30</dateChanged>
    </org.openmrs.module.metadatasharing.Item>
    <org.openmrs.module.metadatasharing.Item id="130" uuid="e2210962-1d5f-11e0-b929-000c29ad1d07">
      <id>1059</id>
      <classname>org.openmrs.ConceptDescription</classname>
      <dateChanged id="131">2005-01-05 22:00:00</dateChanged>
    </org.openmrs.module.metadatasharing.Item>
    <org.openmrs.module.metadatasharing.Item id="132" uuid="e22c1b40-1d5f-11e0-b929-000c29ad1d07">
      <id>2484</id>
      <classname>org.openmrs.ConceptDescription</classname>
      <dateChanged id="133">2008-10-16 07:29:30</dateChanged>
    </org.openmrs.module.metadatasharing.Item>
    <org.openmrs.module.metadatasharing.Item id="134" uuid="e0afffbb-ba1a-4133-9bde-98f5e3cd3b84">
      <id>2474</id>
      <classname>org.openmrs.ConceptAnswer</classname>
      <dateChanged id="135">2011-03-01 14:46:14</dateChanged>
    </org.openmrs.module.metadatasharing.Item>
    <org.openmrs.module.metadatasharing.Item id="136" uuid="e1d81c70-1d5f-11e0-b929-000c29ad1d07">
      <id>1066</id>
      <classname>org.openmrs.Concept</classname>
      <dateChanged id="137">2009-01-06 14:22:48</dateChanged>
      <retired>false</retired>
    </org.openmrs.module.metadatasharing.Item>
    <org.openmrs.module.metadatasharing.Item id="138" uuid="e24cb828-1d5f-11e0-b929-000c29ad1d07">
      <id>2843</id>
      <classname>org.openmrs.ConceptName</classname>
      <dateChanged id="139">2008-10-16 07:31:04</dateChanged>
    </org.openmrs.module.metadatasharing.Item>
    <org.openmrs.module.metadatasharing.Item id="140" uuid="e23f585e-1d5f-11e0-b929-000c29ad1d07">
      <id>1066</id>
      <classname>org.openmrs.ConceptName</classname>
      <dateChanged id="141">2005-01-05 22:00:00</dateChanged>
    </org.openmrs.module.metadatasharing.Item>
    <org.openmrs.module.metadatasharing.Item id="142" uuid="e2210a48-1d5f-11e0-b929-000c29ad1d07">
      <id>1060</id>
      <classname>org.openmrs.ConceptDescription</classname>
      <dateChanged id="143">2005-01-05 22:00:00</dateChanged>
    </org.openmrs.module.metadatasharing.Item>
    <org.openmrs.module.metadatasharing.Item id="144" uuid="e22c1c26-1d5f-11e0-b929-000c29ad1d07">
      <id>2485</id>
      <classname>org.openmrs.ConceptDescription</classname>
      <dateChanged id="145">2008-10-16 07:31:04</dateChanged>
    </org.openmrs.module.metadatasharing.Item>
    <org.openmrs.module.metadatasharing.Item id="146" uuid="e225cca4-1d5f-11e0-b929-000c29ad1d07">
      <id>1661</id>
      <classname>org.openmrs.ConceptDescription</classname>
      <dateChanged id="147">2011-03-01 14:46:14</dateChanged>
    </org.openmrs.module.metadatasharing.Item>
    <org.openmrs.module.metadatasharing.Item id="148" uuid="e271a1ce-1d5f-11e0-b929-000c29ad1d07">
      <id>509</id>
      <classname>org.openmrs.ConceptSet</classname>
      <dateChanged id="149">2005-12-15 11:26:49</dateChanged>
    </org.openmrs.module.metadatasharing.Item>
    <org.openmrs.module.metadatasharing.Item id="150" uuid="e271a322-1d5f-11e0-b929-000c29ad1d07">
      <id>510</id>
      <classname>org.openmrs.ConceptSet</classname>
      <dateChanged id="151">2005-12-15 11:26:49</dateChanged>
    </org.openmrs.module.metadatasharing.Item>
    <org.openmrs.module.metadatasharing.Item id="152" uuid="e270b142-1d5f-11e0-b929-000c29ad1d07">
      <id>419</id>
      <classname>org.openmrs.ConceptSet</classname>
      <dateChanged id="153">2005-12-15 11:26:49</dateChanged>
    </org.openmrs.module.metadatasharing.Item>
    <org.openmrs.module.metadatasharing.Item id="154" uuid="e271a476-1d5f-11e0-b929-000c29ad1d07">
      <id>511</id>
      <classname>org.openmrs.ConceptSet</classname>
      <dateChanged id="155">2005-12-15 11:26:49</dateChanged>
    </org.openmrs.module.metadatasharing.Item>
    <org.openmrs.module.metadatasharing.Item id="156" uuid="e1e51bdc-1d5f-11e0-b929-000c29ad1d07">
      <id>5332</id>
      <classname>org.openmrs.Concept</classname>
      <dateChanged id="157">2008-10-14 07:35:53</dateChanged>
      <retired>false</retired>
    </org.openmrs.module.metadatasharing.Item>
    <org.openmrs.module.metadatasharing.Item id="158" uuid="e24c2930-1d5f-11e0-b929-000c29ad1d07">
      <id>2760</id>
      <classname>org.openmrs.ConceptName</classname>
      <dateChanged id="159">2008-10-14 07:35:53</dateChanged>
    </org.openmrs.module.metadatasharing.Item>
    <org.openmrs.module.metadatasharing.Item id="160" uuid="e24458cc-1d5f-11e0-b929-000c29ad1d07">
      <id>1682</id>
      <classname>org.openmrs.ConceptName</classname>
      <dateChanged id="161">2004-08-11 22:00:00</dateChanged>
    </org.openmrs.module.metadatasharing.Item>
    <org.openmrs.module.metadatasharing.Item id="162" uuid="e225c614-1d5f-11e0-b929-000c29ad1d07">
      <id>1654</id>
      <classname>org.openmrs.ConceptDescription</classname>
      <dateChanged id="163">2004-08-11 22:00:00</dateChanged>
    </org.openmrs.module.metadatasharing.Item>
    <org.openmrs.module.metadatasharing.Item id="164" uuid="e22243e0-1d5f-11e0-b929-000c29ad1d07">
      <id>1196</id>
      <classname>org.openmrs.ConceptDescription</classname>
      <dateChanged id="165">2011-03-30 11:11:24</dateChanged>
    </org.openmrs.module.metadatasharing.Item>
    <org.openmrs.module.metadatasharing.Item id="166" uuid="e1faaaf6-1d5f-11e0-b929-000c29ad1d07">
      <id>474</id>
      <classname>org.openmrs.ConceptAnswer</classname>
      <dateChanged id="167">2005-02-22 09:42:45</dateChanged>
    </org.openmrs.module.metadatasharing.Item>
    <org.openmrs.module.metadatasharing.Item id="168" uuid="e1d9077a-1d5f-11e0-b929-000c29ad1d07">
      <id>1206</id>
      <classname>org.openmrs.Concept</classname>
      <dateChanged id="169">2016-09-19 08:45:11</dateChanged>
      <retired>false</retired>
    </org.openmrs.module.metadatasharing.Item>
    <org.openmrs.module.metadatasharing.Item id="170" uuid="e24c6986-1d5f-11e0-b929-000c29ad1d07">
      <id>2818</id>
      <classname>org.openmrs.ConceptName</classname>
      <dateChanged id="171">2011-03-30 11:11:45</dateChanged>
    </org.openmrs.module.metadatasharing.Item>
    <org.openmrs.module.metadatasharing.Item id="172" uuid="e2401834-1d5f-11e0-b929-000c29ad1d07">
      <id>1206</id>
      <classname>org.openmrs.ConceptName</classname>
      <dateChanged id="173">2005-02-08 22:00:00</dateChanged>
    </org.openmrs.module.metadatasharing.Item>
    <org.openmrs.module.metadatasharing.Item id="174" uuid="7bb31121-fa99-4bb6-b389-6f034b00a846">
      <id>6787</id>
      <classname>org.openmrs.ConceptName</classname>
      <dateChanged id="175">2008-10-15 14:25:29</dateChanged>
    </org.openmrs.module.metadatasharing.Item>
    <org.openmrs.module.metadatasharing.Item id="176" uuid="4e624b24-85f9-49b1-8224-aeb0d3dbd36c">
      <id>3141</id>
      <classname>org.openmrs.ConceptAnswer</classname>
      <dateChanged id="177">2016-09-19 08:45:11</dateChanged>
    </org.openmrs.module.metadatasharing.Item>
    <org.openmrs.module.metadatasharing.Item id="178" uuid="e1e5232a-1d5f-11e0-b929-000c29ad1d07">
      <id>5334</id>
      <classname>org.openmrs.Concept</classname>
      <dateChanged id="179">2011-03-02 11:03:57</dateChanged>
      <retired>false</retired>
    </org.openmrs.module.metadatasharing.Item>
    <org.openmrs.module.metadatasharing.Item id="180" uuid="e24c3088-1d5f-11e0-b929-000c29ad1d07">
      <id>2768</id>
      <classname>org.openmrs.ConceptName</classname>
      <dateChanged id="181">2008-10-14 07:42:24</dateChanged>
    </org.openmrs.module.metadatasharing.Item>
    <org.openmrs.module.metadatasharing.Item id="182" uuid="e2660c6a-1d5f-11e0-b929-000c29ad1d07">
      <id>6465</id>
      <classname>org.openmrs.ConceptName</classname>
      <dateChanged id="183">2005-01-05 22:00:00</dateChanged>
    </org.openmrs.module.metadatasharing.Item>
    <org.openmrs.module.metadatasharing.Item id="184" uuid="e2445a98-1d5f-11e0-b929-000c29ad1d07">
      <id>1684</id>
      <classname>org.openmrs.ConceptName</classname>
      <dateChanged id="185">2004-08-11 22:00:00</dateChanged>
    </org.openmrs.module.metadatasharing.Item>
    <org.openmrs.module.metadatasharing.Item id="186" uuid="e25e5e20-1d5f-11e0-b929-000c29ad1d07">
      <id>5408</id>
      <classname>org.openmrs.ConceptName</classname>
      <dateChanged id="187">2010-02-12 08:46:49</dateChanged>
    </org.openmrs.module.metadatasharing.Item>
    <org.openmrs.module.metadatasharing.Item id="188" uuid="698fbb0f-5b03-459e-b942-5de35126e3d4">
      <id>2459</id>
      <classname>org.openmrs.ConceptAnswer</classname>
      <dateChanged id="189">2011-03-01 14:15:16</dateChanged>
    </org.openmrs.module.metadatasharing.Item>
    <org.openmrs.module.metadatasharing.Item id="190" uuid="cf89a381-d726-43fd-ad27-396f707539de">
      <id>2460</id>
      <classname>org.openmrs.ConceptAnswer</classname>
      <dateChanged id="191">2011-03-01 14:15:16</dateChanged>
    </org.openmrs.module.metadatasharing.Item>
    <org.openmrs.module.metadatasharing.Item id="192" uuid="2f9c8485-4371-43ab-a72a-1ee30ae74210">
      <id>2521</id>
      <classname>org.openmrs.ConceptAnswer</classname>
      <dateChanged id="193">2011-03-02 11:03:57</dateChanged>
    </org.openmrs.module.metadatasharing.Item>
    <org.openmrs.module.metadatasharing.Item id="194" uuid="e1dbff8e-1d5f-11e0-b929-000c29ad1d07">
      <id>1457</id>
      <classname>org.openmrs.Concept</classname>
      <dateChanged id="195">2010-02-01 10:22:34</dateChanged>
      <retired>false</retired>
    </org.openmrs.module.metadatasharing.Item>
    <org.openmrs.module.metadatasharing.Item id="196" uuid="e24a69b0-1d5f-11e0-b929-000c29ad1d07">
      <id>2577</id>
      <classname>org.openmrs.ConceptName</classname>
      <dateChanged id="197">2008-10-13 05:17:54</dateChanged>
    </org.openmrs.module.metadatasharing.Item>
    <org.openmrs.module.metadatasharing.Item id="198" uuid="e24a6aa0-1d5f-11e0-b929-000c29ad1d07">
      <id>2578</id>
      <classname>org.openmrs.ConceptName</classname>
      <dateChanged id="199">2008-10-13 05:17:54</dateChanged>
    </org.openmrs.module.metadatasharing.Item>
    <org.openmrs.module.metadatasharing.Item id="200" uuid="e22bf160-1d5f-11e0-b929-000c29ad1d07">
      <id>2450</id>
      <classname>org.openmrs.ConceptDescription</classname>
      <dateChanged id="201">2008-10-13 05:17:54</dateChanged>
    </org.openmrs.module.metadatasharing.Item>
    <org.openmrs.module.metadatasharing.Item id="202" uuid="e22bf25a-1d5f-11e0-b929-000c29ad1d07">
      <id>2451</id>
      <classname>org.openmrs.ConceptDescription</classname>
      <dateChanged id="203">2008-10-13 05:17:54</dateChanged>
    </org.openmrs.module.metadatasharing.Item>
    <org.openmrs.module.metadatasharing.Item id="204" uuid="e225c7ea-1d5f-11e0-b929-000c29ad1d07">
      <id>1656</id>
      <classname>org.openmrs.ConceptDescription</classname>
      <dateChanged id="205">2011-03-02 11:03:57</dateChanged>
    </org.openmrs.module.metadatasharing.Item>
    <org.openmrs.module.metadatasharing.Item id="206" uuid="e22bffe8-1d5f-11e0-b929-000c29ad1d07">
      <id>2465</id>
      <classname>org.openmrs.ConceptDescription</classname>
      <dateChanged id="207">2011-03-02 11:03:57</dateChanged>
    </org.openmrs.module.metadatasharing.Item>
    <org.openmrs.module.metadatasharing.Item id="208" uuid="03b12905-a0ee-4708-be1f-b265d271c851">
      <id>3142</id>
      <classname>org.openmrs.ConceptAnswer</classname>
      <dateChanged id="209">2016-09-19 08:45:11</dateChanged>
    </org.openmrs.module.metadatasharing.Item>
    <org.openmrs.module.metadatasharing.Item id="210" uuid="e1e2530c-1d5f-11e0-b929-000c29ad1d07">
      <id>5018</id>
      <classname>org.openmrs.Concept</classname>
      <dateChanged id="211">2011-03-02 08:49:42</dateChanged>
      <retired>false</retired>
    </org.openmrs.module.metadatasharing.Item>
    <org.openmrs.module.metadatasharing.Item id="212" uuid="8d492954-c2cc-11de-8d13-0010c6dffd0f">
      <id>12</id>
      <classname>org.openmrs.ConceptClass</classname>
      <dateChanged id="213">2004-10-03 22:00:00</dateChanged>
      <retired>false</retired>
    </org.openmrs.module.metadatasharing.Item>
    <org.openmrs.module.metadatasharing.Item id="214" uuid="e240cb62-1d5f-11e0-b929-000c29ad1d07">
      <id>1368</id>
      <classname>org.openmrs.ConceptName</classname>
      <dateChanged id="215">2004-08-11 22:00:00</dateChanged>
    </org.openmrs.module.metadatasharing.Item>
    <org.openmrs.module.metadatasharing.Item id="216" uuid="e26027e6-1d5f-11e0-b929-000c29ad1d07">
      <id>5595</id>
      <classname>org.openmrs.ConceptName</classname>
      <dateChanged id="217">2005-02-12 09:48:00</dateChanged>
    </org.openmrs.module.metadatasharing.Item>
    <org.openmrs.module.metadatasharing.Item id="218" uuid="e24c2ebc-1d5f-11e0-b929-000c29ad1d07">
      <id>2766</id>
      <classname>org.openmrs.ConceptName</classname>
      <dateChanged id="219">2008-10-14 07:41:37</dateChanged>
    </org.openmrs.module.metadatasharing.Item>
    <org.openmrs.module.metadatasharing.Item id="220" uuid="e26028e0-1d5f-11e0-b929-000c29ad1d07">
      <id>5596</id>
      <classname>org.openmrs.ConceptName</classname>
      <dateChanged id="221">2005-02-12 09:48:00</dateChanged>
    </org.openmrs.module.metadatasharing.Item>
    <org.openmrs.module.metadatasharing.Item id="222" uuid="0932db18-a900-4e83-8523-ebc6fc18cb8d">
      <id>2471</id>
      <classname>org.openmrs.ConceptAnswer</classname>
      <dateChanged id="223">2011-03-01 14:42:37</dateChanged>
    </org.openmrs.module.metadatasharing.Item>
    <org.openmrs.module.metadatasharing.Item id="224" uuid="a25f944b-c7d5-429f-98d5-d40dea421321">
      <id>2472</id>
      <classname>org.openmrs.ConceptAnswer</classname>
      <dateChanged id="225">2011-03-01 14:42:37</dateChanged>
    </org.openmrs.module.metadatasharing.Item>
    <org.openmrs.module.metadatasharing.Item id="226" uuid="10bc5c65-c956-4131-b555-1d77e29a2ff1">
      <id>2496</id>
      <classname>org.openmrs.ConceptAnswer</classname>
      <dateChanged id="227">2011-03-02 08:49:42</dateChanged>
    </org.openmrs.module.metadatasharing.Item>
    <org.openmrs.module.metadatasharing.Item id="228" uuid="e22320e4-1d5f-11e0-b929-000c29ad1d07">
      <id>1341</id>
      <classname>org.openmrs.ConceptDescription</classname>
      <dateChanged id="229">2011-03-02 08:49:42</dateChanged>
    </org.openmrs.module.metadatasharing.Item>
    <org.openmrs.module.metadatasharing.Item id="230" uuid="7774c022-0d02-40a3-8f16-b53b55ec2b76">
      <id>3143</id>
      <classname>org.openmrs.ConceptAnswer</classname>
      <dateChanged id="231">2016-09-19 08:45:11</dateChanged>
    </org.openmrs.module.metadatasharing.Item>
    <org.openmrs.module.metadatasharing.Item id="232" uuid="e1e29fa6-1d5f-11e0-b929-000c29ad1d07">
      <id>5027</id>
      <classname>org.openmrs.Concept</classname>
      <dateChanged id="233">2011-03-02 08:49:05</dateChanged>
      <retired>false</retired>
    </org.openmrs.module.metadatasharing.Item>
    <org.openmrs.module.metadatasharing.Item id="234" uuid="e240d3be-1d5f-11e0-b929-000c29ad1d07">
      <id>1377</id>
      <classname>org.openmrs.ConceptName</classname>
      <dateChanged id="235">2004-08-11 22:00:00</dateChanged>
    </org.openmrs.module.metadatasharing.Item>
    <org.openmrs.module.metadatasharing.Item id="236" uuid="e24c2fa2-1d5f-11e0-b929-000c29ad1d07">
      <id>2767</id>
      <classname>org.openmrs.ConceptName</classname>
      <dateChanged id="237">2008-10-14 07:42:02</dateChanged>
    </org.openmrs.module.metadatasharing.Item>
    <org.openmrs.module.metadatasharing.Item id="238" uuid="8495af3b-f86f-4da8-b827-8fe98036742f">
      <id>2475</id>
      <classname>org.openmrs.ConceptAnswer</classname>
      <dateChanged id="239">2011-03-01 14:49:57</dateChanged>
    </org.openmrs.module.metadatasharing.Item>
    <org.openmrs.module.metadatasharing.Item id="240" uuid="54cf55b7-0495-4bef-9740-2c14320fb680">
      <id>2476</id>
      <classname>org.openmrs.ConceptAnswer</classname>
      <dateChanged id="241">2011-03-01 14:49:57</dateChanged>
    </org.openmrs.module.metadatasharing.Item>
    <org.openmrs.module.metadatasharing.Item id="242" uuid="3740757e-d46d-4c5d-82d8-c8bd330dcc29">
      <id>2495</id>
      <classname>org.openmrs.ConceptAnswer</classname>
      <dateChanged id="243">2011-03-02 08:49:05</dateChanged>
    </org.openmrs.module.metadatasharing.Item>
    <org.openmrs.module.metadatasharing.Item id="244" uuid="e2232940-1d5f-11e0-b929-000c29ad1d07">
      <id>1350</id>
      <classname>org.openmrs.ConceptDescription</classname>
      <dateChanged id="245">2011-03-02 08:49:05</dateChanged>
    </org.openmrs.module.metadatasharing.Item>
    <org.openmrs.module.metadatasharing.Item id="246" uuid="35dfcfa1-f7e2-4ea2-880f-183379140212">
      <id>3144</id>
      <classname>org.openmrs.ConceptAnswer</classname>
      <dateChanged id="247">2016-09-19 08:45:11</dateChanged>
    </org.openmrs.module.metadatasharing.Item>
    <org.openmrs.module.metadatasharing.Item id="248" uuid="e1e2a384-1d5f-11e0-b929-000c29ad1d07">
      <id>5030</id>
      <classname>org.openmrs.Concept</classname>
      <dateChanged id="249">2011-03-02 08:50:03</dateChanged>
      <retired>false</retired>
    </org.openmrs.module.metadatasharing.Item>
    <org.openmrs.module.metadatasharing.Item id="250" uuid="e24cbe72-1d5f-11e0-b929-000c29ad1d07">
      <id>2850</id>
      <classname>org.openmrs.ConceptName</classname>
      <dateChanged id="251">2008-10-16 10:13:15</dateChanged>
    </org.openmrs.module.metadatasharing.Item>
    <org.openmrs.module.metadatasharing.Item id="252" uuid="e240d670-1d5f-11e0-b929-000c29ad1d07">
      <id>1380</id>
      <classname>org.openmrs.ConceptName</classname>
      <dateChanged id="253">2004-08-11 22:00:00</dateChanged>
    </org.openmrs.module.metadatasharing.Item>
    <org.openmrs.module.metadatasharing.Item id="254" uuid="6243d0e6-f5d8-425d-868e-93813b6524c0">
      <id>2493</id>
      <classname>org.openmrs.ConceptAnswer</classname>
      <dateChanged id="255">2011-03-02 08:46:56</dateChanged>
    </org.openmrs.module.metadatasharing.Item>
    <org.openmrs.module.metadatasharing.Item id="256" uuid="421b7907-83f8-49a3-89e9-f35c5448d6d3">
      <id>2494</id>
      <classname>org.openmrs.ConceptAnswer</classname>
      <dateChanged id="257">2011-03-02 08:46:56</dateChanged>
    </org.openmrs.module.metadatasharing.Item>
    <org.openmrs.module.metadatasharing.Item id="258" uuid="25d1c989-0a54-4fa7-a751-6a639753bc95">
      <id>2497</id>
      <classname>org.openmrs.ConceptAnswer</classname>
      <dateChanged id="259">2011-03-02 08:50:03</dateChanged>
    </org.openmrs.module.metadatasharing.Item>
    <org.openmrs.module.metadatasharing.Item id="260" uuid="e2232c10-1d5f-11e0-b929-000c29ad1d07">
      <id>1353</id>
      <classname>org.openmrs.ConceptDescription</classname>
      <dateChanged id="261">2011-03-02 08:50:03</dateChanged>
    </org.openmrs.module.metadatasharing.Item>
    <org.openmrs.module.metadatasharing.Item id="262" uuid="4e1a07dd-a495-4a71-b73c-40a7158fa0bc">
      <id>3145</id>
      <classname>org.openmrs.ConceptAnswer</classname>
      <dateChanged id="263">2016-09-19 08:45:11</dateChanged>
    </org.openmrs.module.metadatasharing.Item>
    <org.openmrs.module.metadatasharing.Item id="264" uuid="e1e5278a-1d5f-11e0-b929-000c29ad1d07">
      <id>5338</id>
      <classname>org.openmrs.Concept</classname>
      <dateChanged id="265">2016-02-12 12:33:24</dateChanged>
      <retired>false</retired>
    </org.openmrs.module.metadatasharing.Item>
    <org.openmrs.module.metadatasharing.Item id="266" uuid="e2445e26-1d5f-11e0-b929-000c29ad1d07">
      <id>1688</id>
      <classname>org.openmrs.ConceptName</classname>
      <dateChanged id="267">2004-08-11 22:00:00</dateChanged>
    </org.openmrs.module.metadatasharing.Item>
    <org.openmrs.module.metadatasharing.Item id="268" uuid="77b19342-21ed-4ada-82a7-cd25562468b3">
      <id>7658</id>
      <classname>org.openmrs.ConceptName</classname>
      <dateChanged id="269">2016-02-12 12:33:24</dateChanged>
    </org.openmrs.module.metadatasharing.Item>
    <org.openmrs.module.metadatasharing.Item id="270" uuid="e225cbb4-1d5f-11e0-b929-000c29ad1d07">
      <id>1660</id>
      <classname>org.openmrs.ConceptDescription</classname>
      <dateChanged id="271">2004-08-11 22:00:00</dateChanged>
    </org.openmrs.module.metadatasharing.Item>
    <org.openmrs.module.metadatasharing.Item id="272" uuid="00b39c1c-42fe-407f-bffd-0e1fe05eaa79">
      <id>3146</id>
      <classname>org.openmrs.ConceptAnswer</classname>
      <dateChanged id="273">2016-09-19 08:45:11</dateChanged>
    </org.openmrs.module.metadatasharing.Item>
    <org.openmrs.module.metadatasharing.Item id="274" uuid="ff00ace4-b40b-43ab-b2f9-a869639fcaae">
      <id>3147</id>
      <classname>org.openmrs.ConceptAnswer</classname>
      <dateChanged id="275">2016-09-19 08:45:11</dateChanged>
    </org.openmrs.module.metadatasharing.Item>
    <org.openmrs.module.metadatasharing.Item id="276" uuid="e1e5267c-1d5f-11e0-b929-000c29ad1d07">
      <id>5337</id>
      <classname>org.openmrs.Concept</classname>
      <dateChanged id="277">2008-10-14 08:01:32</dateChanged>
      <retired>false</retired>
    </org.openmrs.module.metadatasharing.Item>
    <org.openmrs.module.metadatasharing.Item id="278" uuid="e2445d40-1d5f-11e0-b929-000c29ad1d07">
      <id>1687</id>
      <classname>org.openmrs.ConceptName</classname>
      <dateChanged id="279">2004-08-11 22:00:00</dateChanged>
    </org.openmrs.module.metadatasharing.Item>
    <org.openmrs.module.metadatasharing.Item id="280" uuid="e24c3a56-1d5f-11e0-b929-000c29ad1d07">
      <id>2773</id>
      <classname>org.openmrs.ConceptName</classname>
      <dateChanged id="281">2008-10-14 08:01:32</dateChanged>
    </org.openmrs.module.metadatasharing.Item>
    <org.openmrs.module.metadatasharing.Item id="282" uuid="e225caba-1d5f-11e0-b929-000c29ad1d07">
      <id>1659</id>
      <classname>org.openmrs.ConceptDescription</classname>
      <dateChanged id="283">2004-08-11 22:00:00</dateChanged>
    </org.openmrs.module.metadatasharing.Item>
    <org.openmrs.module.metadatasharing.Item id="284" uuid="e271a70a-1d5f-11e0-b929-000c29ad1d07">
      <id>513</id>
      <classname>org.openmrs.ConceptSet</classname>
      <dateChanged id="285">2005-12-15 11:26:49</dateChanged>
    </org.openmrs.module.metadatasharing.Item>
    <org.openmrs.module.metadatasharing.Item id="286" uuid="e2710336-1d5f-11e0-b929-000c29ad1d07">
      <id>428</id>
      <classname>org.openmrs.ConceptSet</classname>
      <dateChanged id="287">2005-12-15 11:26:49</dateChanged>
    </org.openmrs.module.metadatasharing.Item>
    <org.openmrs.module.metadatasharing.Item id="288" uuid="e2710ef8-1d5f-11e0-b929-000c29ad1d07">
      <id>442</id>
      <classname>org.openmrs.ConceptSet</classname>
      <dateChanged id="289">2005-12-15 11:26:49</dateChanged>
    </org.openmrs.module.metadatasharing.Item>
    <org.openmrs.module.metadatasharing.Item id="290" uuid="e2711326-1d5f-11e0-b929-000c29ad1d07">
      <id>447</id>
      <classname>org.openmrs.ConceptSet</classname>
      <dateChanged id="291">2005-12-15 11:26:49</dateChanged>
    </org.openmrs.module.metadatasharing.Item>
    <org.openmrs.module.metadatasharing.Item id="292" uuid="e271a9a8-1d5f-11e0-b929-000c29ad1d07">
      <id>515</id>
      <classname>org.openmrs.ConceptSet</classname>
      <dateChanged id="293">2005-12-15 11:26:49</dateChanged>
    </org.openmrs.module.metadatasharing.Item>
    <org.openmrs.module.metadatasharing.Item id="294" uuid="e271aaf2-1d5f-11e0-b929-000c29ad1d07">
      <id>516</id>
      <classname>org.openmrs.ConceptSet</classname>
      <dateChanged id="295">2005-12-15 11:26:49</dateChanged>
    </org.openmrs.module.metadatasharing.Item>
    <org.openmrs.module.metadatasharing.Item id="296" uuid="e271a85e-1d5f-11e0-b929-000c29ad1d07">
      <id>514</id>
      <classname>org.openmrs.ConceptSet</classname>
      <dateChanged id="297">2005-12-15 11:26:49</dateChanged>
    </org.openmrs.module.metadatasharing.Item>
    <org.openmrs.module.metadatasharing.Item id="298" uuid="e22245a2-1d5f-11e0-b929-000c29ad1d07">
      <id>1197</id>
      <classname>org.openmrs.ConceptDescription</classname>
      <dateChanged id="299">2011-03-30 11:11:45</dateChanged>
    </org.openmrs.module.metadatasharing.Item>
    <org.openmrs.module.metadatasharing.Item id="300" uuid="e1faabc8-1d5f-11e0-b929-000c29ad1d07">
      <id>475</id>
      <classname>org.openmrs.ConceptAnswer</classname>
      <dateChanged id="301">2005-02-22 09:42:45</dateChanged>
    </org.openmrs.module.metadatasharing.Item>
    <org.openmrs.module.metadatasharing.Item id="302" uuid="e1d90888-1d5f-11e0-b929-000c29ad1d07">
      <id>1207</id>
      <classname>org.openmrs.Concept</classname>
      <dateChanged id="303">2016-09-19 08:49:29</dateChanged>
      <retired>false</retired>
    </org.openmrs.module.metadatasharing.Item>
    <org.openmrs.module.metadatasharing.Item id="304" uuid="e24c6a62-1d5f-11e0-b929-000c29ad1d07">
      <id>2819</id>
      <classname>org.openmrs.ConceptName</classname>
      <dateChanged id="305">2011-03-30 11:12:06</dateChanged>
    </org.openmrs.module.metadatasharing.Item>
    <org.openmrs.module.metadatasharing.Item id="306" uuid="e240191a-1d5f-11e0-b929-000c29ad1d07">
      <id>1207</id>
      <classname>org.openmrs.ConceptName</classname>
      <dateChanged id="307">2005-02-08 22:00:00</dateChanged>
    </org.openmrs.module.metadatasharing.Item>
    <org.openmrs.module.metadatasharing.Item id="308" uuid="c30e9d5f-f40e-4f94-bb34-9a35b52c6127">
      <id>6788</id>
      <classname>org.openmrs.ConceptName</classname>
      <dateChanged id="309">2008-10-15 14:25:56</dateChanged>
    </org.openmrs.module.metadatasharing.Item>
    <org.openmrs.module.metadatasharing.Item id="310" uuid="0ee4e0fe-2948-496a-970e-67051099c4b0">
      <id>3148</id>
      <classname>org.openmrs.ConceptAnswer</classname>
      <dateChanged id="311">2016-09-19 08:49:28</dateChanged>
    </org.openmrs.module.metadatasharing.Item>
    <org.openmrs.module.metadatasharing.Item id="312" uuid="e1e5305e-1d5f-11e0-b929-000c29ad1d07">
      <id>5345</id>
      <classname>org.openmrs.Concept</classname>
      <dateChanged id="313">2008-10-14 08:04:16</dateChanged>
      <retired>false</retired>
    </org.openmrs.module.metadatasharing.Item>
    <org.openmrs.module.metadatasharing.Item id="314" uuid="e24c3fce-1d5f-11e0-b929-000c29ad1d07">
      <id>2779</id>
      <classname>org.openmrs.ConceptName</classname>
      <dateChanged id="315">2008-10-14 08:04:16</dateChanged>
    </org.openmrs.module.metadatasharing.Item>
    <org.openmrs.module.metadatasharing.Item id="316" uuid="e244645c-1d5f-11e0-b929-000c29ad1d07">
      <id>1695</id>
      <classname>org.openmrs.ConceptName</classname>
      <dateChanged id="317">2004-08-11 22:00:00</dateChanged>
    </org.openmrs.module.metadatasharing.Item>
    <org.openmrs.module.metadatasharing.Item id="318" uuid="e225d24e-1d5f-11e0-b929-000c29ad1d07">
      <id>1667</id>
      <classname>org.openmrs.ConceptDescription</classname>
      <dateChanged id="319">2004-08-11 22:00:00</dateChanged>
    </org.openmrs.module.metadatasharing.Item>
    <org.openmrs.module.metadatasharing.Item id="320" uuid="08f55a64-ce00-40da-88d1-e7d3c562961b">
      <id>3149</id>
      <classname>org.openmrs.ConceptAnswer</classname>
      <dateChanged id="321">2016-09-19 08:49:28</dateChanged>
    </org.openmrs.module.metadatasharing.Item>
    <org.openmrs.module.metadatasharing.Item id="322" uuid="e1e529a6-1d5f-11e0-b929-000c29ad1d07">
      <id>5340</id>
      <classname>org.openmrs.Concept</classname>
      <dateChanged id="323">2011-03-01 14:18:38</dateChanged>
      <retired>false</retired>
    </org.openmrs.module.metadatasharing.Item>
    <org.openmrs.module.metadatasharing.Item id="324" uuid="e24c40b4-1d5f-11e0-b929-000c29ad1d07">
      <id>2780</id>
      <classname>org.openmrs.ConceptName</classname>
      <dateChanged id="325">2008-10-14 08:04:49</dateChanged>
    </org.openmrs.module.metadatasharing.Item>
    <org.openmrs.module.metadatasharing.Item id="326" uuid="e2445fe8-1d5f-11e0-b929-000c29ad1d07">
      <id>1690</id>
      <classname>org.openmrs.ConceptName</classname>
      <dateChanged id="327">2004-08-11 22:00:00</dateChanged>
    </org.openmrs.module.metadatasharing.Item>
    <org.openmrs.module.metadatasharing.Item id="328" uuid="6d98941b-8e9a-4d4a-9eea-4612842802a1">
      <id>2461</id>
      <classname>org.openmrs.ConceptAnswer</classname>
      <dateChanged id="329">2011-03-01 14:18:38</dateChanged>
    </org.openmrs.module.metadatasharing.Item>
    <org.openmrs.module.metadatasharing.Item id="330" uuid="982471b1-34b8-4421-9a60-64ec1140ef29">
      <id>2462</id>
      <classname>org.openmrs.ConceptAnswer</classname>
      <dateChanged id="331">2011-03-01 14:18:38</dateChanged>
    </org.openmrs.module.metadatasharing.Item>
    <org.openmrs.module.metadatasharing.Item id="332" uuid="e225cd94-1d5f-11e0-b929-000c29ad1d07">
      <id>1662</id>
      <classname>org.openmrs.ConceptDescription</classname>
      <dateChanged id="333">2011-03-01 14:18:38</dateChanged>
    </org.openmrs.module.metadatasharing.Item>
    <org.openmrs.module.metadatasharing.Item id="334" uuid="d65b1579-3d3a-4e99-b8c4-00825924976a">
      <id>3150</id>
      <classname>org.openmrs.ConceptAnswer</classname>
      <dateChanged id="335">2016-09-19 08:49:28</dateChanged>
    </org.openmrs.module.metadatasharing.Item>
    <org.openmrs.module.metadatasharing.Item id="336" uuid="e1e2a6ae-1d5f-11e0-b929-000c29ad1d07">
      <id>5033</id>
      <classname>org.openmrs.Concept</classname>
      <dateChanged id="337">2008-10-14 08:02:59</dateChanged>
      <retired>false</retired>
    </org.openmrs.module.metadatasharing.Item>
    <org.openmrs.module.metadatasharing.Item id="338" uuid="e240d918-1d5f-11e0-b929-000c29ad1d07">
      <id>1383</id>
      <classname>org.openmrs.ConceptName</classname>
      <dateChanged id="339">2004-08-11 22:00:00</dateChanged>
    </org.openmrs.module.metadatasharing.Item>
    <org.openmrs.module.metadatasharing.Item id="340" uuid="e24c3d12-1d5f-11e0-b929-000c29ad1d07">
      <id>2776</id>
      <classname>org.openmrs.ConceptName</classname>
      <dateChanged id="341">2008-10-14 08:02:45</dateChanged>
    </org.openmrs.module.metadatasharing.Item>
    <org.openmrs.module.metadatasharing.Item id="342" uuid="e2232ee0-1d5f-11e0-b929-000c29ad1d07">
      <id>1356</id>
      <classname>org.openmrs.ConceptDescription</classname>
      <dateChanged id="343">2004-08-11 22:00:00</dateChanged>
    </org.openmrs.module.metadatasharing.Item>
    <org.openmrs.module.metadatasharing.Item id="344" uuid="d7b09c4f-a960-42d5-92d5-7612851645a4">
      <id>3151</id>
      <classname>org.openmrs.ConceptAnswer</classname>
      <dateChanged id="345">2016-09-19 08:49:28</dateChanged>
    </org.openmrs.module.metadatasharing.Item>
    <org.openmrs.module.metadatasharing.Item id="346" uuid="e1e2a7bc-1d5f-11e0-b929-000c29ad1d07">
      <id>5034</id>
      <classname>org.openmrs.Concept</classname>
      <dateChanged id="347">2008-10-15 13:56:38</dateChanged>
      <retired>false</retired>
    </org.openmrs.module.metadatasharing.Item>
    <org.openmrs.module.metadatasharing.Item id="348" uuid="e24c5392-1d5f-11e0-b929-000c29ad1d07">
      <id>2800</id>
      <classname>org.openmrs.ConceptName</classname>
      <dateChanged id="349">2008-10-15 13:56:38</dateChanged>
    </org.openmrs.module.metadatasharing.Item>
    <org.openmrs.module.metadatasharing.Item id="350" uuid="e240d9fe-1d5f-11e0-b929-000c29ad1d07">
      <id>1384</id>
      <classname>org.openmrs.ConceptName</classname>
      <dateChanged id="351">2004-08-11 22:00:00</dateChanged>
    </org.openmrs.module.metadatasharing.Item>
    <org.openmrs.module.metadatasharing.Item id="352" uuid="e2232fd0-1d5f-11e0-b929-000c29ad1d07">
      <id>1357</id>
      <classname>org.openmrs.ConceptDescription</classname>
      <dateChanged id="353">2004-08-11 22:00:00</dateChanged>
    </org.openmrs.module.metadatasharing.Item>
    <org.openmrs.module.metadatasharing.Item id="354" uuid="623b1c4d-e4f6-49d3-8329-b7f8fef767dd">
      <id>3152</id>
      <classname>org.openmrs.ConceptAnswer</classname>
      <dateChanged id="355">2016-09-19 08:49:28</dateChanged>
    </org.openmrs.module.metadatasharing.Item>
    <org.openmrs.module.metadatasharing.Item id="356" uuid="e1e2a8d4-1d5f-11e0-b929-000c29ad1d07">
      <id>5035</id>
      <classname>org.openmrs.Concept</classname>
      <dateChanged id="357">2008-10-14 08:11:09</dateChanged>
      <retired>false</retired>
    </org.openmrs.module.metadatasharing.Item>
    <org.openmrs.module.metadatasharing.Item id="358" uuid="e24c453c-1d5f-11e0-b929-000c29ad1d07">
      <id>2785</id>
      <classname>org.openmrs.ConceptName</classname>
      <dateChanged id="359">2008-10-14 08:11:09</dateChanged>
    </org.openmrs.module.metadatasharing.Item>
    <org.openmrs.module.metadatasharing.Item id="360" uuid="e240dada-1d5f-11e0-b929-000c29ad1d07">
      <id>1385</id>
      <classname>org.openmrs.ConceptName</classname>
      <dateChanged id="361">2004-08-11 22:00:00</dateChanged>
    </org.openmrs.module.metadatasharing.Item>
    <org.openmrs.module.metadatasharing.Item id="362" uuid="e2233142-1d5f-11e0-b929-000c29ad1d07">
      <id>1358</id>
      <classname>org.openmrs.ConceptDescription</classname>
      <dateChanged id="363">2004-08-11 22:00:00</dateChanged>
    </org.openmrs.module.metadatasharing.Item>
    <org.openmrs.module.metadatasharing.Item id="364" uuid="ec0cd9fa-69a1-4063-bdaa-9b24a6f57767">
      <id>3153</id>
      <classname>org.openmrs.ConceptAnswer</classname>
      <dateChanged id="365">2016-09-19 08:49:28</dateChanged>
    </org.openmrs.module.metadatasharing.Item>
    <org.openmrs.module.metadatasharing.Item id="366" uuid="e1e535ae-1d5f-11e0-b929-000c29ad1d07">
      <id>5350</id>
      <classname>org.openmrs.Concept</classname>
      <dateChanged id="367">2009-10-20 13:33:05</dateChanged>
      <retired>false</retired>
    </org.openmrs.module.metadatasharing.Item>
    <org.openmrs.module.metadatasharing.Item id="368" uuid="e257c04c-1d5f-11e0-b929-000c29ad1d07">
      <id>4298</id>
      <classname>org.openmrs.ConceptName</classname>
      <dateChanged id="369">2009-10-20 13:33:05</dateChanged>
    </org.openmrs.module.metadatasharing.Item>
    <org.openmrs.module.metadatasharing.Item id="370" uuid="e24468d0-1d5f-11e0-b929-000c29ad1d07">
      <id>1700</id>
      <classname>org.openmrs.ConceptName</classname>
      <dateChanged id="371">2004-08-11 22:00:00</dateChanged>
    </org.openmrs.module.metadatasharing.Item>
    <org.openmrs.module.metadatasharing.Item id="372" uuid="e225d6f4-1d5f-11e0-b929-000c29ad1d07">
      <id>1672</id>
      <classname>org.openmrs.ConceptDescription</classname>
      <dateChanged id="373">2004-08-11 22:00:00</dateChanged>
    </org.openmrs.module.metadatasharing.Item>
    <org.openmrs.module.metadatasharing.Item id="374" uuid="e22fa350-1d5f-11e0-b929-000c29ad1d07">
      <id>2904</id>
      <classname>org.openmrs.ConceptDescription</classname>
      <dateChanged id="375">2009-10-20 13:33:05</dateChanged>
    </org.openmrs.module.metadatasharing.Item>
    <org.openmrs.module.metadatasharing.Item id="376" uuid="21f23220-a1e9-4678-b19c-a5d013d7d866">
      <id>3154</id>
      <classname>org.openmrs.ConceptAnswer</classname>
      <dateChanged id="377">2016-09-19 08:49:28</dateChanged>
    </org.openmrs.module.metadatasharing.Item>
    <org.openmrs.module.metadatasharing.Item id="378" uuid="e1e2af6e-1d5f-11e0-b929-000c29ad1d07">
      <id>5041</id>
      <classname>org.openmrs.Concept</classname>
      <dateChanged id="379">2008-10-14 08:08:02</dateChanged>
      <retired>false</retired>
    </org.openmrs.module.metadatasharing.Item>
    <org.openmrs.module.metadatasharing.Item id="380" uuid="e242aaa4-1d5f-11e0-b929-000c29ad1d07">
      <id>1391</id>
      <classname>org.openmrs.ConceptName</classname>
      <dateChanged id="381">2004-08-11 22:00:00</dateChanged>
    </org.openmrs.module.metadatasharing.Item>
    <org.openmrs.module.metadatasharing.Item id="382" uuid="e24c4280-1d5f-11e0-b929-000c29ad1d07">
      <id>2782</id>
      <classname>org.openmrs.ConceptName</classname>
      <dateChanged id="383">2008-10-14 08:08:02</dateChanged>
    </org.openmrs.module.metadatasharing.Item>
    <org.openmrs.module.metadatasharing.Item id="384" uuid="e22336ec-1d5f-11e0-b929-000c29ad1d07">
      <id>1364</id>
      <classname>org.openmrs.ConceptDescription</classname>
      <dateChanged id="385">2004-08-11 22:00:00</dateChanged>
    </org.openmrs.module.metadatasharing.Item>
    <org.openmrs.module.metadatasharing.Item id="386" uuid="eab888c9-666d-412b-8be8-763c20c2f96b">
      <id>3155</id>
      <classname>org.openmrs.ConceptAnswer</classname>
      <dateChanged id="387">2016-09-19 08:49:28</dateChanged>
    </org.openmrs.module.metadatasharing.Item>
    <org.openmrs.module.metadatasharing.Item id="388" uuid="e1e52f28-1d5f-11e0-b929-000c29ad1d07">
      <id>5344</id>
      <classname>org.openmrs.Concept</classname>
      <dateChanged id="389">2008-10-14 08:09:54</dateChanged>
      <retired>false</retired>
    </org.openmrs.module.metadatasharing.Item>
    <org.openmrs.module.metadatasharing.Item id="390" uuid="e24c4366-1d5f-11e0-b929-000c29ad1d07">
      <id>2783</id>
      <classname>org.openmrs.ConceptName</classname>
      <dateChanged id="391">2008-10-14 08:08:28</dateChanged>
    </org.openmrs.module.metadatasharing.Item>
    <org.openmrs.module.metadatasharing.Item id="392" uuid="e2628306-1d5f-11e0-b929-000c29ad1d07">
      <id>5921</id>
      <classname>org.openmrs.ConceptName</classname>
      <dateChanged id="393">2005-02-08 22:00:00</dateChanged>
    </org.openmrs.module.metadatasharing.Item>
    <org.openmrs.module.metadatasharing.Item id="394" uuid="e2446380-1d5f-11e0-b929-000c29ad1d07">
      <id>1694</id>
      <classname>org.openmrs.ConceptName</classname>
      <dateChanged id="395">2004-08-11 22:00:00</dateChanged>
    </org.openmrs.module.metadatasharing.Item>
    <org.openmrs.module.metadatasharing.Item id="396" uuid="e225d154-1d5f-11e0-b929-000c29ad1d07">
      <id>1666</id>
      <classname>org.openmrs.ConceptDescription</classname>
      <dateChanged id="397">2004-08-11 22:00:00</dateChanged>
    </org.openmrs.module.metadatasharing.Item>
    <org.openmrs.module.metadatasharing.Item id="398" uuid="38b659a7-3555-4c5e-9961-d1d09db411ab">
      <id>3156</id>
      <classname>org.openmrs.ConceptAnswer</classname>
      <dateChanged id="399">2016-09-19 08:49:28</dateChanged>
    </org.openmrs.module.metadatasharing.Item>
    <org.openmrs.module.metadatasharing.Item id="400" uuid="e1e2b194-1d5f-11e0-b929-000c29ad1d07">
      <id>5043</id>
      <classname>org.openmrs.Concept</classname>
      <dateChanged id="401">2008-10-15 13:55:43</dateChanged>
      <retired>false</retired>
    </org.openmrs.module.metadatasharing.Item>
    <org.openmrs.module.metadatasharing.Item id="402" uuid="e24c52a2-1d5f-11e0-b929-000c29ad1d07">
      <id>2799</id>
      <classname>org.openmrs.ConceptName</classname>
      <dateChanged id="403">2008-10-15 13:55:43</dateChanged>
    </org.openmrs.module.metadatasharing.Item>
    <org.openmrs.module.metadatasharing.Item id="404" uuid="e242b54e-1d5f-11e0-b929-000c29ad1d07">
      <id>1393</id>
      <classname>org.openmrs.ConceptName</classname>
      <dateChanged id="405">2004-08-11 22:00:00</dateChanged>
    </org.openmrs.module.metadatasharing.Item>
    <org.openmrs.module.metadatasharing.Item id="406" uuid="e22338a4-1d5f-11e0-b929-000c29ad1d07">
      <id>1366</id>
      <classname>org.openmrs.ConceptDescription</classname>
      <dateChanged id="407">2004-08-11 22:00:00</dateChanged>
    </org.openmrs.module.metadatasharing.Item>
    <org.openmrs.module.metadatasharing.Item id="408" uuid="3a1ac430-8916-4057-8eec-f040a5b9ba77">
      <id>3157</id>
      <classname>org.openmrs.ConceptAnswer</classname>
      <dateChanged id="409">2016-09-19 08:49:28</dateChanged>
    </org.openmrs.module.metadatasharing.Item>
    <org.openmrs.module.metadatasharing.Item id="410" uuid="e1e539e6-1d5f-11e0-b929-000c29ad1d07">
      <id>5354</id>
      <classname>org.openmrs.Concept</classname>
      <dateChanged id="411">2008-10-16 10:30:39</dateChanged>
      <retired>false</retired>
    </org.openmrs.module.metadatasharing.Item>
    <org.openmrs.module.metadatasharing.Item id="412" uuid="e2446c68-1d5f-11e0-b929-000c29ad1d07">
      <id>1704</id>
      <classname>org.openmrs.ConceptName</classname>
      <dateChanged id="413">2004-08-11 22:00:00</dateChanged>
    </org.openmrs.module.metadatasharing.Item>
    <org.openmrs.module.metadatasharing.Item id="414" uuid="e24cc2f0-1d5f-11e0-b929-000c29ad1d07">
      <id>2855</id>
      <classname>org.openmrs.ConceptName</classname>
      <dateChanged id="415">2008-10-16 10:30:39</dateChanged>
    </org.openmrs.module.metadatasharing.Item>
    <org.openmrs.module.metadatasharing.Item id="416" uuid="e225de74-1d5f-11e0-b929-000c29ad1d07">
      <id>1676</id>
      <classname>org.openmrs.ConceptDescription</classname>
      <dateChanged id="417">2004-08-11 22:00:00</dateChanged>
    </org.openmrs.module.metadatasharing.Item>
    <org.openmrs.module.metadatasharing.Item id="418" uuid="47da16c6-3725-4441-90e3-49080e6d53dd">
      <id>3158</id>
      <classname>org.openmrs.ConceptAnswer</classname>
      <dateChanged id="419">2016-09-19 08:49:28</dateChanged>
    </org.openmrs.module.metadatasharing.Item>
    <org.openmrs.module.metadatasharing.Item id="420" uuid="e1d2984a-1d5f-11e0-b929-000c29ad1d07">
      <id>507</id>
      <classname>org.openmrs.Concept</classname>
      <dateChanged id="421">2011-03-01 14:20:47</dateChanged>
      <retired>false</retired>
    </org.openmrs.module.metadatasharing.Item>
    <org.openmrs.module.metadatasharing.Item id="422" uuid="e24c4456-1d5f-11e0-b929-000c29ad1d07">
      <id>2784</id>
      <classname>org.openmrs.ConceptName</classname>
      <dateChanged id="423">2008-10-14 08:10:21</dateChanged>
    </org.openmrs.module.metadatasharing.Item>
    <org.openmrs.module.metadatasharing.Item id="424" uuid="e262e0e4-1d5f-11e0-b929-000c29ad1d07">
      <id>6005</id>
      <classname>org.openmrs.ConceptName</classname>
      <dateChanged id="425">2005-02-17 08:19:18</dateChanged>
    </org.openmrs.module.metadatasharing.Item>
    <org.openmrs.module.metadatasharing.Item id="426" uuid="e23ad0cc-1d5f-11e0-b929-000c29ad1d07">
      <id>507</id>
      <classname>org.openmrs.ConceptName</classname>
      <dateChanged id="427">2003-12-31 22:00:00</dateChanged>
    </org.openmrs.module.metadatasharing.Item>
    <org.openmrs.module.metadatasharing.Item id="428" uuid="e262d4c8-1d5f-11e0-b929-000c29ad1d07">
      <id>5999</id>
      <classname>org.openmrs.ConceptName</classname>
      <dateChanged id="429">2005-02-17 08:19:18</dateChanged>
    </org.openmrs.module.metadatasharing.Item>
    <org.openmrs.module.metadatasharing.Item id="430" uuid="67cf9457-57be-4e38-8bb8-47c5f1fc3d7c">
      <id>2463</id>
      <classname>org.openmrs.ConceptAnswer</classname>
      <dateChanged id="431">2011-03-01 14:20:47</dateChanged>
    </org.openmrs.module.metadatasharing.Item>
    <org.openmrs.module.metadatasharing.Item id="432" uuid="59728b84-1c61-4fe6-8f3e-f14c57249f2c">
      <id>2464</id>
      <classname>org.openmrs.ConceptAnswer</classname>
      <dateChanged id="433">2011-03-01 14:20:47</dateChanged>
    </org.openmrs.module.metadatasharing.Item>
    <org.openmrs.module.metadatasharing.Item id="434" uuid="e2157fc0-1d5f-11e0-b929-000c29ad1d07">
      <id>506</id>
      <classname>org.openmrs.ConceptDescription</classname>
      <dateChanged id="435">2011-03-01 14:20:47</dateChanged>
    </org.openmrs.module.metadatasharing.Item>
    <org.openmrs.module.metadatasharing.Item id="436" uuid="e22c0862-1d5f-11e0-b929-000c29ad1d07">
      <id>2469</id>
      <classname>org.openmrs.ConceptDescription</classname>
      <dateChanged id="437">2011-03-01 14:20:47</dateChanged>
    </org.openmrs.module.metadatasharing.Item>
    <org.openmrs.module.metadatasharing.Item id="438" uuid="d675076f-b668-46c9-8ed8-52743b9d6f31">
      <id>3159</id>
      <classname>org.openmrs.ConceptAnswer</classname>
      <dateChanged id="439">2016-09-19 08:49:28</dateChanged>
    </org.openmrs.module.metadatasharing.Item>
    <org.openmrs.module.metadatasharing.Item id="440" uuid="e1e2b07c-1d5f-11e0-b929-000c29ad1d07">
      <id>5042</id>
      <classname>org.openmrs.Concept</classname>
      <dateChanged id="441">2011-03-01 14:08:27</dateChanged>
      <retired>false</retired>
    </org.openmrs.module.metadatasharing.Item>
    <org.openmrs.module.metadatasharing.Item id="442" uuid="e242ab9e-1d5f-11e0-b929-000c29ad1d07">
      <id>1392</id>
      <classname>org.openmrs.ConceptName</classname>
      <dateChanged id="443">2004-08-11 22:00:00</dateChanged>
    </org.openmrs.module.metadatasharing.Item>
    <org.openmrs.module.metadatasharing.Item id="444" uuid="e24c419a-1d5f-11e0-b929-000c29ad1d07">
      <id>2781</id>
      <classname>org.openmrs.ConceptName</classname>
      <dateChanged id="445">2008-10-14 08:07:27</dateChanged>
    </org.openmrs.module.metadatasharing.Item>
    <org.openmrs.module.metadatasharing.Item id="446" uuid="b2fd0665-4e7f-47cc-8cfd-904efb427442">
      <id>2455</id>
      <classname>org.openmrs.ConceptAnswer</classname>
      <dateChanged id="447">2011-03-01 14:08:27</dateChanged>
    </org.openmrs.module.metadatasharing.Item>
    <org.openmrs.module.metadatasharing.Item id="448" uuid="41540bf8-0de8-4773-98ea-12415f11a801">
      <id>2456</id>
      <classname>org.openmrs.ConceptAnswer</classname>
      <dateChanged id="449">2011-03-01 14:08:27</dateChanged>
    </org.openmrs.module.metadatasharing.Item>
    <org.openmrs.module.metadatasharing.Item id="450" uuid="e22337c8-1d5f-11e0-b929-000c29ad1d07">
      <id>1365</id>
      <classname>org.openmrs.ConceptDescription</classname>
      <dateChanged id="451">2011-03-01 14:08:27</dateChanged>
    </org.openmrs.module.metadatasharing.Item>
    <org.openmrs.module.metadatasharing.Item id="452" uuid="29f28a94-400f-4a0b-8f17-eaa0c492a28a">
      <id>3160</id>
      <classname>org.openmrs.ConceptAnswer</classname>
      <dateChanged id="453">2016-09-19 08:49:28</dateChanged>
    </org.openmrs.module.metadatasharing.Item>
    <org.openmrs.module.metadatasharing.Item id="454" uuid="e1d64468-1d5f-11e0-b929-000c29ad1d07">
      <id>882</id>
      <classname>org.openmrs.Concept</classname>
      <dateChanged id="455">2010-02-10 09:48:38</dateChanged>
      <retired>false</retired>
    </org.openmrs.module.metadatasharing.Item>
    <org.openmrs.module.metadatasharing.Item id="456" uuid="e263cc7a-1d5f-11e0-b929-000c29ad1d07">
      <id>6164</id>
      <classname>org.openmrs.ConceptName</classname>
      <dateChanged id="457">2004-10-19 22:00:00</dateChanged>
    </org.openmrs.module.metadatasharing.Item>
    <org.openmrs.module.metadatasharing.Item id="458" uuid="e23d7ee4-1d5f-11e0-b929-000c29ad1d07">
      <id>882</id>
      <classname>org.openmrs.ConceptName</classname>
      <dateChanged id="459">2004-05-23 22:00:00</dateChanged>
    </org.openmrs.module.metadatasharing.Item>
    <org.openmrs.module.metadatasharing.Item id="460" uuid="e24c3df8-1d5f-11e0-b929-000c29ad1d07">
      <id>2777</id>
      <classname>org.openmrs.ConceptName</classname>
      <dateChanged id="461">2008-10-14 08:03:14</dateChanged>
    </org.openmrs.module.metadatasharing.Item>
    <org.openmrs.module.metadatasharing.Item id="462" uuid="e21f68c8-1d5f-11e0-b929-000c29ad1d07">
      <id>879</id>
      <classname>org.openmrs.ConceptDescription</classname>
      <dateChanged id="463">2004-05-23 22:00:00</dateChanged>
    </org.openmrs.module.metadatasharing.Item>
    <org.openmrs.module.metadatasharing.Item id="464" uuid="e22c0772-1d5f-11e0-b929-000c29ad1d07">
      <id>2468</id>
      <classname>org.openmrs.ConceptDescription</classname>
      <dateChanged id="465">2008-10-14 08:03:14</dateChanged>
    </org.openmrs.module.metadatasharing.Item>
    <org.openmrs.module.metadatasharing.Item id="466" uuid="f6434d50-1ab0-4ced-9827-8e41539726d7">
      <id>3161</id>
      <classname>org.openmrs.ConceptAnswer</classname>
      <dateChanged id="467">2016-09-19 08:49:28</dateChanged>
    </org.openmrs.module.metadatasharing.Item>
    <org.openmrs.module.metadatasharing.Item id="468" uuid="e1e2b4be-1d5f-11e0-b929-000c29ad1d07">
      <id>5046</id>
      <classname>org.openmrs.Concept</classname>
      <dateChanged id="469">2008-10-16 10:23:19</dateChanged>
      <retired>false</retired>
    </org.openmrs.module.metadatasharing.Item>
    <org.openmrs.module.metadatasharing.Item id="470" uuid="e24cc03e-1d5f-11e0-b929-000c29ad1d07">
      <id>2852</id>
      <classname>org.openmrs.ConceptName</classname>
      <dateChanged id="471">2008-10-16 10:23:19</dateChanged>
    </org.openmrs.module.metadatasharing.Item>
    <org.openmrs.module.metadatasharing.Item id="472" uuid="e25debe8-1d5f-11e0-b929-000c29ad1d07">
      <id>5184</id>
      <classname>org.openmrs.ConceptName</classname>
      <dateChanged id="473">2004-08-11 22:00:00</dateChanged>
    </org.openmrs.module.metadatasharing.Item>
    <org.openmrs.module.metadatasharing.Item id="474" uuid="e263efd4-1d5f-11e0-b929-000c29ad1d07">
      <id>6200</id>
      <classname>org.openmrs.ConceptName</classname>
      <dateChanged id="475">2011-01-10 22:00:00</dateChanged>
    </org.openmrs.module.metadatasharing.Item>
    <org.openmrs.module.metadatasharing.Item id="476" uuid="e242bdf0-1d5f-11e0-b929-000c29ad1d07">
      <id>1396</id>
      <classname>org.openmrs.ConceptName</classname>
      <dateChanged id="477">2004-08-11 22:00:00</dateChanged>
    </org.openmrs.module.metadatasharing.Item>
    <org.openmrs.module.metadatasharing.Item id="478" uuid="e2233ff2-1d5f-11e0-b929-000c29ad1d07">
      <id>1369</id>
      <classname>org.openmrs.ConceptDescription</classname>
      <dateChanged id="479">2004-08-11 22:00:00</dateChanged>
    </org.openmrs.module.metadatasharing.Item>
    <org.openmrs.module.metadatasharing.Item id="480" uuid="ca3e68ff-87ad-46db-97d1-44ee84b3866d">
      <id>3162</id>
      <classname>org.openmrs.ConceptAnswer</classname>
      <dateChanged id="481">2016-09-19 08:49:28</dateChanged>
    </org.openmrs.module.metadatasharing.Item>
    <org.openmrs.module.metadatasharing.Item id="482" uuid="e1d5fada-1d5f-11e0-b929-000c29ad1d07">
      <id>823</id>
      <classname>org.openmrs.Concept</classname>
      <dateChanged id="483">2010-02-10 07:33:03</dateChanged>
      <retired>false</retired>
    </org.openmrs.module.metadatasharing.Item>
    <org.openmrs.module.metadatasharing.Item id="484" uuid="e23d451e-1d5f-11e0-b929-000c29ad1d07">
      <id>823</id>
      <classname>org.openmrs.ConceptName</classname>
      <dateChanged id="485">2004-05-03 22:00:00</dateChanged>
    </org.openmrs.module.metadatasharing.Item>
    <org.openmrs.module.metadatasharing.Item id="486" uuid="e24c3c22-1d5f-11e0-b929-000c29ad1d07">
      <id>2775</id>
      <classname>org.openmrs.ConceptName</classname>
      <dateChanged id="487">2008-10-14 08:02:23</dateChanged>
    </org.openmrs.module.metadatasharing.Item>
    <org.openmrs.module.metadatasharing.Item id="488" uuid="e21f267e-1d5f-11e0-b929-000c29ad1d07">
      <id>821</id>
      <classname>org.openmrs.ConceptDescription</classname>
      <dateChanged id="489">2004-05-03 22:00:00</dateChanged>
    </org.openmrs.module.metadatasharing.Item>
    <org.openmrs.module.metadatasharing.Item id="490" uuid="e22c0664-1d5f-11e0-b929-000c29ad1d07">
      <id>2467</id>
      <classname>org.openmrs.ConceptDescription</classname>
      <dateChanged id="491">2008-10-14 08:02:23</dateChanged>
    </org.openmrs.module.metadatasharing.Item>
    <org.openmrs.module.metadatasharing.Item id="492" uuid="da276d5f-1227-4c6d-ac79-2095bb16b727">
      <id>3163</id>
      <classname>org.openmrs.ConceptAnswer</classname>
      <dateChanged id="493">2016-09-19 08:49:28</dateChanged>
    </org.openmrs.module.metadatasharing.Item>
    <org.openmrs.module.metadatasharing.Item id="494" uuid="e1d7bf78-1d5f-11e0-b929-000c29ad1d07">
      <id>990</id>
      <classname>org.openmrs.Concept</classname>
      <dateChanged id="495">2010-02-11 13:26:46</dateChanged>
      <retired>false</retired>
    </org.openmrs.module.metadatasharing.Item>
    <org.openmrs.module.metadatasharing.Item id="496" uuid="e25a0d98-1d5f-11e0-b929-000c29ad1d07">
      <id>4618</id>
      <classname>org.openmrs.ConceptName</classname>
      <dateChanged id="497">2010-02-11 13:26:46</dateChanged>
    </org.openmrs.module.metadatasharing.Item>
    <org.openmrs.module.metadatasharing.Item id="498" uuid="e23f057a-1d5f-11e0-b929-000c29ad1d07">
      <id>990</id>
      <classname>org.openmrs.ConceptName</classname>
      <dateChanged id="499">2006-04-18 15:06:24</dateChanged>
    </org.openmrs.module.metadatasharing.Item>
    <org.openmrs.module.metadatasharing.Item id="500" uuid="e2201bba-1d5f-11e0-b929-000c29ad1d07">
      <id>986</id>
      <classname>org.openmrs.ConceptDescription</classname>
      <dateChanged id="501">2006-04-18 15:06:24</dateChanged>
    </org.openmrs.module.metadatasharing.Item>
    <org.openmrs.module.metadatasharing.Item id="502" uuid="e23197e6-1d5f-11e0-b929-000c29ad1d07">
      <id>3166</id>
      <classname>org.openmrs.ConceptDescription</classname>
      <dateChanged id="503">2010-02-11 13:26:46</dateChanged>
    </org.openmrs.module.metadatasharing.Item>
    <org.openmrs.module.metadatasharing.Item id="504" uuid="e271b2cc-1d5f-11e0-b929-000c29ad1d07">
      <id>522</id>
      <classname>org.openmrs.ConceptSet</classname>
      <dateChanged id="505">2005-12-15 11:26:49</dateChanged>
    </org.openmrs.module.metadatasharing.Item>
    <org.openmrs.module.metadatasharing.Item id="506" uuid="e271ad9a-1d5f-11e0-b929-000c29ad1d07">
      <id>518</id>
      <classname>org.openmrs.ConceptSet</classname>
      <dateChanged id="507">2005-12-15 11:26:49</dateChanged>
    </org.openmrs.module.metadatasharing.Item>
    <org.openmrs.module.metadatasharing.Item id="508" uuid="e2711682-1d5f-11e0-b929-000c29ad1d07">
      <id>451</id>
      <classname>org.openmrs.ConceptSet</classname>
      <dateChanged id="509">2005-12-15 11:26:49</dateChanged>
    </org.openmrs.module.metadatasharing.Item>
    <org.openmrs.module.metadatasharing.Item id="510" uuid="e2711902-1d5f-11e0-b929-000c29ad1d07">
      <id>454</id>
      <classname>org.openmrs.ConceptSet</classname>
      <dateChanged id="511">2005-12-15 11:26:49</dateChanged>
    </org.openmrs.module.metadatasharing.Item>
    <org.openmrs.module.metadatasharing.Item id="512" uuid="e2711b8c-1d5f-11e0-b929-000c29ad1d07">
      <id>457</id>
      <classname>org.openmrs.ConceptSet</classname>
      <dateChanged id="513">2005-12-15 11:26:49</dateChanged>
    </org.openmrs.module.metadatasharing.Item>
    <org.openmrs.module.metadatasharing.Item id="514" uuid="e271b57e-1d5f-11e0-b929-000c29ad1d07">
      <id>524</id>
      <classname>org.openmrs.ConceptSet</classname>
      <dateChanged id="515">2005-12-15 11:26:49</dateChanged>
    </org.openmrs.module.metadatasharing.Item>
    <org.openmrs.module.metadatasharing.Item id="516" uuid="e2712528-1d5f-11e0-b929-000c29ad1d07">
      <id>464</id>
      <classname>org.openmrs.ConceptSet</classname>
      <dateChanged id="517">2005-12-15 11:26:49</dateChanged>
    </org.openmrs.module.metadatasharing.Item>
    <org.openmrs.module.metadatasharing.Item id="518" uuid="e271b038-1d5f-11e0-b929-000c29ad1d07">
      <id>520</id>
      <classname>org.openmrs.ConceptSet</classname>
      <dateChanged id="519">2005-12-15 11:26:49</dateChanged>
    </org.openmrs.module.metadatasharing.Item>
    <org.openmrs.module.metadatasharing.Item id="520" uuid="e271287a-1d5f-11e0-b929-000c29ad1d07">
      <id>468</id>
      <classname>org.openmrs.ConceptSet</classname>
      <dateChanged id="521">2005-12-15 11:26:49</dateChanged>
    </org.openmrs.module.metadatasharing.Item>
    <org.openmrs.module.metadatasharing.Item id="522" uuid="e271b81c-1d5f-11e0-b929-000c29ad1d07">
      <id>526</id>
      <classname>org.openmrs.ConceptSet</classname>
      <dateChanged id="523">2005-12-15 11:26:49</dateChanged>
    </org.openmrs.module.metadatasharing.Item>
    <org.openmrs.module.metadatasharing.Item id="524" uuid="e26d8828-1d5f-11e0-b929-000c29ad1d07">
      <id>44</id>
      <classname>org.openmrs.ConceptSet</classname>
      <dateChanged id="525">2005-12-15 11:26:49</dateChanged>
    </org.openmrs.module.metadatasharing.Item>
    <org.openmrs.module.metadatasharing.Item id="526" uuid="e27126cc-1d5f-11e0-b929-000c29ad1d07">
      <id>466</id>
      <classname>org.openmrs.ConceptSet</classname>
      <dateChanged id="527">2005-12-15 11:26:49</dateChanged>
    </org.openmrs.module.metadatasharing.Item>
    <org.openmrs.module.metadatasharing.Item id="528" uuid="e26e0e56-1d5f-11e0-b929-000c29ad1d07">
      <id>110</id>
      <classname>org.openmrs.ConceptSet</classname>
      <dateChanged id="529">2005-12-15 11:26:49</dateChanged>
    </org.openmrs.module.metadatasharing.Item>
    <org.openmrs.module.metadatasharing.Item id="530" uuid="e2712bd6-1d5f-11e0-b929-000c29ad1d07">
      <id>472</id>
      <classname>org.openmrs.ConceptSet</classname>
      <dateChanged id="531">2005-12-15 11:26:49</dateChanged>
    </org.openmrs.module.metadatasharing.Item>
    <org.openmrs.module.metadatasharing.Item id="532" uuid="e26df3c6-1d5f-11e0-b929-000c29ad1d07">
      <id>86</id>
      <classname>org.openmrs.ConceptSet</classname>
      <dateChanged id="533">2005-12-15 11:26:49</dateChanged>
    </org.openmrs.module.metadatasharing.Item>
    <org.openmrs.module.metadatasharing.Item id="534" uuid="e26e5d3e-1d5f-11e0-b929-000c29ad1d07">
      <id>125</id>
      <classname>org.openmrs.ConceptSet</classname>
      <dateChanged id="535">2006-04-18 15:14:59</dateChanged>
    </org.openmrs.module.metadatasharing.Item>
    <org.openmrs.module.metadatasharing.Item id="536" uuid="e2224732-1d5f-11e0-b929-000c29ad1d07">
      <id>1198</id>
      <classname>org.openmrs.ConceptDescription</classname>
      <dateChanged id="537">2011-03-30 11:12:06</dateChanged>
    </org.openmrs.module.metadatasharing.Item>
    <org.openmrs.module.metadatasharing.Item id="538" uuid="e225e05e-1d5f-11e0-b929-000c29ad1d07">
      <id>1678</id>
      <classname>org.openmrs.ConceptDescription</classname>
      <dateChanged id="539">2004-08-11 22:00:00</dateChanged>
    </org.openmrs.module.metadatasharing.Item>
  </relatedItems>
</package>
