<?xml version="1.0" encoding="UTF-8"?>
<package id="1" uuid="4499032b-4104-4692-861f-f6d78fe1ec0d">
  <dateCreated id="2">2016-10-31 10:20:39</dateCreated>
  <name>CDC Retention Report</name>
  <description>Report created for CDC retention evaluation</description>
  <openmrsVersion>1.9.1  Build 28992</openmrsVersion>
  <version>1</version>
  <groupUuid>f8e06981-e13b-40ba-ab28-c17d96cff16e</groupUuid>
  <modules id="3">
    <entry>
      <string>htmlwidgets</string>
      <string>1.6.4</string>
    </entry>
    <entry>
      <string>reportingcompatibility</string>
      <string>1.5.8</string>
    </entry>
    <entry>
      <string>htmlformentry</string>
      <string>2.0</string>
    </entry>
    <entry>
      <string>patientsummary</string>
      <string>2.0</string>
    </entry>
    <entry>
      <string>metadatamapping</string>
      <string>1.0.2</string>
    </entry>
    <entry>
      <string>logic</string>
      <string>0.5.2</string>
    </entry>
    <entry>
      <string>calculation</string>
      <string>1.0</string>
    </entry>
    <entry>
      <string>sync</string>
      <string>1.2</string>
    </entry>
    <entry>
      <string>htmlformentry19ext</string>
      <string>0.9</string>
    </entry>
    <entry>
      <string>reporting</string>
      <string>0.7.6</string>
    </entry>
    <entry>
      <string>metadatasharing</string>
      <string>1.1.9</string>
    </entry>
    <entry>
      <string>addresshierarchy</string>
      <string>2.2.9</string>
    </entry>
    <entry>
      <string>serialization.xstream</string>
      <string>0.2.7</string>
    </entry>
    <entry>
      <string>gaac</string>
      <string>1.0-SNAPSHOT</string>
    </entry>
  </modules>
  <items class="linked-hash-set" id="4">
    <org.openmrs.module.metadatasharing.Item id="5" uuid="c1467d16-e67c-4503-a3b2-3a96dd12d310">
      <id>82</id>
      <classname>org.openmrs.module.reporting.report.ReportDesign</classname>
      <dateChanged id="6">2016-10-31 09:51:41</dateChanged>
      <retired>false</retired>
    </org.openmrs.module.metadatasharing.Item>
    <org.openmrs.module.metadatasharing.Item id="7" uuid="401b142b-6752-4537-96db-3b39090faff0">
      <id>576</id>
      <classname>org.openmrs.api.db.SerializedObject</classname>
      <dateChanged id="8">2013-09-23 14:45:19</dateChanged>
      <retired>false</retired>
    </org.openmrs.module.metadatasharing.Item>
    <org.openmrs.module.metadatasharing.Item id="9" uuid="7282e74e-030d-43dc-bb37-f14e17d8dad2">
      <id>1478</id>
      <classname>org.openmrs.api.db.SerializedObject</classname>
      <dateChanged id="10">2016-10-28 08:47:45</dateChanged>
      <retired>false</retired>
    </org.openmrs.module.metadatasharing.Item>
    <org.openmrs.module.metadatasharing.Item id="11" uuid="fb68e4d5-2a90-4693-b88b-37f44e6dc96a">
      <id>1489</id>
      <classname>org.openmrs.api.db.SerializedObject</classname>
      <dateChanged id="12">2016-10-28 13:46:43</dateChanged>
      <retired>false</retired>
    </org.openmrs.module.metadatasharing.Item>
    <org.openmrs.module.metadatasharing.Item id="13" uuid="9aa314e6-1d81-4618-98bc-55eeda43f7ac">
      <id>1474</id>
      <classname>org.openmrs.api.db.SerializedObject</classname>
      <dateChanged id="14">2016-10-31 09:48:35</dateChanged>
      <retired>false</retired>
    </org.openmrs.module.metadatasharing.Item>
    <org.openmrs.module.metadatasharing.Item id="15" uuid="91787a86-0362-4820-a4ee-025d5501198b">
      <id>573</id>
      <classname>org.openmrs.api.db.SerializedObject</classname>
      <dateChanged id="16">2016-03-29 18:59:10</dateChanged>
      <retired>false</retired>
    </org.openmrs.module.metadatasharing.Item>
    <org.openmrs.module.metadatasharing.Item id="17" uuid="4607319f-86f3-4251-ba6a-7aedb52056d0">
      <id>1466</id>
      <classname>org.openmrs.api.db.SerializedObject</classname>
      <dateChanged id="18">2016-10-27 13:35:09</dateChanged>
      <retired>false</retired>
    </org.openmrs.module.metadatasharing.Item>
    <org.openmrs.module.metadatasharing.Item id="19" uuid="dc0781b0-9351-43f2-9dc5-20410b52b0a6">
      <id>1480</id>
      <classname>org.openmrs.api.db.SerializedObject</classname>
      <dateChanged id="20">2016-10-28 09:21:56</dateChanged>
      <retired>false</retired>
    </org.openmrs.module.metadatasharing.Item>
    <org.openmrs.module.metadatasharing.Item id="21" uuid="84f2a4ac-f5e7-498a-8f46-dc37f5405350">
      <id>1484</id>
      <classname>org.openmrs.api.db.SerializedObject</classname>
      <dateChanged id="22">2016-10-28 09:49:43</dateChanged>
      <retired>false</retired>
    </org.openmrs.module.metadatasharing.Item>
    <org.openmrs.module.metadatasharing.Item id="23" uuid="91388069-6580-463a-b9a1-f96f74f83004">
      <id>801</id>
      <classname>org.openmrs.api.db.SerializedObject</classname>
      <dateChanged id="24">2015-07-07 17:23:25</dateChanged>
      <retired>false</retired>
    </org.openmrs.module.metadatasharing.Item>
    <org.openmrs.module.metadatasharing.Item id="25" uuid="1523f92b-93c6-4669-a4f0-3b824aa2b021">
      <id>1482</id>
      <classname>org.openmrs.api.db.SerializedObject</classname>
      <dateChanged id="26">2016-10-28 09:34:09</dateChanged>
      <retired>false</retired>
    </org.openmrs.module.metadatasharing.Item>
    <org.openmrs.module.metadatasharing.Item id="27" uuid="70e26234-4b80-4b51-9e56-23780dc170f7">
      <id>1475</id>
      <classname>org.openmrs.api.db.SerializedObject</classname>
      <dateChanged id="28">2016-10-27 17:22:53</dateChanged>
      <retired>false</retired>
    </org.openmrs.module.metadatasharing.Item>
    <org.openmrs.module.metadatasharing.Item id="29" uuid="d2beb6dd-9a6d-4421-9b9d-d4993b8a1df3">
      <id>1467</id>
      <classname>org.openmrs.api.db.SerializedObject</classname>
      <dateChanged id="30">2016-10-27 13:41:23</dateChanged>
      <retired>false</retired>
    </org.openmrs.module.metadatasharing.Item>
    <org.openmrs.module.metadatasharing.Item id="31" uuid="f92ac516-f279-4267-9d1b-ae7ec8e7c8ee">
      <id>1488</id>
      <classname>org.openmrs.api.db.SerializedObject</classname>
      <dateChanged id="32">2016-10-28 10:55:52</dateChanged>
      <retired>false</retired>
    </org.openmrs.module.metadatasharing.Item>
    <org.openmrs.module.metadatasharing.Item id="33" uuid="b0df8480-9956-4624-968e-338136b48bf1">
      <id>1470</id>
      <classname>org.openmrs.api.db.SerializedObject</classname>
      <dateChanged id="34">2016-10-31 09:46:38</dateChanged>
      <retired>false</retired>
    </org.openmrs.module.metadatasharing.Item>
    <org.openmrs.module.metadatasharing.Item id="35" uuid="6f507952-6008-4463-88ed-305789705532">
      <id>1477</id>
      <classname>org.openmrs.api.db.SerializedObject</classname>
      <dateChanged id="36">2016-10-28 08:36:13</dateChanged>
      <retired>false</retired>
    </org.openmrs.module.metadatasharing.Item>
    <org.openmrs.module.metadatasharing.Item id="37" uuid="4a426220-ac60-43a1-9e0a-91edc9c16fa0">
      <id>101</id>
      <classname>org.openmrs.api.db.SerializedObject</classname>
      <dateChanged id="38">2011-10-20 22:16:05</dateChanged>
      <retired>false</retired>
    </org.openmrs.module.metadatasharing.Item>
    <org.openmrs.module.metadatasharing.Item id="39" uuid="d5b34222-03ee-453f-be14-28ecac2e1254">
      <id>1468</id>
      <classname>org.openmrs.api.db.SerializedObject</classname>
      <dateChanged id="40">2016-10-27 13:49:30</dateChanged>
      <retired>false</retired>
    </org.openmrs.module.metadatasharing.Item>
    <org.openmrs.module.metadatasharing.Item id="41" uuid="7450a07e-f5c4-4ef4-9831-4ad27d487e6c">
      <id>1487</id>
      <classname>org.openmrs.api.db.SerializedObject</classname>
      <dateChanged id="42">2016-10-28 10:51:17</dateChanged>
      <retired>false</retired>
    </org.openmrs.module.metadatasharing.Item>
    <org.openmrs.module.metadatasharing.Item id="43" uuid="b04f3ba7-ad57-4b5b-8eff-a91a7a061da4">
      <id>805</id>
      <classname>org.openmrs.api.db.SerializedObject</classname>
      <dateChanged id="44">2015-07-07 17:10:44</dateChanged>
      <retired>false</retired>
    </org.openmrs.module.metadatasharing.Item>
    <org.openmrs.module.metadatasharing.Item id="45" uuid="1360ff4f-a90e-4640-adfb-719a9a5532e1">
      <id>1469</id>
      <classname>org.openmrs.api.db.SerializedObject</classname>
      <dateChanged id="46">2016-10-31 09:44:21</dateChanged>
      <retired>false</retired>
    </org.openmrs.module.metadatasharing.Item>
    <org.openmrs.module.metadatasharing.Item id="47" uuid="71cc5548-fed1-4b5f-9e8a-e8576cfb7a60">
      <id>209</id>
      <classname>org.openmrs.api.db.SerializedObject</classname>
      <dateChanged id="48">2015-09-16 14:54:52</dateChanged>
      <retired>false</retired>
    </org.openmrs.module.metadatasharing.Item>
    <org.openmrs.module.metadatasharing.Item id="49" uuid="509134a3-3e2b-443a-839d-eb1b2c519eb2">
      <id>102</id>
      <classname>org.openmrs.api.db.SerializedObject</classname>
      <dateChanged id="50">2013-04-03 12:01:44</dateChanged>
      <retired>false</retired>
    </org.openmrs.module.metadatasharing.Item>
    <org.openmrs.module.metadatasharing.Item id="51" uuid="e51a6ded-41c5-420f-9623-e5d88545663d">
      <id>342</id>
      <classname>org.openmrs.api.db.SerializedObject</classname>
      <dateChanged id="52">2016-10-31 10:00:21</dateChanged>
      <retired>false</retired>
    </org.openmrs.module.metadatasharing.Item>
    <org.openmrs.module.metadatasharing.Item id="53" uuid="edbea844-4e16-462e-a2bf-37636eef90cd">
      <id>1483</id>
      <classname>org.openmrs.api.db.SerializedObject</classname>
      <dateChanged id="54">2016-10-28 09:43:37</dateChanged>
      <retired>false</retired>
    </org.openmrs.module.metadatasharing.Item>
    <org.openmrs.module.metadatasharing.Item id="55" uuid="3d91f455-8c55-49c0-a694-503b6e39235a">
      <id>1485</id>
      <classname>org.openmrs.api.db.SerializedObject</classname>
      <dateChanged id="56">2016-10-28 09:55:47</dateChanged>
      <retired>false</retired>
    </org.openmrs.module.metadatasharing.Item>
    <org.openmrs.module.metadatasharing.Item id="57" uuid="33bc9550-aac0-42a9-9f17-76712da7fccc">
      <id>1481</id>
      <classname>org.openmrs.api.db.SerializedObject</classname>
      <dateChanged id="58">2016-10-28 09:21:31</dateChanged>
      <retired>false</retired>
    </org.openmrs.module.metadatasharing.Item>
    <org.openmrs.module.metadatasharing.Item id="59" uuid="a941a6d6-a465-496f-8124-f06b79fb953c">
      <id>56</id>
      <classname>org.openmrs.api.db.SerializedObject</classname>
      <dateChanged id="60">2016-09-28 11:36:58</dateChanged>
      <retired>false</retired>
    </org.openmrs.module.metadatasharing.Item>
    <org.openmrs.module.metadatasharing.Item id="61" uuid="f5a11f87-940e-42cf-81bb-e391c3d4994b">
      <id>1479</id>
      <classname>org.openmrs.api.db.SerializedObject</classname>
      <dateChanged id="62">2016-10-28 08:52:16</dateChanged>
      <retired>false</retired>
    </org.openmrs.module.metadatasharing.Item>
    <org.openmrs.module.metadatasharing.Item id="63" uuid="93ad45cc-5b10-42e4-92f3-72fde4b4354e">
      <id>1486</id>
      <classname>org.openmrs.api.db.SerializedObject</classname>
      <dateChanged id="64">2016-10-28 10:03:12</dateChanged>
      <retired>false</retired>
    </org.openmrs.module.metadatasharing.Item>
    <org.openmrs.module.metadatasharing.Item id="65" uuid="81180e4f-db08-4397-8391-d59d0c194518">
      <id>1472</id>
      <classname>org.openmrs.api.db.SerializedObject</classname>
      <dateChanged id="66">2016-10-31 09:47:34</dateChanged>
      <retired>false</retired>
    </org.openmrs.module.metadatasharing.Item>
    <org.openmrs.module.metadatasharing.Item id="67" uuid="e3aa925a-79d1-4296-acba-6b206c163405">
      <id>1471</id>
      <classname>org.openmrs.api.db.SerializedObject</classname>
      <dateChanged id="68">2016-10-31 09:46:59</dateChanged>
      <retired>false</retired>
    </org.openmrs.module.metadatasharing.Item>
    <org.openmrs.module.metadatasharing.Item id="69" uuid="13e5d7f9-8bd6-438b-b694-4c0fd60424a2">
      <id>1476</id>
      <classname>org.openmrs.api.db.SerializedObject</classname>
      <dateChanged id="70">2016-10-27 17:47:26</dateChanged>
      <retired>false</retired>
    </org.openmrs.module.metadatasharing.Item>
    <org.openmrs.module.metadatasharing.Item id="71" uuid="b6f0bc9c-475f-447f-ade9-f3e163ebb11e">
      <id>1473</id>
      <classname>org.openmrs.api.db.SerializedObject</classname>
      <dateChanged id="72">2016-10-31 09:47:52</dateChanged>
      <retired>false</retired>
    </org.openmrs.module.metadatasharing.Item>
    <org.openmrs.module.metadatasharing.Item id="73" uuid="fc7617ba-aee2-42f4-a9f2-0e0dd0062a3b">
      <id>77</id>
      <classname>org.openmrs.module.reporting.report.ReportDesignResource</classname>
      <dateChanged id="74">2016-10-31 09:51:41</dateChanged>
      <retired>false</retired>
    </org.openmrs.module.metadatasharing.Item>
  </items>
  <relatedItems class="linked-hash-set" id="75">
    <org.openmrs.module.metadatasharing.Item id="76" uuid="f92ac516-f279-4267-9d1b-ae7ec8e7c8ee">
      <id>1488</id>
      <classname>org.openmrs.module.reporting.report.definition.PeriodIndicatorReportDefinition</classname>
      <dateChanged id="77">2016-10-28 10:55:51</dateChanged>
      <retired>false</retired>
    </org.openmrs.module.metadatasharing.Item>
  </relatedItems>
</package>
