<?xml version="1.0" encoding="UTF-8"?>
<package id="1" uuid="162e8ef5-17b7-44e7-9479-a88c22b63536">
  <dateCreated id="2">2017-07-11 10:07:38</dateCreated>
  <name>RetiredDrugs</name>
  <description>All drugs that are NOT required to be retired</description>
  <openmrsVersion>1.11.5  Build a0c979</openmrsVersion>
  <version>1</version>
  <groupUuid>caa59c55-f358-4d3c-b75b-0e2d4bae568f</groupUuid>
  <modules id="3">
    <entry>
      <string>uilibrary</string>
      <string>1.5</string>
    </entry>
    <entry>
      <string>webservices.rest</string>
      <string>2.12-SNAPSHOT.26ea0d</string>
    </entry>
    <entry>
      <string>htmlformentry</string>
      <string>3.3.0</string>
    </entry>
    <entry>
      <string>patientsummary</string>
      <string>2.0</string>
    </entry>
    <entry>
      <string>calculation</string>
      <string>1.1</string>
    </entry>
    <entry>
      <string>providermanagement</string>
      <string>2.3</string>
    </entry>
    <entry>
      <string>event</string>
      <string>2.2.1</string>
    </entry>
    <entry>
      <string>formfilter</string>
      <string>1.0.0</string>
    </entry>
    <entry>
      <string>bahmniapps</string>
      <string>0.74-SNAPSHOT</string>
    </entry>
    <entry>
      <string>htmlformentry19ext</string>
      <string>1.7</string>
    </entry>
    <entry>
      <string>esaudemetadata</string>
      <string>1.1.0</string>
    </entry>
    <entry>
      <string>reference-data</string>
      <string>0.74-SNAPSHOT</string>
    </entry>
    <entry>
      <string>addresshierarchy</string>
      <string>2.9</string>
    </entry>
    <entry>
      <string>dataentrystatistics</string>
      <string>1.3.2</string>
    </entry>
    <entry>
      <string>serialization.xstream</string>
      <string>0.2.9</string>
    </entry>
    <entry>
      <string>htmlwidgets</string>
      <string>1.7.0</string>
    </entry>
    <entry>
      <string>reportingcompatibility</string>
      <string>1.5.8</string>
    </entry>
    <entry>
      <string>groovy</string>
      <string>2.2.4</string>
    </entry>
    <entry>
      <string>uiframework</string>
      <string>3.4</string>
    </entry>
    <entry>
      <string>bahmnicore</string>
      <string>0.77-SNAPSHOT</string>
    </entry>
    <entry>
      <string>metadatamapping</string>
      <string>1.0.2</string>
    </entry>
    <entry>
      <string>patientflags</string>
      <string>1.3.4</string>
    </entry>
    <entry>
      <string>reportingrest</string>
      <string>1.6</string>
    </entry>
    <entry>
      <string>appframework</string>
      <string>2.1</string>
    </entry>
    <entry>
      <string>logic</string>
      <string>0.5.2</string>
    </entry>
    <entry>
      <string>idgen-webservices</string>
      <string>1.0</string>
    </entry>
    <entry>
      <string>emrapi</string>
      <string>1.11.1</string>
    </entry>
    <entry>
      <string>openmrs-atomfeed</string>
      <string>2.4-SNAPSHOT</string>
    </entry>
    <entry>
      <string>idgen</string>
      <string>2.9.1</string>
    </entry>
    <entry>
      <string>databasebackup</string>
      <string>1.0</string>
    </entry>
    <entry>
      <string>metadatasharing</string>
      <string>1.2</string>
    </entry>
    <entry>
      <string>reporting</string>
      <string>0.9.9</string>
    </entry>
    <entry>
      <string>gaac</string>
      <string>1.0-SNAPSHOT</string>
    </entry>
    <entry>
      <string>patientflag_rest</string>
      <string>1.0-SNAPSHOT</string>
    </entry>
  </modules>
  <items class="linked-hash-set" id="4">
    <org.openmrs.module.metadatasharing.Item id="5" uuid="e2779534-1d5f-11e0-b929-000c29ad1d07">
      <id>6</id>
      <classname>org.openmrs.Drug</classname>
      <dateChanged id="6">2017-07-11 10:04:21</dateChanged>
      <retired>true</retired>
    </org.openmrs.module.metadatasharing.Item>
    <org.openmrs.module.metadatasharing.Item id="7" uuid="e2779296-1d5f-11e0-b929-000c29ad1d07">
      <id>3</id>
      <classname>org.openmrs.Drug</classname>
      <dateChanged id="8">2017-07-11 10:04:02</dateChanged>
      <retired>true</retired>
    </org.openmrs.module.metadatasharing.Item>
    <org.openmrs.module.metadatasharing.Item id="9" uuid="e27797a0-1d5f-11e0-b929-000c29ad1d07">
      <id>10</id>
      <classname>org.openmrs.Drug</classname>
      <dateChanged id="10">2017-07-11 10:04:41</dateChanged>
      <retired>true</retired>
    </org.openmrs.module.metadatasharing.Item>
    <org.openmrs.module.metadatasharing.Item id="11" uuid="e27793f4-1d5f-11e0-b929-000c29ad1d07">
      <id>5</id>
      <classname>org.openmrs.Drug</classname>
      <dateChanged id="12">2017-07-11 10:04:12</dateChanged>
      <retired>true</retired>
    </org.openmrs.module.metadatasharing.Item>
    <org.openmrs.module.metadatasharing.Item id="13" uuid="e277966a-1d5f-11e0-b929-000c29ad1d07">
      <id>9</id>
      <classname>org.openmrs.Drug</classname>
      <dateChanged id="14">2017-07-11 10:04:31</dateChanged>
      <retired>true</retired>
    </org.openmrs.module.metadatasharing.Item>
  </items>
  <relatedItems class="linked-hash-set" id="15">
    <org.openmrs.module.metadatasharing.Item id="16" uuid="e1d3cfb2-1d5f-11e0-b929-000c29ad1d07">
      <id>625</id>
      <classname>org.openmrs.Concept</classname>
      <dateChanged id="17">2017-04-26 08:36:43</dateChanged>
      <retired>false</retired>
    </org.openmrs.module.metadatasharing.Item>
    <org.openmrs.module.metadatasharing.Item id="18" uuid="8d4a4c94-c2cc-11de-8d13-0010c6dffd0f">
      <id>4</id>
      <classname>org.openmrs.ConceptDatatype</classname>
      <dateChanged id="19">2004-02-01 22:00:00</dateChanged>
      <retired>false</retired>
    </org.openmrs.module.metadatasharing.Item>
    <org.openmrs.module.metadatasharing.Item id="20" uuid="8d490dfc-c2cc-11de-8d13-0010c6dffd0f">
      <id>3</id>
      <classname>org.openmrs.ConceptClass</classname>
      <dateChanged id="21">2004-02-02 00:00:00</dateChanged>
      <retired>false</retired>
    </org.openmrs.module.metadatasharing.Item>
    <org.openmrs.module.metadatasharing.Item id="22" uuid="e23c3c00-1d5f-11e0-b929-000c29ad1d07">
      <id>625</id>
      <classname>org.openmrs.ConceptName</classname>
      <dateChanged id="23">2004-01-01 02:00:00</dateChanged>
    </org.openmrs.module.metadatasharing.Item>
    <org.openmrs.module.metadatasharing.Item id="24" uuid="e24d4aae-1d5f-11e0-b929-000c29ad1d07">
      <id>2979</id>
      <classname>org.openmrs.ConceptName</classname>
      <dateChanged id="25">2008-10-18 11:26:22</dateChanged>
    </org.openmrs.module.metadatasharing.Item>
    <org.openmrs.module.metadatasharing.Item id="26" uuid="e2606b70-1d5f-11e0-b929-000c29ad1d07">
      <id>5657</id>
      <classname>org.openmrs.ConceptName</classname>
      <dateChanged id="27">2004-10-20 02:00:00</dateChanged>
    </org.openmrs.module.metadatasharing.Item>
    <org.openmrs.module.metadatasharing.Item id="28" uuid="e266c876-1d5f-11e0-b929-000c29ad1d07">
      <id>6613</id>
      <classname>org.openmrs.ConceptName</classname>
      <dateChanged id="29">2004-10-20 02:00:00</dateChanged>
    </org.openmrs.module.metadatasharing.Item>
    <org.openmrs.module.metadatasharing.Item id="30" uuid="e21d4b42-1d5f-11e0-b929-000c29ad1d07">
      <id>624</id>
      <classname>org.openmrs.ConceptDescription</classname>
      <dateChanged id="31">2017-04-26 08:36:43</dateChanged>
    </org.openmrs.module.metadatasharing.Item>
    <org.openmrs.module.metadatasharing.Item id="32" uuid="e22c7fe0-1d5f-11e0-b929-000c29ad1d07">
      <id>2532</id>
      <classname>org.openmrs.ConceptDescription</classname>
      <dateChanged id="33">2017-04-26 08:36:43</dateChanged>
    </org.openmrs.module.metadatasharing.Item>
    <org.openmrs.module.metadatasharing.Item id="34" uuid="ef9b50df-bde7-4ac9-a953-c44bd557b3ba">
      <id>34532</id>
      <classname>org.openmrs.ConceptMap</classname>
      <dateChanged id="35">2017-04-26 08:36:43</dateChanged>
    </org.openmrs.module.metadatasharing.Item>
    <org.openmrs.module.metadatasharing.Item id="36" uuid="35543629-7d8c-11e1-909d-c80aa9edcf4e">
      <id>1</id>
      <classname>org.openmrs.ConceptMapType</classname>
      <dateChanged id="37">2017-07-11 08:44:03</dateChanged>
      <retired>false</retired>
    </org.openmrs.module.metadatasharing.Item>
    <org.openmrs.module.metadatasharing.Item id="38" uuid="21de74b7-c2d0-48a1-a57c-306d22428a3c">
      <id>35113</id>
      <classname>org.openmrs.ConceptReferenceTerm</classname>
      <dateChanged id="39">2017-04-26 08:36:43</dateChanged>
      <retired>false</retired>
    </org.openmrs.module.metadatasharing.Item>
    <org.openmrs.module.metadatasharing.Item id="40" uuid="919246ff-6bfc-42fc-8213-69d2d1ce0db7">
      <id>34</id>
      <classname>org.openmrs.ConceptSource</classname>
      <dateChanged id="41">2016-10-12 13:42:37</dateChanged>
      <retired>false</retired>
    </org.openmrs.module.metadatasharing.Item>
    <org.openmrs.module.metadatasharing.Item id="42" uuid="e1d5d438-1d5f-11e0-b929-000c29ad1d07">
      <id>792</id>
      <classname>org.openmrs.Concept</classname>
      <dateChanged id="43">2017-04-26 08:36:43</dateChanged>
      <retired>false</retired>
    </org.openmrs.module.metadatasharing.Item>
    <org.openmrs.module.metadatasharing.Item id="44" uuid="dd202540-c502-4da1-82e8-2518608a3276">
      <id>6622</id>
      <classname>org.openmrs.ConceptName</classname>
      <dateChanged id="45">2011-01-21 12:51:42</dateChanged>
    </org.openmrs.module.metadatasharing.Item>
    <org.openmrs.module.metadatasharing.Item id="46" uuid="e26639b0-1d5f-11e0-b929-000c29ad1d07">
      <id>6504</id>
      <classname>org.openmrs.ConceptName</classname>
      <dateChanged id="47">2005-01-21 00:00:00</dateChanged>
    </org.openmrs.module.metadatasharing.Item>
    <org.openmrs.module.metadatasharing.Item id="48" uuid="e23d24d0-1d5f-11e0-b929-000c29ad1d07">
      <id>792</id>
      <classname>org.openmrs.ConceptName</classname>
      <dateChanged id="49">2004-04-08 00:00:00</dateChanged>
    </org.openmrs.module.metadatasharing.Item>
    <org.openmrs.module.metadatasharing.Item id="50" uuid="e262f46c-1d5f-11e0-b929-000c29ad1d07">
      <id>6013</id>
      <classname>org.openmrs.ConceptName</classname>
      <dateChanged id="51">2008-10-17 16:49:07</dateChanged>
    </org.openmrs.module.metadatasharing.Item>
    <org.openmrs.module.metadatasharing.Item id="52" uuid="e2663c6c-1d5f-11e0-b929-000c29ad1d07">
      <id>6507</id>
      <classname>org.openmrs.ConceptName</classname>
      <dateChanged id="53">2005-02-22 12:47:28</dateChanged>
    </org.openmrs.module.metadatasharing.Item>
    <org.openmrs.module.metadatasharing.Item id="54" uuid="e25fc076-1d5f-11e0-b929-000c29ad1d07">
      <id>5493</id>
      <classname>org.openmrs.ConceptName</classname>
      <dateChanged id="55">2011-01-21 12:51:42</dateChanged>
    </org.openmrs.module.metadatasharing.Item>
    <org.openmrs.module.metadatasharing.Item id="56" uuid="e25db5ba-1d5f-11e0-b929-000c29ad1d07">
      <id>5125</id>
      <classname>org.openmrs.ConceptName</classname>
      <dateChanged id="57">2004-04-08 00:00:00</dateChanged>
    </org.openmrs.module.metadatasharing.Item>
    <org.openmrs.module.metadatasharing.Item id="58" uuid="e24c5d88-1d5f-11e0-b929-000c29ad1d07">
      <id>2811</id>
      <classname>org.openmrs.ConceptName</classname>
      <dateChanged id="59">2008-10-15 16:11:06</dateChanged>
    </org.openmrs.module.metadatasharing.Item>
    <org.openmrs.module.metadatasharing.Item id="60" uuid="e2606f08-1d5f-11e0-b929-000c29ad1d07">
      <id>5661</id>
      <classname>org.openmrs.ConceptName</classname>
      <dateChanged id="61">2011-01-11 00:00:00</dateChanged>
    </org.openmrs.module.metadatasharing.Item>
    <org.openmrs.module.metadatasharing.Item id="62" uuid="e2663a96-1d5f-11e0-b929-000c29ad1d07">
      <id>6505</id>
      <classname>org.openmrs.ConceptName</classname>
      <dateChanged id="63">2008-10-17 16:50:13</dateChanged>
    </org.openmrs.module.metadatasharing.Item>
    <org.openmrs.module.metadatasharing.Item id="64" uuid="e2663b86-1d5f-11e0-b929-000c29ad1d07">
      <id>6506</id>
      <classname>org.openmrs.ConceptName</classname>
      <dateChanged id="65">2005-02-22 12:47:28</dateChanged>
    </org.openmrs.module.metadatasharing.Item>
    <org.openmrs.module.metadatasharing.Item id="66" uuid="e2611f34-1d5f-11e0-b929-000c29ad1d07">
      <id>5758</id>
      <classname>org.openmrs.ConceptName</classname>
      <dateChanged id="67">2005-02-18 13:52:27</dateChanged>
    </org.openmrs.module.metadatasharing.Item>
    <org.openmrs.module.metadatasharing.Item id="68" uuid="e25fc3c8-1d5f-11e0-b929-000c29ad1d07">
      <id>5496</id>
      <classname>org.openmrs.ConceptName</classname>
      <dateChanged id="69">2011-01-21 12:51:42</dateChanged>
    </org.openmrs.module.metadatasharing.Item>
    <org.openmrs.module.metadatasharing.Item id="70" uuid="e21e4b14-1d5f-11e0-b929-000c29ad1d07">
      <id>790</id>
      <classname>org.openmrs.ConceptDescription</classname>
      <dateChanged id="71">2017-04-26 08:36:43</dateChanged>
    </org.openmrs.module.metadatasharing.Item>
    <org.openmrs.module.metadatasharing.Item id="72" uuid="e22c1780-1d5f-11e0-b929-000c29ad1d07">
      <id>2480</id>
      <classname>org.openmrs.ConceptDescription</classname>
      <dateChanged id="73">2017-04-26 08:36:43</dateChanged>
    </org.openmrs.module.metadatasharing.Item>
    <org.openmrs.module.metadatasharing.Item id="74" uuid="27d75238-d1f7-408d-a09d-27bd1832c490">
      <id>34543</id>
      <classname>org.openmrs.ConceptMap</classname>
      <dateChanged id="75">2017-04-26 08:36:43</dateChanged>
    </org.openmrs.module.metadatasharing.Item>
    <org.openmrs.module.metadatasharing.Item id="76" uuid="03ed57ef-3d57-4d6d-9936-cbbdfa91e1c1">
      <id>35114</id>
      <classname>org.openmrs.ConceptReferenceTerm</classname>
      <dateChanged id="77">2017-04-26 08:36:43</dateChanged>
      <retired>false</retired>
    </org.openmrs.module.metadatasharing.Item>
    <org.openmrs.module.metadatasharing.Item id="78" uuid="e1d5d87a-1d5f-11e0-b929-000c29ad1d07">
      <id>796</id>
      <classname>org.openmrs.Concept</classname>
      <dateChanged id="79">2017-04-26 08:36:43</dateChanged>
      <retired>false</retired>
    </org.openmrs.module.metadatasharing.Item>
    <org.openmrs.module.metadatasharing.Item id="80" uuid="e23d2868-1d5f-11e0-b929-000c29ad1d07">
      <id>796</id>
      <classname>org.openmrs.ConceptName</classname>
      <dateChanged id="81">2004-04-08 02:00:00</dateChanged>
    </org.openmrs.module.metadatasharing.Item>
    <org.openmrs.module.metadatasharing.Item id="82" uuid="e2607ae8-1d5f-11e0-b929-000c29ad1d07">
      <id>5674</id>
      <classname>org.openmrs.ConceptName</classname>
      <dateChanged id="83">2005-02-22 14:50:02</dateChanged>
    </org.openmrs.module.metadatasharing.Item>
    <org.openmrs.module.metadatasharing.Item id="84" uuid="e26079f8-1d5f-11e0-b929-000c29ad1d07">
      <id>5673</id>
      <classname>org.openmrs.ConceptName</classname>
      <dateChanged id="85">2011-01-11 02:00:00</dateChanged>
    </org.openmrs.module.metadatasharing.Item>
    <org.openmrs.module.metadatasharing.Item id="86" uuid="e2607bce-1d5f-11e0-b929-000c29ad1d07">
      <id>5675</id>
      <classname>org.openmrs.ConceptName</classname>
      <dateChanged id="87">2005-02-22 14:50:02</dateChanged>
    </org.openmrs.module.metadatasharing.Item>
    <org.openmrs.module.metadatasharing.Item id="88" uuid="e25db876-1d5f-11e0-b929-000c29ad1d07">
      <id>5128</id>
      <classname>org.openmrs.ConceptName</classname>
      <dateChanged id="89">2004-04-08 00:00:00</dateChanged>
    </org.openmrs.module.metadatasharing.Item>
    <org.openmrs.module.metadatasharing.Item id="90" uuid="e24d47fc-1d5f-11e0-b929-000c29ad1d07">
      <id>2976</id>
      <classname>org.openmrs.ConceptName</classname>
      <dateChanged id="91">2008-10-18 11:20:27</dateChanged>
    </org.openmrs.module.metadatasharing.Item>
    <org.openmrs.module.metadatasharing.Item id="92" uuid="e2667704-1d5f-11e0-b929-000c29ad1d07">
      <id>6550</id>
      <classname>org.openmrs.ConceptName</classname>
      <dateChanged id="93">2004-04-08 02:00:00</dateChanged>
    </org.openmrs.module.metadatasharing.Item>
    <org.openmrs.module.metadatasharing.Item id="94" uuid="e21e52f8-1d5f-11e0-b929-000c29ad1d07">
      <id>794</id>
      <classname>org.openmrs.ConceptDescription</classname>
      <dateChanged id="95">2017-04-26 08:36:43</dateChanged>
    </org.openmrs.module.metadatasharing.Item>
    <org.openmrs.module.metadatasharing.Item id="96" uuid="e22c7d06-1d5f-11e0-b929-000c29ad1d07">
      <id>2529</id>
      <classname>org.openmrs.ConceptDescription</classname>
      <dateChanged id="97">2017-04-26 08:36:43</dateChanged>
    </org.openmrs.module.metadatasharing.Item>
    <org.openmrs.module.metadatasharing.Item id="98" uuid="c5b0a814-793f-4933-bf73-9dbcd38e817d">
      <id>34539</id>
      <classname>org.openmrs.ConceptMap</classname>
      <dateChanged id="99">2017-04-26 08:36:43</dateChanged>
    </org.openmrs.module.metadatasharing.Item>
    <org.openmrs.module.metadatasharing.Item id="100" uuid="8bb1252d-3ebf-449a-9ef2-9b91daf6c18a">
      <id>35110</id>
      <classname>org.openmrs.ConceptReferenceTerm</classname>
      <dateChanged id="101">2017-04-26 08:36:43</dateChanged>
      <retired>false</retired>
    </org.openmrs.module.metadatasharing.Item>
  </relatedItems>
</package>
