<?xml version="1.0" encoding="UTF-8"?>
<list id="1">
  <org.openmrs.Drug id="2" uuid="e2779534-1d5f-11e0-b929-000c29ad1d07">
    <name>d4T-40</name>
    <creator/>
    <dateCreated id="3">2005-02-24 00:00:00</dateCreated>
    <changedBy/>
    <dateChanged id="4">2017-07-11 10:04:21</dateChanged>
    <retired>true</retired>
    <dateRetired id="5">2017-07-11 10:04:21</dateRetired>
    <retiredBy/>
    <retireReason>No longer used</retireReason>
    <drugId>6</drugId>
    <combination>false</combination>
    <concept id="6" resolves-to="org.openmrs.Concept" uuid="e1d3cfb2-1d5f-11e0-b929-000c29ad1d07">
      <conceptId>625</conceptId>
      <retired>false</retired>
      <datatype id="7" resolves-to="org.openmrs.ConceptDatatype" uuid="8d4a4c94-c2cc-11de-8d13-0010c6dffd0f">
        <name>N/A</name>
        <description>Not associated with a datatype (e.g., term answers, sets)</description>
        <creator/>
        <dateCreated id="8">2004-02-01 22:00:00</dateCreated>
        <retired>false</retired>
        <conceptDatatypeId>4</conceptDatatypeId>
        <hl7Abbreviation>ZZ</hl7Abbreviation>
      </datatype>
      <conceptClass id="9" resolves-to="org.openmrs.ConceptClass" uuid="8d490dfc-c2cc-11de-8d13-0010c6dffd0f">
        <name>Drug</name>
        <description>Drug</description>
        <creator/>
        <dateCreated id="10">2004-02-02 00:00:00</dateCreated>
        <retired>false</retired>
        <conceptClassId>3</conceptClassId>
      </conceptClass>
      <set>false</set>
      <creator/>
      <dateCreated id="11">2004-01-01 02:00:00</dateCreated>
      <changedBy/>
      <dateChanged id="12">2017-04-26 08:36:43</dateChanged>
      <names class="set" id="13">
        <org.openmrs.ConceptName id="14" uuid="e23c3c00-1d5f-11e0-b929-000c29ad1d07">
          <conceptNameId>625</conceptNameId>
          <concept reference="6"/>
          <name>STAVUDINE</name>
          <locale id="15">en</locale>
          <creator/>
          <dateCreated id="16">2004-01-01 02:00:00</dateCreated>
          <voided>false</voided>
          <tags class="set" id="17"/>
          <conceptNameType>FULLY_SPECIFIED</conceptNameType>
          <localePreferred>true</localePreferred>
        </org.openmrs.ConceptName>
        <org.openmrs.ConceptName id="18" uuid="e24d4aae-1d5f-11e0-b929-000c29ad1d07">
          <conceptNameId>2979</conceptNameId>
          <concept reference="6"/>
          <name>ESTAVUDINA</name>
          <locale id="19">pt</locale>
          <creator/>
          <dateCreated id="20">2008-10-18 11:26:22</dateCreated>
          <voided>false</voided>
          <tags class="set" id="21"/>
          <conceptNameType>FULLY_SPECIFIED</conceptNameType>
          <localePreferred>true</localePreferred>
        </org.openmrs.ConceptName>
        <org.openmrs.ConceptName id="22" uuid="e2606b70-1d5f-11e0-b929-000c29ad1d07">
          <conceptNameId>5657</conceptNameId>
          <concept reference="6"/>
          <name>D4T</name>
          <locale id="23">en</locale>
          <creator/>
          <dateCreated id="24">2004-10-20 02:00:00</dateCreated>
          <voided>false</voided>
          <tags class="set" id="25"/>
          <localePreferred>false</localePreferred>
        </org.openmrs.ConceptName>
        <org.openmrs.ConceptName id="26" uuid="e266c876-1d5f-11e0-b929-000c29ad1d07">
          <conceptNameId>6613</conceptNameId>
          <concept reference="6"/>
          <name>ZERIT</name>
          <locale id="27">en</locale>
          <creator/>
          <dateCreated id="28">2004-10-20 02:00:00</dateCreated>
          <voided>false</voided>
          <tags class="set" id="29"/>
          <localePreferred>false</localePreferred>
        </org.openmrs.ConceptName>
      </names>
      <answers class="set" id="30"/>
      <conceptSets class="set" id="31"/>
      <descriptions class="set" id="32">
        <org.openmrs.ConceptDescription id="33" uuid="e21d4b42-1d5f-11e0-b929-000c29ad1d07">
          <conceptDescriptionId>624</conceptDescriptionId>
          <concept reference="6"/>
          <description>A synthetic antiretroviral nucleoside (C10H12N2O4) that is an analog of thymidine and is administered orally in the treatment of HIV infection.</description>
          <locale id="34">en</locale>
          <creator/>
          <dateCreated id="35">2004-01-01 02:00:00</dateCreated>
          <changedBy/>
          <dateChanged id="36">2017-04-26 08:36:43</dateChanged>
        </org.openmrs.ConceptDescription>
        <org.openmrs.ConceptDescription id="37" uuid="e22c7fe0-1d5f-11e0-b929-000c29ad1d07">
          <conceptDescriptionId>2532</conceptDescriptionId>
          <concept reference="6"/>
          <description>Um nucleosídeo sintético anti-retrovirais (C10H12N2O4) que é um análogo da timidina e é administrado por via oral no tratamento da infecção pelo HIV</description>
          <locale id="38">pt</locale>
          <creator/>
          <dateCreated id="39">2008-10-18 11:26:22</dateCreated>
          <changedBy/>
          <dateChanged id="40">2017-04-26 08:36:43</dateChanged>
        </org.openmrs.ConceptDescription>
      </descriptions>
      <conceptMappings class="set" id="41">
        <org.openmrs.ConceptMap id="42" uuid="ef9b50df-bde7-4ac9-a953-c44bd557b3ba">
          <conceptMapType id="43" resolves-to="org.openmrs.ConceptMapType" uuid="35543629-7d8c-11e1-909d-c80aa9edcf4e">
            <name>SAME-AS</name>
            <creator/>
            <dateCreated id="44">2015-03-21 22:00:00</dateCreated>
            <changedBy/>
            <dateChanged id="45">2017-07-11 08:44:03</dateChanged>
            <retired>false</retired>
            <conceptMapTypeId>1</conceptMapTypeId>
            <isHidden>false</isHidden>
          </conceptMapType>
          <creator/>
          <changedBy/>
          <dateCreated id="46">2016-09-22 12:43:15</dateCreated>
          <dateChanged id="47">2017-04-26 08:36:43</dateChanged>
          <conceptMapId>34532</conceptMapId>
          <concept reference="6"/>
          <conceptReferenceTerm id="48" resolves-to="org.openmrs.ConceptReferenceTerm" uuid="21de74b7-c2d0-48a1-a57c-306d22428a3c">
            <creator/>
            <dateCreated id="49">2016-09-22 12:43:15</dateCreated>
            <changedBy/>
            <dateChanged id="50">2017-04-26 08:36:43</dateChanged>
            <retired>false</retired>
            <conceptReferenceTermId>35113</conceptReferenceTermId>
            <conceptSource id="51" resolves-to="org.openmrs.ConceptSource" uuid="919246ff-6bfc-42fc-8213-69d2d1ce0db7">
              <name>eSaude</name>
              <description>Mozambique eSaude concept dictionary</description>
              <creator/>
              <dateCreated id="52">2016-10-12 13:42:37</dateCreated>
              <retired>false</retired>
              <conceptSourceId>34</conceptSourceId>
              <hl7Code>eSaude</hl7Code>
            </conceptSource>
            <code>625</code>
            <conceptReferenceTermMaps id="53"/>
          </conceptReferenceTerm>
        </org.openmrs.ConceptMap>
      </conceptMappings>
    </concept>
    <drugReferenceMaps id="54"/>
    <ingredients class="set" id="55"/>
  </org.openmrs.Drug>
  <org.openmrs.Drug id="56" uuid="e2779296-1d5f-11e0-b929-000c29ad1d07">
    <name>Triomune-40</name>
    <creator/>
    <dateCreated id="57">2005-02-24 00:00:00</dateCreated>
    <changedBy/>
    <dateChanged id="58">2017-07-11 10:04:02</dateChanged>
    <retired>true</retired>
    <dateRetired id="59">2017-07-11 10:04:02</dateRetired>
    <retiredBy/>
    <retireReason>No longer used</retireReason>
    <drugId>3</drugId>
    <combination>true</combination>
    <concept id="60" resolves-to="org.openmrs.Concept" uuid="e1d5d438-1d5f-11e0-b929-000c29ad1d07">
      <conceptId>792</conceptId>
      <retired>false</retired>
      <datatype reference="7"/>
      <conceptClass reference="9"/>
      <set>false</set>
      <creator/>
      <dateCreated id="61">2004-04-08 00:00:00</dateCreated>
      <changedBy/>
      <dateChanged id="62">2017-04-26 08:36:43</dateChanged>
      <names class="set" id="63">
        <org.openmrs.ConceptName id="64" uuid="e26639b0-1d5f-11e0-b929-000c29ad1d07">
          <conceptNameId>6504</conceptNameId>
          <concept reference="60"/>
          <name>TRIOMUNE</name>
          <locale id="65">en</locale>
          <creator/>
          <dateCreated id="66">2005-01-21 00:00:00</dateCreated>
          <voided>false</voided>
          <tags class="set" id="67"/>
          <localePreferred>false</localePreferred>
        </org.openmrs.ConceptName>
        <org.openmrs.ConceptName id="68" uuid="dd202540-c502-4da1-82e8-2518608a3276">
          <conceptNameId>6622</conceptNameId>
          <concept reference="60"/>
          <name>D4T+3TC+NVP</name>
          <locale id="69">pt</locale>
          <creator/>
          <dateCreated id="70">2011-01-21 12:51:42</dateCreated>
          <voided>false</voided>
          <tags class="set" id="71"/>
          <localePreferred>true</localePreferred>
        </org.openmrs.ConceptName>
        <org.openmrs.ConceptName id="72" uuid="e262f46c-1d5f-11e0-b929-000c29ad1d07">
          <conceptNameId>6013</conceptNameId>
          <concept reference="60"/>
          <name>LADIDA-50</name>
          <locale id="73">en</locale>
          <creator/>
          <dateCreated id="74">2008-10-17 16:49:07</dateCreated>
          <voided>false</voided>
          <tags class="set" id="75"/>
          <localePreferred>false</localePreferred>
        </org.openmrs.ConceptName>
        <org.openmrs.ConceptName id="76" uuid="e23d24d0-1d5f-11e0-b929-000c29ad1d07">
          <conceptNameId>792</conceptNameId>
          <concept reference="60"/>
          <name>STAVUDINE + LAMIVUDINE + NEVIRAPINE</name>
          <locale id="77">en</locale>
          <creator/>
          <dateCreated id="78">2004-04-08 00:00:00</dateCreated>
          <voided>false</voided>
          <tags class="set" id="79"/>
          <conceptNameType>FULLY_SPECIFIED</conceptNameType>
          <localePreferred>true</localePreferred>
        </org.openmrs.ConceptName>
        <org.openmrs.ConceptName id="80" uuid="e2663c6c-1d5f-11e0-b929-000c29ad1d07">
          <conceptNameId>6507</conceptNameId>
          <concept reference="60"/>
          <name>TRIOMUNE-40</name>
          <locale id="81">en</locale>
          <creator/>
          <dateCreated id="82">2005-02-22 12:47:28</dateCreated>
          <voided>false</voided>
          <tags class="set" id="83"/>
          <localePreferred>false</localePreferred>
        </org.openmrs.ConceptName>
        <org.openmrs.ConceptName id="84" uuid="e25fc076-1d5f-11e0-b929-000c29ad1d07">
          <conceptNameId>5493</conceptNameId>
          <concept reference="60"/>
          <name>AZT+3TC+NVP</name>
          <locale id="85">en</locale>
          <creator/>
          <dateCreated id="86">2008-10-16 16:26:52</dateCreated>
          <voided>true</voided>
          <voidedBy/>
          <dateVoided id="87">2011-01-21 12:51:42</dateVoided>
          <voidReason>Synonym error</voidReason>
          <tags class="set" id="88"/>
          <localePreferred>false</localePreferred>
        </org.openmrs.ConceptName>
        <org.openmrs.ConceptName id="89" uuid="e25db5ba-1d5f-11e0-b929-000c29ad1d07">
          <conceptNameId>5125</conceptNameId>
          <concept reference="60"/>
          <name>D4T+3TC+NVP</name>
          <locale id="90">en</locale>
          <creator/>
          <dateCreated id="91">2004-04-08 00:00:00</dateCreated>
          <voided>false</voided>
          <tags class="set" id="92"/>
          <conceptNameType>SHORT</conceptNameType>
          <localePreferred>false</localePreferred>
        </org.openmrs.ConceptName>
        <org.openmrs.ConceptName id="93" uuid="e24c5d88-1d5f-11e0-b929-000c29ad1d07">
          <conceptNameId>2811</conceptNameId>
          <concept reference="60"/>
          <name>STAVUDINA + LAMIVUDINA + NEVIRAPINA</name>
          <locale id="94">pt</locale>
          <creator/>
          <dateCreated id="95">2008-10-15 16:11:06</dateCreated>
          <voided>false</voided>
          <tags class="set" id="96"/>
          <conceptNameType>FULLY_SPECIFIED</conceptNameType>
          <localePreferred>false</localePreferred>
        </org.openmrs.ConceptName>
        <org.openmrs.ConceptName id="97" uuid="e2606f08-1d5f-11e0-b929-000c29ad1d07">
          <conceptNameId>5661</conceptNameId>
          <concept reference="60"/>
          <name>D4T+3TC+NVP</name>
          <locale id="98">en</locale>
          <creator/>
          <dateCreated id="99">2008-10-18 09:41:23</dateCreated>
          <voided>true</voided>
          <voidedBy/>
          <dateVoided id="100">2011-01-11 00:00:00</dateVoided>
          <voidReason>Duplicate name in locale</voidReason>
          <tags class="set" id="101"/>
          <localePreferred>false</localePreferred>
        </org.openmrs.ConceptName>
        <org.openmrs.ConceptName id="102" uuid="e2663a96-1d5f-11e0-b929-000c29ad1d07">
          <conceptNameId>6505</conceptNameId>
          <concept reference="60"/>
          <name>TRIOMUNE-20</name>
          <locale id="103">en</locale>
          <creator/>
          <dateCreated id="104">2008-10-17 16:50:13</dateCreated>
          <voided>false</voided>
          <tags class="set" id="105"/>
          <localePreferred>false</localePreferred>
        </org.openmrs.ConceptName>
        <org.openmrs.ConceptName id="106" uuid="e2663b86-1d5f-11e0-b929-000c29ad1d07">
          <conceptNameId>6506</conceptNameId>
          <concept reference="60"/>
          <name>TRIOMUNE-30</name>
          <locale id="107">en</locale>
          <creator/>
          <dateCreated id="108">2005-02-22 12:47:28</dateCreated>
          <voided>false</voided>
          <tags class="set" id="109"/>
          <localePreferred>false</localePreferred>
        </org.openmrs.ConceptName>
        <org.openmrs.ConceptName id="110" uuid="e2611f34-1d5f-11e0-b929-000c29ad1d07">
          <conceptNameId>5758</conceptNameId>
          <concept reference="60"/>
          <name>EMTRI</name>
          <locale id="111">en</locale>
          <creator/>
          <dateCreated id="112">2005-02-18 13:52:27</dateCreated>
          <voided>false</voided>
          <tags class="set" id="113"/>
          <localePreferred>false</localePreferred>
        </org.openmrs.ConceptName>
        <org.openmrs.ConceptName id="114" uuid="e25fc3c8-1d5f-11e0-b929-000c29ad1d07">
          <conceptNameId>5496</conceptNameId>
          <concept reference="60"/>
          <name>AZT-3TC-NVP</name>
          <locale id="115">en</locale>
          <creator/>
          <dateCreated id="116">2008-10-15 16:15:40</dateCreated>
          <voided>true</voided>
          <voidedBy/>
          <dateVoided id="117">2011-01-21 12:51:42</dateVoided>
          <voidReason>Synonym error</voidReason>
          <tags class="set" id="118"/>
          <localePreferred>false</localePreferred>
        </org.openmrs.ConceptName>
      </names>
      <answers class="set" id="119"/>
      <conceptSets class="set" id="120"/>
      <descriptions class="set" id="121">
        <org.openmrs.ConceptDescription id="122" uuid="e22c1780-1d5f-11e0-b929-000c29ad1d07">
          <conceptDescriptionId>2480</conceptDescriptionId>
          <concept reference="60"/>
          <description>Combinação de drogas anti-retrovirais.&#xd;
[NOTA: sinônimos quebrado por AZT + não é possível remover]</description>
          <locale id="123">pt</locale>
          <creator/>
          <dateCreated id="124">2008-10-15 16:11:06</dateCreated>
          <changedBy/>
          <dateChanged id="125">2017-04-26 08:36:43</dateChanged>
        </org.openmrs.ConceptDescription>
        <org.openmrs.ConceptDescription id="126" uuid="e21e4b14-1d5f-11e0-b929-000c29ad1d07">
          <conceptDescriptionId>790</conceptDescriptionId>
          <concept reference="60"/>
          <description>Combination antiretroviral drug.&#xd;
[NOTE: broken synonyms for AZT+ cannot remove]</description>
          <locale id="127">en</locale>
          <creator/>
          <dateCreated id="128">2004-04-08 00:00:00</dateCreated>
          <changedBy/>
          <dateChanged id="129">2017-04-26 08:36:43</dateChanged>
        </org.openmrs.ConceptDescription>
      </descriptions>
      <conceptMappings class="set" id="130">
        <org.openmrs.ConceptMap id="131" uuid="27d75238-d1f7-408d-a09d-27bd1832c490">
          <conceptMapType reference="43"/>
          <creator/>
          <changedBy/>
          <dateCreated id="132">2016-09-22 12:43:15</dateCreated>
          <dateChanged id="133">2017-04-26 08:36:43</dateChanged>
          <conceptMapId>34543</conceptMapId>
          <concept reference="60"/>
          <conceptReferenceTerm id="134" resolves-to="org.openmrs.ConceptReferenceTerm" uuid="03ed57ef-3d57-4d6d-9936-cbbdfa91e1c1">
            <creator/>
            <dateCreated id="135">2016-09-22 12:43:15</dateCreated>
            <changedBy/>
            <dateChanged id="136">2017-04-26 08:36:43</dateChanged>
            <retired>false</retired>
            <conceptReferenceTermId>35114</conceptReferenceTermId>
            <conceptSource reference="51"/>
            <code>792</code>
            <conceptReferenceTermMaps id="137"/>
          </conceptReferenceTerm>
        </org.openmrs.ConceptMap>
      </conceptMappings>
    </concept>
    <drugReferenceMaps id="138"/>
    <ingredients class="set" id="139"/>
  </org.openmrs.Drug>
  <org.openmrs.Drug id="140" uuid="e27797a0-1d5f-11e0-b929-000c29ad1d07">
    <name>DDI 200</name>
    <creator/>
    <dateCreated id="141">2005-02-24 00:00:00</dateCreated>
    <changedBy/>
    <dateChanged id="142">2017-07-11 10:04:41</dateChanged>
    <retired>true</retired>
    <dateRetired id="143">2017-07-11 10:04:41</dateRetired>
    <retiredBy/>
    <retireReason>No longer used</retireReason>
    <drugId>10</drugId>
    <combination>false</combination>
    <concept id="144" resolves-to="org.openmrs.Concept" uuid="e1d5d87a-1d5f-11e0-b929-000c29ad1d07">
      <conceptId>796</conceptId>
      <retired>false</retired>
      <datatype reference="7"/>
      <conceptClass reference="9"/>
      <set>false</set>
      <creator/>
      <dateCreated id="145">2004-04-08 02:00:00</dateCreated>
      <changedBy/>
      <dateChanged id="146">2017-04-26 08:36:43</dateChanged>
      <names class="set" id="147">
        <org.openmrs.ConceptName id="148" uuid="e23d2868-1d5f-11e0-b929-000c29ad1d07">
          <conceptNameId>796</conceptNameId>
          <concept reference="144"/>
          <name>DIDANOSINE</name>
          <locale id="149">en</locale>
          <creator/>
          <dateCreated id="150">2004-04-08 02:00:00</dateCreated>
          <voided>false</voided>
          <tags class="set" id="151"/>
          <conceptNameType>FULLY_SPECIFIED</conceptNameType>
          <localePreferred>true</localePreferred>
        </org.openmrs.ConceptName>
        <org.openmrs.ConceptName id="152" uuid="e2607ae8-1d5f-11e0-b929-000c29ad1d07">
          <conceptNameId>5674</conceptNameId>
          <concept reference="144"/>
          <name>DDI-125</name>
          <locale id="153">en</locale>
          <creator/>
          <dateCreated id="154">2005-02-22 14:50:02</dateCreated>
          <voided>false</voided>
          <tags class="set" id="155"/>
          <localePreferred>false</localePreferred>
        </org.openmrs.ConceptName>
        <org.openmrs.ConceptName id="156" uuid="e26079f8-1d5f-11e0-b929-000c29ad1d07">
          <conceptNameId>5673</conceptNameId>
          <concept reference="144"/>
          <name>DDI</name>
          <locale id="157">en</locale>
          <creator/>
          <dateCreated id="158">2004-04-08 02:00:00</dateCreated>
          <voided>true</voided>
          <voidedBy/>
          <dateVoided id="159">2011-01-11 02:00:00</dateVoided>
          <voidReason>Duplicate name in locale</voidReason>
          <tags class="set" id="160"/>
          <localePreferred>false</localePreferred>
        </org.openmrs.ConceptName>
        <org.openmrs.ConceptName id="161" uuid="e2607bce-1d5f-11e0-b929-000c29ad1d07">
          <conceptNameId>5675</conceptNameId>
          <concept reference="144"/>
          <name>DDI-200</name>
          <locale id="162">en</locale>
          <creator/>
          <dateCreated id="163">2005-02-22 14:50:02</dateCreated>
          <voided>false</voided>
          <tags class="set" id="164"/>
          <localePreferred>false</localePreferred>
        </org.openmrs.ConceptName>
        <org.openmrs.ConceptName id="165" uuid="e25db876-1d5f-11e0-b929-000c29ad1d07">
          <conceptNameId>5128</conceptNameId>
          <concept reference="144"/>
          <name>DDI</name>
          <locale id="166">en</locale>
          <creator/>
          <dateCreated id="167">2004-04-08 00:00:00</dateCreated>
          <voided>false</voided>
          <tags class="set" id="168"/>
          <conceptNameType>SHORT</conceptNameType>
          <localePreferred>false</localePreferred>
        </org.openmrs.ConceptName>
        <org.openmrs.ConceptName id="169" uuid="e24d47fc-1d5f-11e0-b929-000c29ad1d07">
          <conceptNameId>2976</conceptNameId>
          <concept reference="144"/>
          <name>DIDANOSINA</name>
          <locale id="170">pt</locale>
          <creator/>
          <dateCreated id="171">2008-10-18 11:20:27</dateCreated>
          <voided>false</voided>
          <tags class="set" id="172"/>
          <conceptNameType>FULLY_SPECIFIED</conceptNameType>
          <localePreferred>true</localePreferred>
        </org.openmrs.ConceptName>
        <org.openmrs.ConceptName id="173" uuid="e2667704-1d5f-11e0-b929-000c29ad1d07">
          <conceptNameId>6550</conceptNameId>
          <concept reference="144"/>
          <name>VIDEX</name>
          <locale id="174">en</locale>
          <creator/>
          <dateCreated id="175">2004-04-08 02:00:00</dateCreated>
          <voided>false</voided>
          <tags class="set" id="176"/>
          <localePreferred>false</localePreferred>
        </org.openmrs.ConceptName>
      </names>
      <answers class="set" id="177"/>
      <conceptSets class="set" id="178"/>
      <descriptions class="set" id="179">
        <org.openmrs.ConceptDescription id="180" uuid="e21e52f8-1d5f-11e0-b929-000c29ad1d07">
          <conceptDescriptionId>794</conceptDescriptionId>
          <concept reference="144"/>
          <description>A nucleoside analogue antiviral drug that inhibits replication of retroviruses such as HIV by interfering with the enzyme reverse transcriptase.</description>
          <locale id="181">en</locale>
          <creator/>
          <dateCreated id="182">2004-04-08 02:00:00</dateCreated>
          <changedBy/>
          <dateChanged id="183">2017-04-26 08:36:43</dateChanged>
        </org.openmrs.ConceptDescription>
        <org.openmrs.ConceptDescription id="184" uuid="e22c7d06-1d5f-11e0-b929-000c29ad1d07">
          <conceptDescriptionId>2529</conceptDescriptionId>
          <concept reference="144"/>
          <description>Um análogo nucleosídeo da droga antiviral que inibe a replicação do retrovírus como o HIV, interferindo com a enzima transcriptase reversa.</description>
          <locale id="185">pt</locale>
          <creator/>
          <dateCreated id="186">2008-10-18 11:20:27</dateCreated>
          <changedBy/>
          <dateChanged id="187">2017-04-26 08:36:43</dateChanged>
        </org.openmrs.ConceptDescription>
      </descriptions>
      <conceptMappings class="set" id="188">
        <org.openmrs.ConceptMap id="189" uuid="c5b0a814-793f-4933-bf73-9dbcd38e817d">
          <conceptMapType reference="43"/>
          <creator/>
          <changedBy/>
          <dateCreated id="190">2016-09-22 12:43:15</dateCreated>
          <dateChanged id="191">2017-04-26 08:36:43</dateChanged>
          <conceptMapId>34539</conceptMapId>
          <concept reference="144"/>
          <conceptReferenceTerm id="192" resolves-to="org.openmrs.ConceptReferenceTerm" uuid="8bb1252d-3ebf-449a-9ef2-9b91daf6c18a">
            <creator/>
            <dateCreated id="193">2016-09-22 12:43:15</dateCreated>
            <changedBy/>
            <dateChanged id="194">2017-04-26 08:36:43</dateChanged>
            <retired>false</retired>
            <conceptReferenceTermId>35110</conceptReferenceTermId>
            <conceptSource reference="51"/>
            <code>796</code>
            <conceptReferenceTermMaps id="195"/>
          </conceptReferenceTerm>
        </org.openmrs.ConceptMap>
      </conceptMappings>
    </concept>
    <drugReferenceMaps id="196"/>
    <ingredients class="set" id="197"/>
  </org.openmrs.Drug>
  <org.openmrs.Drug id="198" uuid="e27793f4-1d5f-11e0-b929-000c29ad1d07">
    <name>d4T-30</name>
    <creator/>
    <dateCreated id="199">2005-02-24 00:00:00</dateCreated>
    <changedBy/>
    <dateChanged id="200">2017-07-11 10:04:12</dateChanged>
    <retired>true</retired>
    <dateRetired id="201">2017-07-11 10:04:12</dateRetired>
    <retiredBy/>
    <retireReason>No longer used</retireReason>
    <drugId>5</drugId>
    <combination>false</combination>
    <concept reference="6"/>
    <drugReferenceMaps id="202"/>
    <ingredients class="set" id="203"/>
  </org.openmrs.Drug>
  <org.openmrs.Drug id="204" uuid="e277966a-1d5f-11e0-b929-000c29ad1d07">
    <name>DDI 125</name>
    <creator/>
    <dateCreated id="205">2005-02-24 00:00:00</dateCreated>
    <changedBy/>
    <dateChanged id="206">2017-07-11 10:04:31</dateChanged>
    <retired>true</retired>
    <dateRetired id="207">2017-07-11 10:04:31</dateRetired>
    <retiredBy/>
    <retireReason>No longer used</retireReason>
    <drugId>9</drugId>
    <combination>false</combination>
    <concept reference="144"/>
    <drugReferenceMaps id="208"/>
    <ingredients class="set" id="209"/>
  </org.openmrs.Drug>
</list>
