<?xml version="1.0" encoding="UTF-8"?>
<list id="1">
  <org.openmrs.RelationshipType id="2" uuid="2a5f4ff4-a179-4b8a-aa4c-40f71956ebbc">
    <description>Provider supervisor to provider supervisee relationship</description>
    <creator/>
    <dateCreated id="3">2016-01-13 10:39:56</dateCreated>
    <retired>false</retired>
    <relationshipTypeId>5</relationshipTypeId>
    <aIsToB>Supervisor</aIsToB>
    <bIsToA>Supervisee</bIsToA>
    <weight>0</weight>
    <preferred>false</preferred>
  </org.openmrs.RelationshipType>
  <org.openmrs.RelationshipType id="4" uuid="8d919b58-c2cc-11de-8d13-0010c6dffd0f">
    <description>Relationship from a primary care provider to the patient</description>
    <creator/>
    <dateCreated id="5">2007-05-04 09:59:22</dateCreated>
    <retired>false</retired>
    <relationshipTypeId>1</relationshipTypeId>
    <aIsToB>Doctor</aIsToB>
    <bIsToA>Patient</bIsToA>
    <weight>0</weight>
    <preferred>false</preferred>
  </org.openmrs.RelationshipType>
  <org.openmrs.RelationshipType id="6" uuid="8d91a01c-c2cc-11de-8d13-0010c6dffd0f">
    <description>Relationship between brother/sister, brother/brother, and sister/sister</description>
    <creator/>
    <dateCreated id="7">2007-05-04 09:59:22</dateCreated>
    <retired>false</retired>
    <relationshipTypeId>2</relationshipTypeId>
    <aIsToB>Sibling</aIsToB>
    <bIsToA>Sibling</bIsToA>
    <weight>0</weight>
    <preferred>false</preferred>
  </org.openmrs.RelationshipType>
  <org.openmrs.RelationshipType id="8" uuid="8d91a210-c2cc-11de-8d13-0010c6dffd0f">
    <description>Relationship from a mother/father to the child</description>
    <creator/>
    <dateCreated id="9">2007-05-04 09:59:22</dateCreated>
    <retired>false</retired>
    <relationshipTypeId>3</relationshipTypeId>
    <aIsToB>Parent</aIsToB>
    <bIsToA>Child</bIsToA>
    <weight>0</weight>
    <preferred>false</preferred>
  </org.openmrs.RelationshipType>
  <org.openmrs.RelationshipType id="10" uuid="8d91a3dc-c2cc-11de-8d13-0010c6dffd0f">
    <description>Auto generated by OpenMRS</description>
    <creator/>
    <dateCreated id="11">2007-05-04 09:59:22</dateCreated>
    <retired>false</retired>
    <relationshipTypeId>4</relationshipTypeId>
    <aIsToB>Aunt/Uncle</aIsToB>
    <bIsToA>Niece/Nephew</bIsToA>
    <weight>0</weight>
    <preferred>false</preferred>
  </org.openmrs.RelationshipType>
</list>
