<?xml version="1.0" encoding="UTF-8"?>
<package id="1" uuid="3fb865d5-e03d-421b-a5f9-836c704b1e09">
  <dateCreated id="2">2016-10-27 12:54:48</dateCreated>
  <name>CriptoAndHistory-fields</name>
  <description>Fields for Criptococic and Patient Story</description>
  <openmrsVersion>1.11.5  Build a0c979</openmrsVersion>
  <version>1</version>
  <groupUuid>61ba13e3-9c06-46e8-95a6-730e16871338</groupUuid>
  <modules id="3">
    <entry>
      <string>uilibrary</string>
      <string>1.5</string>
    </entry>
    <entry>
      <string>webservices.rest</string>
      <string>2.12.474b25</string>
    </entry>
    <entry>
      <string>htmlformentry</string>
      <string>2.2.1</string>
    </entry>
    <entry>
      <string>patientsummary</string>
      <string>2.0</string>
    </entry>
    <entry>
      <string>calculation</string>
      <string>1.1</string>
    </entry>
    <entry>
      <string>providermanagement</string>
      <string>2.3</string>
    </entry>
    <entry>
      <string>event</string>
      <string>2.2.1</string>
    </entry>
    <entry>
      <string>formfilter</string>
      <string>1.0.0</string>
    </entry>
    <entry>
      <string>bahmniapps</string>
      <string>0.74-SNAPSHOT</string>
    </entry>
    <entry>
      <string>htmlformentry19ext</string>
      <string>1.2</string>
    </entry>
    <entry>
      <string>esaudemetadata</string>
      <string>1.3.1</string>
    </entry>
    <entry>
      <string>reference-data</string>
      <string>0.74-SNAPSHOT</string>
    </entry>
    <entry>
      <string>addresshierarchy</string>
      <string>2.4</string>
    </entry>
    <entry>
      <string>dataentrystatistics</string>
      <string>1.3.2</string>
    </entry>
    <entry>
      <string>serialization.xstream</string>
      <string>0.2.9</string>
    </entry>
    <entry>
      <string>htmlwidgets</string>
      <string>1.6.5</string>
    </entry>
    <entry>
      <string>reportingcompatibility</string>
      <string>1.5.8</string>
    </entry>
    <entry>
      <string>groovy</string>
      <string>2.2.4</string>
    </entry>
    <entry>
      <string>uiframework</string>
      <string>3.4</string>
    </entry>
    <entry>
      <string>bahmnicore</string>
      <string>0.77-SNAPSHOT</string>
    </entry>
    <entry>
      <string>metadatamapping</string>
      <string>1.0.1</string>
    </entry>
    <entry>
      <string>patientflags</string>
      <string>1.3.4</string>
    </entry>
    <entry>
      <string>reportingrest</string>
      <string>1.6</string>
    </entry>
    <entry>
      <string>appframework</string>
      <string>2.1</string>
    </entry>
    <entry>
      <string>logic</string>
      <string>0.5.2</string>
    </entry>
    <entry>
      <string>idgen-webservices</string>
      <string>1.0</string>
    </entry>
    <entry>
      <string>emrapi</string>
      <string>1.11.1</string>
    </entry>
    <entry>
      <string>openmrs-atomfeed</string>
      <string>2.4-SNAPSHOT</string>
    </entry>
    <entry>
      <string>idgen</string>
      <string>2.9.1</string>
    </entry>
    <entry>
      <string>databasebackup</string>
      <string>1.0</string>
    </entry>
    <entry>
      <string>metadatasharing</string>
      <string>1.2</string>
    </entry>
    <entry>
      <string>reporting</string>
      <string>0.9.9</string>
    </entry>
    <entry>
      <string>gaac</string>
      <string>1.0-SNAPSHOT</string>
    </entry>
    <entry>
      <string>patientflag_rest</string>
      <string>1.0.0</string>
    </entry>
  </modules>
  <items class="linked-hash-set" id="4">
    <org.openmrs.module.metadatasharing.Item id="5" uuid="abad88c5-2558-4ad1-af9d-f03863bbe1f1">
      <id>785</id>
      <classname>org.openmrs.Field</classname>
      <dateChanged id="6">2016-10-10 04:07:40</dateChanged>
      <retired>false</retired>
    </org.openmrs.module.metadatasharing.Item>
    <org.openmrs.module.metadatasharing.Item id="7" uuid="9db7caea-c823-4e22-81e2-9d6e5ccedbd9">
      <id>784</id>
      <classname>org.openmrs.Field</classname>
      <dateChanged id="8">2016-10-10 04:03:09</dateChanged>
      <retired>false</retired>
    </org.openmrs.module.metadatasharing.Item>
  </items>
  <relatedItems class="linked-hash-set" id="9">
    <org.openmrs.module.metadatasharing.Item id="10" uuid="8d5e7d7c-c2cc-11de-8d13-0010c6dffd0f">
      <id>1</id>
      <classname>org.openmrs.FieldType</classname>
      <dateChanged id="11">2005-02-22 09:43:00</dateChanged>
      <retired>false</retired>
    </org.openmrs.module.metadatasharing.Item>
    <org.openmrs.module.metadatasharing.Item id="12" uuid="7f8f297b-6b71-45c2-8044-c3d89f0f8bf8">
      <id>6485</id>
      <classname>org.openmrs.Concept</classname>
      <dateChanged id="13">2016-10-21 10:39:50</dateChanged>
      <retired>false</retired>
    </org.openmrs.module.metadatasharing.Item>
    <org.openmrs.module.metadatasharing.Item id="14" uuid="8d4a48b6-c2cc-11de-8d13-0010c6dffd0f">
      <id>2</id>
      <classname>org.openmrs.ConceptDatatype</classname>
      <dateChanged id="15">2004-02-01 21:00:00</dateChanged>
      <retired>false</retired>
    </org.openmrs.module.metadatasharing.Item>
    <org.openmrs.module.metadatasharing.Item id="16" uuid="8d491e50-c2cc-11de-8d13-0010c6dffd0f">
      <id>7</id>
      <classname>org.openmrs.ConceptClass</classname>
      <dateChanged id="17">2004-03-01 21:00:00</dateChanged>
      <retired>false</retired>
    </org.openmrs.module.metadatasharing.Item>
    <org.openmrs.module.metadatasharing.Item id="18" uuid="e336165f-8ae7-4f26-b4f4-30e944826fd3">
      <id>7676</id>
      <classname>org.openmrs.ConceptName</classname>
      <dateChanged id="19">2016-10-10 04:06:18</dateChanged>
    </org.openmrs.module.metadatasharing.Item>
    <org.openmrs.module.metadatasharing.Item id="20" uuid="6d2ed9cd-dee4-4ff3-9021-aeda06107af7">
      <id>7677</id>
      <classname>org.openmrs.ConceptName</classname>
      <dateChanged id="21">2016-10-10 04:06:18</dateChanged>
    </org.openmrs.module.metadatasharing.Item>
    <org.openmrs.module.metadatasharing.Item id="22" uuid="cb2de555-ca36-4f83-915b-d9324e10dce0">
      <id>2935</id>
      <classname>org.openmrs.ConceptAnswer</classname>
      <dateChanged id="23">2016-10-10 04:06:18</dateChanged>
    </org.openmrs.module.metadatasharing.Item>
    <org.openmrs.module.metadatasharing.Item id="24" uuid="e1d81b62-1d5f-11e0-b929-000c29ad1d07">
      <id>1065</id>
      <classname>org.openmrs.Concept</classname>
      <dateChanged id="25">2016-10-03 09:28:54</dateChanged>
      <retired>false</retired>
    </org.openmrs.module.metadatasharing.Item>
    <org.openmrs.module.metadatasharing.Item id="26" uuid="8d4a4c94-c2cc-11de-8d13-0010c6dffd0f">
      <id>4</id>
      <classname>org.openmrs.ConceptDatatype</classname>
      <dateChanged id="27">2004-02-01 21:00:00</dateChanged>
      <retired>false</retired>
    </org.openmrs.module.metadatasharing.Item>
    <org.openmrs.module.metadatasharing.Item id="28" uuid="8d492774-c2cc-11de-8d13-0010c6dffd0f">
      <id>11</id>
      <classname>org.openmrs.ConceptClass</classname>
      <dateChanged id="29">2004-03-01 21:00:00</dateChanged>
      <retired>false</retired>
    </org.openmrs.module.metadatasharing.Item>
    <org.openmrs.module.metadatasharing.Item id="30" uuid="e23f5778-1d5f-11e0-b929-000c29ad1d07">
      <id>1065</id>
      <classname>org.openmrs.ConceptName</classname>
      <dateChanged id="31">2005-01-05 21:00:00</dateChanged>
    </org.openmrs.module.metadatasharing.Item>
    <org.openmrs.module.metadatasharing.Item id="32" uuid="e24cb738-1d5f-11e0-b929-000c29ad1d07">
      <id>2842</id>
      <classname>org.openmrs.ConceptName</classname>
      <dateChanged id="33">2008-10-16 06:29:30</dateChanged>
    </org.openmrs.module.metadatasharing.Item>
    <org.openmrs.module.metadatasharing.Item id="34" uuid="e2210962-1d5f-11e0-b929-000c29ad1d07">
      <id>1059</id>
      <classname>org.openmrs.ConceptDescription</classname>
      <dateChanged id="35">2016-10-03 09:28:54</dateChanged>
    </org.openmrs.module.metadatasharing.Item>
    <org.openmrs.module.metadatasharing.Item id="36" uuid="e22c1b40-1d5f-11e0-b929-000c29ad1d07">
      <id>2484</id>
      <classname>org.openmrs.ConceptDescription</classname>
      <dateChanged id="37">2016-10-03 09:28:54</dateChanged>
    </org.openmrs.module.metadatasharing.Item>
    <org.openmrs.module.metadatasharing.Item id="38" uuid="b8e11af6-435f-4af2-a47b-c2dc6e92eba1">
      <id>1021</id>
      <classname>org.openmrs.ConceptMap</classname>
      <dateChanged id="39">2016-10-03 09:28:54</dateChanged>
    </org.openmrs.module.metadatasharing.Item>
    <org.openmrs.module.metadatasharing.Item id="40" uuid="35543629-7d8c-11e1-909d-c80aa9edcf4e">
      <id>1</id>
      <classname>org.openmrs.ConceptMapType</classname>
      <dateChanged id="41">2016-10-03 09:28:54</dateChanged>
      <retired>false</retired>
    </org.openmrs.module.metadatasharing.Item>
    <org.openmrs.module.metadatasharing.Item id="42" uuid="c0183ecf-ce86-487e-9cc6-f9f8f6420049">
      <id>1637</id>
      <classname>org.openmrs.ConceptReferenceTerm</classname>
      <dateChanged id="43">2016-10-03 09:28:54</dateChanged>
      <retired>false</retired>
    </org.openmrs.module.metadatasharing.Item>
    <org.openmrs.module.metadatasharing.Item id="44" uuid="919246ff-6bfc-42fc-8213-69d2d1ce0db7">
      <id>1</id>
      <classname>org.openmrs.ConceptSource</classname>
      <dateChanged id="45">2013-01-08 07:29:09</dateChanged>
      <retired>false</retired>
    </org.openmrs.module.metadatasharing.Item>
    <org.openmrs.module.metadatasharing.Item id="46" uuid="a283df9e-73d3-4429-aeb6-dd223a6bf0b1">
      <id>2936</id>
      <classname>org.openmrs.ConceptAnswer</classname>
      <dateChanged id="47">2016-10-10 04:06:18</dateChanged>
    </org.openmrs.module.metadatasharing.Item>
    <org.openmrs.module.metadatasharing.Item id="48" uuid="e1d81c70-1d5f-11e0-b929-000c29ad1d07">
      <id>1066</id>
      <classname>org.openmrs.Concept</classname>
      <dateChanged id="49">2016-10-03 09:28:54</dateChanged>
      <retired>false</retired>
    </org.openmrs.module.metadatasharing.Item>
    <org.openmrs.module.metadatasharing.Item id="50" uuid="e24cb828-1d5f-11e0-b929-000c29ad1d07">
      <id>2843</id>
      <classname>org.openmrs.ConceptName</classname>
      <dateChanged id="51">2008-10-16 06:31:04</dateChanged>
    </org.openmrs.module.metadatasharing.Item>
    <org.openmrs.module.metadatasharing.Item id="52" uuid="e23f585e-1d5f-11e0-b929-000c29ad1d07">
      <id>1066</id>
      <classname>org.openmrs.ConceptName</classname>
      <dateChanged id="53">2005-01-05 21:00:00</dateChanged>
    </org.openmrs.module.metadatasharing.Item>
    <org.openmrs.module.metadatasharing.Item id="54" uuid="e2210a48-1d5f-11e0-b929-000c29ad1d07">
      <id>1060</id>
      <classname>org.openmrs.ConceptDescription</classname>
      <dateChanged id="55">2016-10-03 09:28:54</dateChanged>
    </org.openmrs.module.metadatasharing.Item>
    <org.openmrs.module.metadatasharing.Item id="56" uuid="e22c1c26-1d5f-11e0-b929-000c29ad1d07">
      <id>2485</id>
      <classname>org.openmrs.ConceptDescription</classname>
      <dateChanged id="57">2016-10-03 09:28:54</dateChanged>
    </org.openmrs.module.metadatasharing.Item>
    <org.openmrs.module.metadatasharing.Item id="58" uuid="962d447f-a4a8-45ad-b01e-4925f7ed73b4">
      <id>1022</id>
      <classname>org.openmrs.ConceptMap</classname>
      <dateChanged id="59">2016-10-03 09:28:54</dateChanged>
    </org.openmrs.module.metadatasharing.Item>
    <org.openmrs.module.metadatasharing.Item id="60" uuid="6420e3c1-9a5d-423e-8118-c2dceb6c7f3e">
      <id>1638</id>
      <classname>org.openmrs.ConceptReferenceTerm</classname>
      <dateChanged id="61">2016-10-03 09:28:54</dateChanged>
      <retired>false</retired>
    </org.openmrs.module.metadatasharing.Item>
    <org.openmrs.module.metadatasharing.Item id="62" uuid="cec5b8f5-0a75-4dc7-93cc-2d4f6650f9ff">
      <id>1059</id>
      <classname>org.openmrs.ConceptMap</classname>
      <dateChanged id="63">2016-10-21 08:13:54</dateChanged>
    </org.openmrs.module.metadatasharing.Item>
    <org.openmrs.module.metadatasharing.Item id="64" uuid="55fb872b-52af-43d7-a342-366d901f700b">
      <id>1663</id>
      <classname>org.openmrs.ConceptReferenceTerm</classname>
      <dateChanged id="65">2016-10-21 08:13:54</dateChanged>
      <retired>false</retired>
    </org.openmrs.module.metadatasharing.Item>
    <org.openmrs.module.metadatasharing.Item id="66" uuid="304b0333-808b-4a02-b41a-da7fa82cec26">
      <id>6484</id>
      <classname>org.openmrs.Concept</classname>
      <dateChanged id="67">2016-10-21 08:13:54</dateChanged>
      <retired>false</retired>
    </org.openmrs.module.metadatasharing.Item>
    <org.openmrs.module.metadatasharing.Item id="68" uuid="8d4a4ab4-c2cc-11de-8d13-0010c6dffd0f">
      <id>3</id>
      <classname>org.openmrs.ConceptDatatype</classname>
      <dateChanged id="69">2004-02-01 21:00:00</dateChanged>
      <retired>false</retired>
    </org.openmrs.module.metadatasharing.Item>
    <org.openmrs.module.metadatasharing.Item id="70" uuid="ddf36a0f-ee78-48f7-9df7-52bb54b720e6">
      <id>7674</id>
      <classname>org.openmrs.ConceptName</classname>
      <dateChanged id="71">2016-10-10 04:01:42</dateChanged>
    </org.openmrs.module.metadatasharing.Item>
    <org.openmrs.module.metadatasharing.Item id="72" uuid="31bd787d-7e0e-49cd-a59f-756ac2c94c9b">
      <id>7675</id>
      <classname>org.openmrs.ConceptName</classname>
      <dateChanged id="73">2016-10-10 04:01:42</dateChanged>
    </org.openmrs.module.metadatasharing.Item>
    <org.openmrs.module.metadatasharing.Item id="74" uuid="a2d5b7ab-844b-4afa-858f-d856ee9b7fe1">
      <id>3688</id>
      <classname>org.openmrs.ConceptDescription</classname>
      <dateChanged id="75">2016-10-10 04:01:42</dateChanged>
    </org.openmrs.module.metadatasharing.Item>
    <org.openmrs.module.metadatasharing.Item id="76" uuid="f0924cec-5d23-4d0d-ae8a-cabee04c683e">
      <id>1060</id>
      <classname>org.openmrs.ConceptMap</classname>
      <dateChanged id="77">2016-10-21 08:13:54</dateChanged>
    </org.openmrs.module.metadatasharing.Item>
    <org.openmrs.module.metadatasharing.Item id="78" uuid="a6f48b0d-bc0c-45b3-9816-3ec89f7c45a1">
      <id>1664</id>
      <classname>org.openmrs.ConceptReferenceTerm</classname>
      <dateChanged id="79">2016-10-21 08:13:54</dateChanged>
      <retired>false</retired>
    </org.openmrs.module.metadatasharing.Item>
  </relatedItems>
</package>
