<?xml version="1.0" encoding="UTF-8"?>
<list id="1">
  <org.openmrs.Field id="2" uuid="abad88c5-2558-4ad1-af9d-f03863bbe1f1">
    <name>SCREENING FOR CRIPTO</name>
    <description></description>
    <creator/>
    <dateCreated id="3">2016-10-10 04:07:40</dateCreated>
    <retired>false</retired>
    <fieldId>785</fieldId>
    <fieldType id="4" resolves-to="org.openmrs.FieldType" uuid="8d5e7d7c-c2cc-11de-8d13-0010c6dffd0f">
      <name>Concept</name>
      <creator/>
      <dateCreated id="5">2005-02-22 09:43:00</dateCreated>
      <retired>false</retired>
      <fieldTypeId>1</fieldTypeId>
      <isSet>false</isSet>
    </fieldType>
    <concept id="6" resolves-to="org.openmrs.Concept" uuid="7f8f297b-6b71-45c2-8044-c3d89f0f8bf8">
      <conceptId>6485</conceptId>
      <retired>false</retired>
      <datatype id="7" resolves-to="org.openmrs.ConceptDatatype" uuid="8d4a48b6-c2cc-11de-8d13-0010c6dffd0f">
        <name>Coded</name>
        <description>Value determined by term dictionary lookup (i.e., term identifier)</description>
        <creator/>
        <dateCreated id="8">2004-02-01 21:00:00</dateCreated>
        <retired>false</retired>
        <conceptDatatypeId>2</conceptDatatypeId>
        <hl7Abbreviation>CWE</hl7Abbreviation>
      </datatype>
      <conceptClass id="9" resolves-to="org.openmrs.ConceptClass" uuid="8d491e50-c2cc-11de-8d13-0010c6dffd0f">
        <name>Question</name>
        <description>Question (eg, patient history, SF36 items)</description>
        <creator/>
        <dateCreated id="10">2004-03-01 21:00:00</dateCreated>
        <retired>false</retired>
        <conceptClassId>7</conceptClassId>
      </conceptClass>
      <set>false</set>
      <creator/>
      <dateCreated id="11">2016-10-10 04:06:18</dateCreated>
      <changedBy/>
      <dateChanged id="12">2016-10-21 10:39:50</dateChanged>
      <names class="set" id="13">
        <org.openmrs.ConceptName id="14" uuid="e336165f-8ae7-4f26-b4f4-30e944826fd3">
          <conceptNameId>7676</conceptNameId>
          <concept reference="6"/>
          <name>Criptococica</name>
          <locale id="15">en</locale>
          <creator/>
          <dateCreated id="16">2016-10-10 04:06:18</dateCreated>
          <voided>false</voided>
          <tags class="set" id="17"/>
          <conceptNameType>SHORT</conceptNameType>
          <localePreferred>false</localePreferred>
        </org.openmrs.ConceptName>
        <org.openmrs.ConceptName id="18" uuid="6d2ed9cd-dee4-4ff3-9021-aeda06107af7">
          <conceptNameId>7677</conceptNameId>
          <concept reference="6"/>
          <name>SCREENING FOR CRIPTO</name>
          <locale id="19">en</locale>
          <creator/>
          <dateCreated id="20">2016-10-10 04:06:18</dateCreated>
          <voided>false</voided>
          <tags class="set" id="21"/>
          <conceptNameType>FULLY_SPECIFIED</conceptNameType>
          <localePreferred>true</localePreferred>
        </org.openmrs.ConceptName>
      </names>
      <answers class="set" id="22">
        <org.openmrs.ConceptAnswer id="23" uuid="cb2de555-ca36-4f83-915b-d9324e10dce0">
          <conceptAnswerId>2935</conceptAnswerId>
          <concept reference="6"/>
          <answerConcept id="24" resolves-to="org.openmrs.Concept" uuid="e1d81b62-1d5f-11e0-b929-000c29ad1d07">
            <conceptId>1065</conceptId>
            <retired>false</retired>
            <datatype id="25" resolves-to="org.openmrs.ConceptDatatype" uuid="8d4a4c94-c2cc-11de-8d13-0010c6dffd0f">
              <name>N/A</name>
              <description>Not associated with a datatype (e.g., term answers, sets)</description>
              <creator/>
              <dateCreated id="26">2004-02-01 21:00:00</dateCreated>
              <retired>false</retired>
              <conceptDatatypeId>4</conceptDatatypeId>
              <hl7Abbreviation>ZZ</hl7Abbreviation>
            </datatype>
            <conceptClass id="27" resolves-to="org.openmrs.ConceptClass" uuid="8d492774-c2cc-11de-8d13-0010c6dffd0f">
              <name>Misc</name>
              <description>Terms which don&apos;t fit other categories</description>
              <creator/>
              <dateCreated id="28">2004-03-01 21:00:00</dateCreated>
              <retired>false</retired>
              <conceptClassId>11</conceptClassId>
            </conceptClass>
            <set>false</set>
            <creator/>
            <dateCreated id="29">2005-01-05 21:00:00</dateCreated>
            <changedBy/>
            <dateChanged id="30">2016-10-03 09:28:54</dateChanged>
            <names class="set" id="31">
              <org.openmrs.ConceptName id="32" uuid="e23f5778-1d5f-11e0-b929-000c29ad1d07">
                <conceptNameId>1065</conceptNameId>
                <concept reference="24"/>
                <name>YES</name>
                <locale id="33">en</locale>
                <creator/>
                <dateCreated id="34">2005-01-05 21:00:00</dateCreated>
                <voided>false</voided>
                <tags class="set" id="35"/>
                <conceptNameType>FULLY_SPECIFIED</conceptNameType>
                <localePreferred>true</localePreferred>
              </org.openmrs.ConceptName>
              <org.openmrs.ConceptName id="36" uuid="e24cb738-1d5f-11e0-b929-000c29ad1d07">
                <conceptNameId>2842</conceptNameId>
                <concept reference="24"/>
                <name>SIM</name>
                <locale id="37">pt</locale>
                <creator/>
                <dateCreated id="38">2008-10-16 06:29:30</dateCreated>
                <voided>false</voided>
                <tags class="set" id="39"/>
                <conceptNameType>FULLY_SPECIFIED</conceptNameType>
                <localePreferred>true</localePreferred>
              </org.openmrs.ConceptName>
            </names>
            <answers class="set" id="40"/>
            <conceptSets class="set" id="41"/>
            <descriptions class="set" id="42">
              <org.openmrs.ConceptDescription id="43" uuid="e2210962-1d5f-11e0-b929-000c29ad1d07">
                <conceptDescriptionId>1059</conceptDescriptionId>
                <concept reference="24"/>
                <description>Generic answer to a question.</description>
                <locale id="44">en</locale>
                <creator/>
                <dateCreated id="45">2005-01-05 21:00:00</dateCreated>
                <changedBy/>
                <dateChanged id="46">2016-10-03 09:28:54</dateChanged>
              </org.openmrs.ConceptDescription>
              <org.openmrs.ConceptDescription id="47" uuid="e22c1b40-1d5f-11e0-b929-000c29ad1d07">
                <conceptDescriptionId>2484</conceptDescriptionId>
                <concept reference="24"/>
                <description>Resposta generica de uma pergunta</description>
                <locale id="48">pt</locale>
                <creator/>
                <dateCreated id="49">2008-10-16 06:29:30</dateCreated>
                <changedBy/>
                <dateChanged id="50">2016-10-03 09:28:54</dateChanged>
              </org.openmrs.ConceptDescription>
            </descriptions>
            <conceptMappings class="set" id="51">
              <org.openmrs.ConceptMap id="52" uuid="b8e11af6-435f-4af2-a47b-c2dc6e92eba1">
                <conceptMapType id="53" resolves-to="org.openmrs.ConceptMapType" uuid="35543629-7d8c-11e1-909d-c80aa9edcf4e">
                  <name>SAME-AS</name>
                  <creator/>
                  <dateCreated id="54">2013-01-16 21:00:00</dateCreated>
                  <changedBy/>
                  <dateChanged id="55">2016-10-03 09:28:54</dateChanged>
                  <retired>false</retired>
                  <conceptMapTypeId>1</conceptMapTypeId>
                  <isHidden>false</isHidden>
                </conceptMapType>
                <creator/>
                <changedBy/>
                <dateCreated id="56">2016-08-16 08:42:12</dateCreated>
                <dateChanged id="57">2016-10-03 09:28:54</dateChanged>
                <conceptMapId>1021</conceptMapId>
                <concept reference="24"/>
                <conceptReferenceTerm id="58" resolves-to="org.openmrs.ConceptReferenceTerm" uuid="c0183ecf-ce86-487e-9cc6-f9f8f6420049">
                  <creator/>
                  <dateCreated id="59">2016-08-16 08:42:12</dateCreated>
                  <changedBy/>
                  <dateChanged id="60">2016-10-03 09:28:54</dateChanged>
                  <retired>false</retired>
                  <conceptReferenceTermId>1637</conceptReferenceTermId>
                  <conceptSource id="61" resolves-to="org.openmrs.ConceptSource" uuid="919246ff-6bfc-42fc-8213-69d2d1ce0db7">
                    <name>OMRS FGH, Zambezia, Mozambique</name>
                    <description>Fonte para programa da FGH na Zambézia, Mozambique. Criado por Eurico Jose</description>
                    <creator/>
                    <dateCreated id="62">2013-01-08 07:29:09</dateCreated>
                    <retired>false</retired>
                    <conceptSourceId>1</conceptSourceId>
                    <hl7Code>OMRSFGHZBMZ</hl7Code>
                  </conceptSource>
                  <code>1065</code>
                  <conceptReferenceTermMaps id="63"/>
                </conceptReferenceTerm>
              </org.openmrs.ConceptMap>
            </conceptMappings>
          </answerConcept>
          <creator/>
          <dateCreated id="64">2016-10-10 04:06:18</dateCreated>
          <sortWeight>2.0</sortWeight>
        </org.openmrs.ConceptAnswer>
        <org.openmrs.ConceptAnswer id="65" uuid="a283df9e-73d3-4429-aeb6-dd223a6bf0b1">
          <conceptAnswerId>2936</conceptAnswerId>
          <concept reference="6"/>
          <answerConcept id="66" resolves-to="org.openmrs.Concept" uuid="e1d81c70-1d5f-11e0-b929-000c29ad1d07">
            <conceptId>1066</conceptId>
            <retired>false</retired>
            <datatype reference="25"/>
            <conceptClass reference="27"/>
            <set>false</set>
            <creator/>
            <dateCreated id="67">2005-01-05 21:00:00</dateCreated>
            <changedBy/>
            <dateChanged id="68">2016-10-03 09:28:54</dateChanged>
            <names class="set" id="69">
              <org.openmrs.ConceptName id="70" uuid="e24cb828-1d5f-11e0-b929-000c29ad1d07">
                <conceptNameId>2843</conceptNameId>
                <concept reference="66"/>
                <name>NAO</name>
                <locale id="71">pt</locale>
                <creator/>
                <dateCreated id="72">2008-10-16 06:31:04</dateCreated>
                <voided>false</voided>
                <tags class="set" id="73"/>
                <conceptNameType>FULLY_SPECIFIED</conceptNameType>
                <localePreferred>true</localePreferred>
              </org.openmrs.ConceptName>
              <org.openmrs.ConceptName id="74" uuid="e23f585e-1d5f-11e0-b929-000c29ad1d07">
                <conceptNameId>1066</conceptNameId>
                <concept reference="66"/>
                <name>NO</name>
                <locale id="75">en</locale>
                <creator/>
                <dateCreated id="76">2005-01-05 21:00:00</dateCreated>
                <voided>false</voided>
                <tags class="set" id="77"/>
                <conceptNameType>FULLY_SPECIFIED</conceptNameType>
                <localePreferred>true</localePreferred>
              </org.openmrs.ConceptName>
            </names>
            <answers class="set" id="78"/>
            <conceptSets class="set" id="79"/>
            <descriptions class="set" id="80">
              <org.openmrs.ConceptDescription id="81" uuid="e2210a48-1d5f-11e0-b929-000c29ad1d07">
                <conceptDescriptionId>1060</conceptDescriptionId>
                <concept reference="66"/>
                <description>Generic answer to a question.</description>
                <locale id="82">en</locale>
                <creator/>
                <dateCreated id="83">2005-01-05 21:00:00</dateCreated>
                <changedBy/>
                <dateChanged id="84">2016-10-03 09:28:54</dateChanged>
              </org.openmrs.ConceptDescription>
              <org.openmrs.ConceptDescription id="85" uuid="e22c1c26-1d5f-11e0-b929-000c29ad1d07">
                <conceptDescriptionId>2485</conceptDescriptionId>
                <concept reference="66"/>
                <description>Resposta generica de uma pergunta</description>
                <locale id="86">pt</locale>
                <creator/>
                <dateCreated id="87">2008-10-16 06:31:04</dateCreated>
                <changedBy/>
                <dateChanged id="88">2016-10-03 09:28:54</dateChanged>
              </org.openmrs.ConceptDescription>
            </descriptions>
            <conceptMappings class="set" id="89">
              <org.openmrs.ConceptMap id="90" uuid="962d447f-a4a8-45ad-b01e-4925f7ed73b4">
                <conceptMapType reference="53"/>
                <creator/>
                <changedBy/>
                <dateCreated id="91">2016-08-16 08:42:12</dateCreated>
                <dateChanged id="92">2016-10-03 09:28:54</dateChanged>
                <conceptMapId>1022</conceptMapId>
                <concept reference="66"/>
                <conceptReferenceTerm id="93" resolves-to="org.openmrs.ConceptReferenceTerm" uuid="6420e3c1-9a5d-423e-8118-c2dceb6c7f3e">
                  <creator/>
                  <dateCreated id="94">2016-08-16 08:42:12</dateCreated>
                  <changedBy/>
                  <dateChanged id="95">2016-10-03 09:28:54</dateChanged>
                  <retired>false</retired>
                  <conceptReferenceTermId>1638</conceptReferenceTermId>
                  <conceptSource reference="61"/>
                  <code>1066</code>
                  <conceptReferenceTermMaps id="96"/>
                </conceptReferenceTerm>
              </org.openmrs.ConceptMap>
            </conceptMappings>
          </answerConcept>
          <creator/>
          <dateCreated id="97">2016-10-10 04:06:18</dateCreated>
          <sortWeight>3.0</sortWeight>
        </org.openmrs.ConceptAnswer>
      </answers>
      <conceptSets class="set" id="98"/>
      <descriptions class="set" id="99"/>
      <conceptMappings class="set" id="100">
        <org.openmrs.ConceptMap id="101" uuid="cec5b8f5-0a75-4dc7-93cc-2d4f6650f9ff">
          <conceptMapType reference="53"/>
          <creator/>
          <dateCreated id="102">2016-10-21 08:13:54</dateCreated>
          <conceptMapId>1059</conceptMapId>
          <concept reference="6"/>
          <conceptReferenceTerm id="103" resolves-to="org.openmrs.ConceptReferenceTerm" uuid="55fb872b-52af-43d7-a342-366d901f700b">
            <creator/>
            <dateCreated id="104">2016-10-21 08:13:54</dateCreated>
            <retired>false</retired>
            <conceptReferenceTermId>1663</conceptReferenceTermId>
            <conceptSource reference="61"/>
            <code>6485</code>
            <conceptReferenceTermMaps id="105"/>
          </conceptReferenceTerm>
        </org.openmrs.ConceptMap>
      </conceptMappings>
    </concept>
    <tableName></tableName>
    <attributeName></attributeName>
    <defaultValue></defaultValue>
    <selectMultiple>false</selectMultiple>
  </org.openmrs.Field>
  <org.openmrs.Field id="106" uuid="9db7caea-c823-4e22-81e2-9d6e5ccedbd9">
    <name>HISTÓRICO DO PACIENTE</name>
    <description>O paciente explica o que esta a sentir</description>
    <creator/>
    <dateCreated id="107">2016-10-10 04:03:09</dateCreated>
    <retired>false</retired>
    <fieldId>784</fieldId>
    <fieldType reference="4"/>
    <concept id="108" resolves-to="org.openmrs.Concept" uuid="304b0333-808b-4a02-b41a-da7fa82cec26">
      <conceptId>6484</conceptId>
      <retired>false</retired>
      <datatype id="109" resolves-to="org.openmrs.ConceptDatatype" uuid="8d4a4ab4-c2cc-11de-8d13-0010c6dffd0f">
        <name>Text</name>
        <description>Free text</description>
        <creator/>
        <dateCreated id="110">2004-02-01 21:00:00</dateCreated>
        <retired>false</retired>
        <conceptDatatypeId>3</conceptDatatypeId>
        <hl7Abbreviation>ST</hl7Abbreviation>
      </datatype>
      <conceptClass reference="9"/>
      <set>false</set>
      <creator/>
      <dateCreated id="111">2016-10-10 04:01:42</dateCreated>
      <changedBy/>
      <dateChanged id="112">2016-10-21 08:13:54</dateChanged>
      <names class="set" id="113">
        <org.openmrs.ConceptName id="114" uuid="ddf36a0f-ee78-48f7-9df7-52bb54b720e6">
          <conceptNameId>7674</conceptNameId>
          <concept reference="108"/>
          <name>HISTÓRICO</name>
          <locale id="115">en</locale>
          <creator/>
          <dateCreated id="116">2016-10-10 04:01:42</dateCreated>
          <voided>false</voided>
          <tags class="set" id="117"/>
          <conceptNameType>SHORT</conceptNameType>
          <localePreferred>false</localePreferred>
        </org.openmrs.ConceptName>
        <org.openmrs.ConceptName id="118" uuid="31bd787d-7e0e-49cd-a59f-756ac2c94c9b">
          <conceptNameId>7675</conceptNameId>
          <concept reference="108"/>
          <name>HISTÓRICO DO PACIENTE</name>
          <locale id="119">en</locale>
          <creator/>
          <dateCreated id="120">2016-10-10 04:01:42</dateCreated>
          <voided>false</voided>
          <tags class="set" id="121"/>
          <conceptNameType>FULLY_SPECIFIED</conceptNameType>
          <localePreferred>true</localePreferred>
        </org.openmrs.ConceptName>
      </names>
      <answers class="set" id="122"/>
      <conceptSets class="set" id="123"/>
      <descriptions class="set" id="124">
        <org.openmrs.ConceptDescription id="125" uuid="a2d5b7ab-844b-4afa-858f-d856ee9b7fe1">
          <conceptDescriptionId>3688</conceptDescriptionId>
          <concept reference="108"/>
          <description>O paciente explica o que esta a sentir</description>
          <locale id="126">en</locale>
          <creator/>
          <dateCreated id="127">2016-10-10 04:01:42</dateCreated>
        </org.openmrs.ConceptDescription>
      </descriptions>
      <conceptMappings class="set" id="128">
        <org.openmrs.ConceptMap id="129" uuid="f0924cec-5d23-4d0d-ae8a-cabee04c683e">
          <conceptMapType reference="53"/>
          <creator/>
          <dateCreated id="130">2016-10-21 08:13:54</dateCreated>
          <conceptMapId>1060</conceptMapId>
          <concept reference="108"/>
          <conceptReferenceTerm id="131" resolves-to="org.openmrs.ConceptReferenceTerm" uuid="a6f48b0d-bc0c-45b3-9816-3ec89f7c45a1">
            <creator/>
            <dateCreated id="132">2016-10-21 08:13:54</dateCreated>
            <retired>false</retired>
            <conceptReferenceTermId>1664</conceptReferenceTermId>
            <conceptSource reference="61"/>
            <code>6484</code>
            <conceptReferenceTermMaps id="133"/>
          </conceptReferenceTerm>
        </org.openmrs.ConceptMap>
      </conceptMappings>
    </concept>
    <tableName></tableName>
    <attributeName></attributeName>
    <defaultValue></defaultValue>
    <selectMultiple>false</selectMultiple>
  </org.openmrs.Field>
</list>
