<?xml version="1.0" encoding="UTF-8"?>
<list id="1">
  <org.openmrs.module.providermanagement.Provider id="2" uuid="7c59c517-bfd1-487d-a76f-0b90cd975fd1">
    <creator/>
    <dateCreated id="3">2015-06-12 09:57:05</dateCreated>
    <retired>false</retired>
    <attributes id="4"/>
    <log class="org.apache.commons.logging.impl.SLF4JLocationAwareLog" id="5">
      <name>org.openmrs.module.providermanagement.Provider</name>
    </log>
    <providerId>23</providerId>
    <person id="6" resolves-to="org.openmrs.Person" uuid="e2bc25aa-1d5f-11e0-b929-000c29ad1d07">
      <creator/>
      <dateCreated id="7">2004-12-31 22:00:00</dateCreated>
      <changedBy/>
      <dateChanged id="8">2013-12-14 07:04:07</dateChanged>
      <voided>false</voided>
      <log class="org.apache.commons.logging.impl.SLF4JLocationAwareLog" id="9">
        <name>org.openmrs.Person</name>
      </log>
      <personId>1</personId>
      <addresses class="sorted-set" id="10"/>
      <names class="sorted-set" id="11">
        <org.openmrs.PersonName id="12" uuid="e2e4c50a-1d5f-11e0-b929-000c29ad1d07">
          <creator/>
          <dateCreated id="13">2004-12-31 22:00:00</dateCreated>
          <changedBy/>
          <dateChanged id="14">2013-12-14 07:04:07</dateChanged>
          <voided>false</voided>
          <personNameId>9348</personNameId>
          <person reference="6"/>
          <preferred>true</preferred>
          <givenName>Super</givenName>
          <familyName>User</familyName>
        </org.openmrs.PersonName>
      </names>
      <attributes class="sorted-set" id="15"/>
      <gender>M</gender>
      <birthdateEstimated>false</birthdateEstimated>
      <deathdateEstimated>false</deathdateEstimated>
      <dead>false</dead>
      <personCreator/>
      <personDateCreated reference="7"/>
      <personChangedBy/>
      <personDateChanged reference="8"/>
      <personVoided>false</personVoided>
      <isPatient>false</isPatient>
    </person>
    <identifier>000-0</identifier>
  </org.openmrs.module.providermanagement.Provider>
</list>
