<?xml version="1.0" encoding="UTF-8"?>
<package id="1" uuid="6c7cb257-c811-4f37-9066-c5c0d0091ad7">
  <dateCreated id="2">2017-05-25 11:55:40</dateCreated>
  <name>ARV Regimens</name>
  <description>Group of categorized ARV regimens</description>
  <openmrsVersion>1.11.5  Build a0c979</openmrsVersion>
  <version>1</version>
  <groupUuid>353d1931-2959-4cb0-bc8e-4025dcaf9d21</groupUuid>
  <modules id="3">
    <entry>
      <string>uilibrary</string>
      <string>1.5</string>
    </entry>
    <entry>
      <string>webservices.rest</string>
      <string>2.16.e045a4</string>
    </entry>
    <entry>
      <string>htmlformentry</string>
      <string>2.2.1</string>
    </entry>
    <entry>
      <string>patientsummary</string>
      <string>2.0</string>
    </entry>
    <entry>
      <string>calculation</string>
      <string>1.1</string>
    </entry>
    <entry>
      <string>providermanagement</string>
      <string>2.3</string>
    </entry>
    <entry>
      <string>event</string>
      <string>2.2.1</string>
    </entry>
    <entry>
      <string>formfilter</string>
      <string>1.0.0</string>
    </entry>
    <entry>
      <string>htmlformentry19ext</string>
      <string>1.2</string>
    </entry>
    <entry>
      <string>esaudemetadata</string>
      <string>1.3.7</string>
    </entry>
    <entry>
      <string>addresshierarchy</string>
      <string>2.4</string>
    </entry>
    <entry>
      <string>dataentrystatistics</string>
      <string>1.3.2</string>
    </entry>
    <entry>
      <string>serialization.xstream</string>
      <string>0.2.9</string>
    </entry>
    <entry>
      <string>htmlwidgets</string>
      <string>1.6.5</string>
    </entry>
    <entry>
      <string>reportingcompatibility</string>
      <string>1.5.8</string>
    </entry>
    <entry>
      <string>groovy</string>
      <string>2.2.4</string>
    </entry>
    <entry>
      <string>uiframework</string>
      <string>3.4</string>
    </entry>
    <entry>
      <string>patientflags</string>
      <string>1.3.4</string>
    </entry>
    <entry>
      <string>metadatamapping</string>
      <string>1.0.1</string>
    </entry>
    <entry>
      <string>reportingrest</string>
      <string>1.6</string>
    </entry>
    <entry>
      <string>appframework</string>
      <string>2.1</string>
    </entry>
    <entry>
      <string>logic</string>
      <string>0.5.2</string>
    </entry>
    <entry>
      <string>emrapi</string>
      <string>1.11.1</string>
    </entry>
    <entry>
      <string>databasebackup</string>
      <string>1.0</string>
    </entry>
    <entry>
      <string>metadatasharing</string>
      <string>1.2</string>
    </entry>
    <entry>
      <string>reporting</string>
      <string>0.9.9</string>
    </entry>
    <entry>
      <string>pharmacyapi</string>
      <string>1.0.1-SNAPSHOT</string>
    </entry>
    <entry>
      <string>gaac</string>
      <string>1.0-SNAPSHOT</string>
    </entry>
    <entry>
      <string>patientflag_rest</string>
      <string>1.0.0</string>
    </entry>
  </modules>
  <items class="linked-hash-set" id="4">
    <org.openmrs.module.metadatasharing.Item id="5" uuid="7d5728ac-730f-495e-8368-73fc3d7e3c45">
      <id>21254</id>
      <classname>org.openmrs.Concept</classname>
      <dateChanged id="6">2017-05-25 11:51:34</dateChanged>
      <retired>false</retired>
    </org.openmrs.module.metadatasharing.Item>
  </items>
  <relatedItems class="linked-hash-set" id="7">
    <org.openmrs.module.metadatasharing.Item id="8" uuid="8d4a4c94-c2cc-11de-8d13-0010c6dffd0f">
      <id>4</id>
      <classname>org.openmrs.ConceptDatatype</classname>
      <dateChanged id="9">2004-02-01 22:00:00</dateChanged>
      <retired>false</retired>
    </org.openmrs.module.metadatasharing.Item>
    <org.openmrs.module.metadatasharing.Item id="10" uuid="8d492594-c2cc-11de-8d13-0010c6dffd0f">
      <id>10</id>
      <classname>org.openmrs.ConceptClass</classname>
      <dateChanged id="11">2004-03-02 00:00:00</dateChanged>
      <retired>false</retired>
    </org.openmrs.module.metadatasharing.Item>
    <org.openmrs.module.metadatasharing.Item id="12" uuid="ef3e9984-97b0-4642-9354-f207271bf705">
      <id>28524</id>
      <classname>org.openmrs.ConceptName</classname>
      <dateChanged id="13">2017-05-25 11:51:34</dateChanged>
    </org.openmrs.module.metadatasharing.Item>
    <org.openmrs.module.metadatasharing.Item id="14" uuid="1a24e705-bc84-4609-be75-d112720804e1">
      <id>28525</id>
      <classname>org.openmrs.ConceptName</classname>
      <dateChanged id="15">2017-05-25 11:51:34</dateChanged>
    </org.openmrs.module.metadatasharing.Item>
    <org.openmrs.module.metadatasharing.Item id="16" uuid="c5f1a3c2-eefc-4cd0-9bc0-32fd2d7db1e1">
      <id>719</id>
      <classname>org.openmrs.ConceptSet</classname>
      <dateChanged id="17">2017-05-25 11:51:34</dateChanged>
    </org.openmrs.module.metadatasharing.Item>
    <org.openmrs.module.metadatasharing.Item id="18" uuid="dde41a1c-6cb9-45ef-a315-6ac35456e7c1">
      <id>21248</id>
      <classname>org.openmrs.Concept</classname>
      <dateChanged id="19">2017-05-25 11:53:32</dateChanged>
      <retired>false</retired>
    </org.openmrs.module.metadatasharing.Item>
    <org.openmrs.module.metadatasharing.Item id="20" uuid="8d4a48b6-c2cc-11de-8d13-0010c6dffd0f">
      <id>2</id>
      <classname>org.openmrs.ConceptDatatype</classname>
      <dateChanged id="21">2004-02-02 00:00:00</dateChanged>
      <retired>false</retired>
    </org.openmrs.module.metadatasharing.Item>
    <org.openmrs.module.metadatasharing.Item id="22" uuid="8d491e50-c2cc-11de-8d13-0010c6dffd0f">
      <id>7</id>
      <classname>org.openmrs.ConceptClass</classname>
      <dateChanged id="23">2004-03-01 22:00:00</dateChanged>
      <retired>false</retired>
    </org.openmrs.module.metadatasharing.Item>
    <org.openmrs.module.metadatasharing.Item id="24" uuid="392e12bb-ece0-4624-98a1-2acc90b5d1e9">
      <id>28510</id>
      <classname>org.openmrs.ConceptName</classname>
      <dateChanged id="25">2017-05-24 14:52:39</dateChanged>
    </org.openmrs.module.metadatasharing.Item>
    <org.openmrs.module.metadatasharing.Item id="26" uuid="4f9b9828-35f4-430b-a560-23ce3f0ae49a">
      <id>28511</id>
      <classname>org.openmrs.ConceptName</classname>
      <dateChanged id="27">2017-05-24 14:52:39</dateChanged>
    </org.openmrs.module.metadatasharing.Item>
    <org.openmrs.module.metadatasharing.Item id="28" uuid="bf765020-d3f6-4eab-b6cf-6a051808fa38">
      <id>3643</id>
      <classname>org.openmrs.ConceptAnswer</classname>
      <dateChanged id="29">2017-05-24 14:52:39</dateChanged>
    </org.openmrs.module.metadatasharing.Item>
    <org.openmrs.module.metadatasharing.Item id="30" uuid="9dc17c1b-7b6d-488e-a38d-505a7b65ec82">
      <id>6324</id>
      <classname>org.openmrs.Concept</classname>
      <dateChanged id="31">2017-05-24 14:21:02</dateChanged>
      <retired>false</retired>
    </org.openmrs.module.metadatasharing.Item>
    <org.openmrs.module.metadatasharing.Item id="32" uuid="8d490dfc-c2cc-11de-8d13-0010c6dffd0f">
      <id>3</id>
      <classname>org.openmrs.ConceptClass</classname>
      <dateChanged id="33">2004-02-02 00:00:00</dateChanged>
      <retired>false</retired>
    </org.openmrs.module.metadatasharing.Item>
    <org.openmrs.module.metadatasharing.Item id="34" uuid="fe655ef9-4680-40c2-b1a0-197f972250b6">
      <id>7337</id>
      <classname>org.openmrs.ConceptName</classname>
      <dateChanged id="35">2013-06-19 11:20:57</dateChanged>
    </org.openmrs.module.metadatasharing.Item>
    <org.openmrs.module.metadatasharing.Item id="36" uuid="473fa544-8aec-4ab4-8dd4-ded52ea959aa">
      <id>7338</id>
      <classname>org.openmrs.ConceptName</classname>
      <dateChanged id="37">2013-06-19 13:20:57</dateChanged>
    </org.openmrs.module.metadatasharing.Item>
    <org.openmrs.module.metadatasharing.Item id="38" uuid="47139819-da81-45d0-9fd4-486278a0496c">
      <id>34541</id>
      <classname>org.openmrs.ConceptMap</classname>
      <dateChanged id="39">2017-05-24 14:21:02</dateChanged>
    </org.openmrs.module.metadatasharing.Item>
    <org.openmrs.module.metadatasharing.Item id="40" uuid="35543629-7d8c-11e1-909d-c80aa9edcf4e">
      <id>1</id>
      <classname>org.openmrs.ConceptMapType</classname>
      <dateChanged id="41">2017-05-24 14:31:48</dateChanged>
      <retired>false</retired>
    </org.openmrs.module.metadatasharing.Item>
    <org.openmrs.module.metadatasharing.Item id="42" uuid="b2fce920-8807-40ff-87b2-95ae6bff6ee5">
      <id>35140</id>
      <classname>org.openmrs.ConceptReferenceTerm</classname>
      <dateChanged id="43">2017-05-24 14:21:02</dateChanged>
      <retired>false</retired>
    </org.openmrs.module.metadatasharing.Item>
    <org.openmrs.module.metadatasharing.Item id="44" uuid="919246ff-6bfc-42fc-8213-69d2d1ce0db7">
      <id>34</id>
      <classname>org.openmrs.ConceptSource</classname>
      <dateChanged id="45">2016-10-12 13:42:37</dateChanged>
      <retired>false</retired>
    </org.openmrs.module.metadatasharing.Item>
    <org.openmrs.module.metadatasharing.Item id="46" uuid="76e68ab7-d8ea-4630-bad7-c5be6fab9f05">
      <id>3641</id>
      <classname>org.openmrs.ConceptAnswer</classname>
      <dateChanged id="47">2017-05-24 14:52:39</dateChanged>
    </org.openmrs.module.metadatasharing.Item>
    <org.openmrs.module.metadatasharing.Item id="48" uuid="e1dd2f44-1d5f-11e0-b929-000c29ad1d07">
      <id>1651</id>
      <classname>org.openmrs.Concept</classname>
      <dateChanged id="49">2017-05-24 14:21:02</dateChanged>
      <retired>false</retired>
    </org.openmrs.module.metadatasharing.Item>
    <org.openmrs.module.metadatasharing.Item id="50" uuid="e24d501c-1d5f-11e0-b929-000c29ad1d07">
      <id>2985</id>
      <classname>org.openmrs.ConceptName</classname>
      <dateChanged id="51">2008-10-18 09:43:29</dateChanged>
    </org.openmrs.module.metadatasharing.Item>
    <org.openmrs.module.metadatasharing.Item id="52" uuid="e24d5102-1d5f-11e0-b929-000c29ad1d07">
      <id>2986</id>
      <classname>org.openmrs.ConceptName</classname>
      <dateChanged id="53">2008-10-18 09:53:11</dateChanged>
    </org.openmrs.module.metadatasharing.Item>
    <org.openmrs.module.metadatasharing.Item id="54" uuid="79a485b5-b833-411d-8451-54dbdfe34921">
      <id>6719</id>
      <classname>org.openmrs.ConceptName</classname>
      <dateChanged id="55">2011-01-24 14:14:37</dateChanged>
    </org.openmrs.module.metadatasharing.Item>
    <org.openmrs.module.metadatasharing.Item id="56" uuid="e25fc152-1d5f-11e0-b929-000c29ad1d07">
      <id>5494</id>
      <classname>org.openmrs.ConceptName</classname>
      <dateChanged id="57">2011-01-11 00:00:00</dateChanged>
    </org.openmrs.module.metadatasharing.Item>
    <org.openmrs.module.metadatasharing.Item id="58" uuid="e25d98d2-1d5f-11e0-b929-000c29ad1d07">
      <id>5102</id>
      <classname>org.openmrs.ConceptName</classname>
      <dateChanged id="59">2008-10-18 09:43:29</dateChanged>
    </org.openmrs.module.metadatasharing.Item>
    <org.openmrs.module.metadatasharing.Item id="60" uuid="adabeecf-05dd-4686-b9a6-acb9eaa9dfe1">
      <id>34533</id>
      <classname>org.openmrs.ConceptMap</classname>
      <dateChanged id="61">2017-05-24 14:21:02</dateChanged>
    </org.openmrs.module.metadatasharing.Item>
    <org.openmrs.module.metadatasharing.Item id="62" uuid="1dfe8729-9bd4-4fb0-9239-cadd623136b0">
      <id>35109</id>
      <classname>org.openmrs.ConceptReferenceTerm</classname>
      <dateChanged id="63">2017-05-24 14:21:02</dateChanged>
      <retired>false</retired>
    </org.openmrs.module.metadatasharing.Item>
    <org.openmrs.module.metadatasharing.Item id="64" uuid="fa08a032-53b5-44a7-9543-481e92b471fc">
      <id>3640</id>
      <classname>org.openmrs.ConceptAnswer</classname>
      <dateChanged id="65">2017-05-24 14:52:39</dateChanged>
    </org.openmrs.module.metadatasharing.Item>
    <org.openmrs.module.metadatasharing.Item id="66" uuid="78419317-cdda-42e9-92a3-13cb0cbf0020">
      <id>6104</id>
      <classname>org.openmrs.Concept</classname>
      <dateChanged id="67">2017-05-24 14:21:02</dateChanged>
      <retired>false</retired>
    </org.openmrs.module.metadatasharing.Item>
    <org.openmrs.module.metadatasharing.Item id="68" uuid="a9231a40-4a3b-4d05-9586-9d9d68c82972">
      <id>6653</id>
      <classname>org.openmrs.ConceptName</classname>
      <dateChanged id="69">2011-01-21 15:47:13</dateChanged>
    </org.openmrs.module.metadatasharing.Item>
    <org.openmrs.module.metadatasharing.Item id="70" uuid="ba3be9ea-080d-441a-8103-fe84a938968b">
      <id>6651</id>
      <classname>org.openmrs.ConceptName</classname>
      <dateChanged id="71">2011-01-21 15:47:13</dateChanged>
    </org.openmrs.module.metadatasharing.Item>
    <org.openmrs.module.metadatasharing.Item id="72" uuid="edb4cbe7-05dc-4782-a036-1746fc6212ae">
      <id>6652</id>
      <classname>org.openmrs.ConceptName</classname>
      <dateChanged id="73">2011-01-21 15:47:13</dateChanged>
    </org.openmrs.module.metadatasharing.Item>
    <org.openmrs.module.metadatasharing.Item id="74" uuid="21830e88-9d61-4103-b643-6b3f7e483971">
      <id>6650</id>
      <classname>org.openmrs.ConceptName</classname>
      <dateChanged id="75">2011-01-21 13:47:13</dateChanged>
    </org.openmrs.module.metadatasharing.Item>
    <org.openmrs.module.metadatasharing.Item id="76" uuid="76e601eb-a096-4fe7-968d-783a281c9143">
      <id>34557</id>
      <classname>org.openmrs.ConceptMap</classname>
      <dateChanged id="77">2017-05-24 14:21:02</dateChanged>
    </org.openmrs.module.metadatasharing.Item>
    <org.openmrs.module.metadatasharing.Item id="78" uuid="9ab087f5-e034-48a5-8712-a1b7e4c1420f">
      <id>35123</id>
      <classname>org.openmrs.ConceptReferenceTerm</classname>
      <dateChanged id="79">2017-05-24 14:21:02</dateChanged>
      <retired>false</retired>
    </org.openmrs.module.metadatasharing.Item>
    <org.openmrs.module.metadatasharing.Item id="80" uuid="4b12a9f3-1a6b-448a-a07b-4383a9be1c3b">
      <id>3642</id>
      <classname>org.openmrs.ConceptAnswer</classname>
      <dateChanged id="81">2017-05-24 14:52:39</dateChanged>
    </org.openmrs.module.metadatasharing.Item>
    <org.openmrs.module.metadatasharing.Item id="82" uuid="e1de19fe-1d5f-11e0-b929-000c29ad1d07">
      <id>1703</id>
      <classname>org.openmrs.Concept</classname>
      <dateChanged id="83">2017-05-24 14:21:02</dateChanged>
      <retired>false</retired>
    </org.openmrs.module.metadatasharing.Item>
    <org.openmrs.module.metadatasharing.Item id="84" uuid="e25d730c-1d5f-11e0-b929-000c29ad1d07">
      <id>5098</id>
      <classname>org.openmrs.ConceptName</classname>
      <dateChanged id="85">2008-10-25 11:58:08</dateChanged>
    </org.openmrs.module.metadatasharing.Item>
    <org.openmrs.module.metadatasharing.Item id="86" uuid="e24e1e3e-1d5f-11e0-b929-000c29ad1d07">
      <id>3131</id>
      <classname>org.openmrs.ConceptName</classname>
      <dateChanged id="87">2008-10-25 13:58:08</dateChanged>
    </org.openmrs.module.metadatasharing.Item>
    <org.openmrs.module.metadatasharing.Item id="88" uuid="e24e242e-1d5f-11e0-b929-000c29ad1d07">
      <id>3132</id>
      <classname>org.openmrs.ConceptName</classname>
      <dateChanged id="89">2008-10-25 13:58:08</dateChanged>
    </org.openmrs.module.metadatasharing.Item>
    <org.openmrs.module.metadatasharing.Item id="90" uuid="e25fbe96-1d5f-11e0-b929-000c29ad1d07">
      <id>5491</id>
      <classname>org.openmrs.ConceptName</classname>
      <dateChanged id="91">2011-01-11 02:00:00</dateChanged>
    </org.openmrs.module.metadatasharing.Item>
    <org.openmrs.module.metadatasharing.Item id="92" uuid="e25d75c8-1d5f-11e0-b929-000c29ad1d07">
      <id>5099</id>
      <classname>org.openmrs.ConceptName</classname>
      <dateChanged id="93">2008-10-25 11:58:08</dateChanged>
    </org.openmrs.module.metadatasharing.Item>
    <org.openmrs.module.metadatasharing.Item id="94" uuid="4ba9993d-9143-4101-9790-f1f2a266649c">
      <id>34572</id>
      <classname>org.openmrs.ConceptMap</classname>
      <dateChanged id="95">2017-05-24 14:21:02</dateChanged>
    </org.openmrs.module.metadatasharing.Item>
    <org.openmrs.module.metadatasharing.Item id="96" uuid="dd4291f6-db77-4a28-acca-e838c10fb734">
      <id>35115</id>
      <classname>org.openmrs.ConceptReferenceTerm</classname>
      <dateChanged id="97">2017-05-24 14:21:02</dateChanged>
      <retired>false</retired>
    </org.openmrs.module.metadatasharing.Item>
    <org.openmrs.module.metadatasharing.Item id="98" uuid="5d31cc56-5861-4459-9760-31fe7ee6c038">
      <id>3648</id>
      <classname>org.openmrs.ConceptAnswer</classname>
      <dateChanged id="99">2017-05-24 15:35:52</dateChanged>
    </org.openmrs.module.metadatasharing.Item>
    <org.openmrs.module.metadatasharing.Item id="100" uuid="daf60844-9002-403f-bd93-3838149a9a5e">
      <id>21250</id>
      <classname>org.openmrs.Concept</classname>
      <dateChanged id="101">2017-05-24 15:32:30</dateChanged>
      <retired>false</retired>
    </org.openmrs.module.metadatasharing.Item>
    <org.openmrs.module.metadatasharing.Item id="102" uuid="669e6aaf-e820-4735-a5c5-0ee485dd0c1c">
      <id>28514</id>
      <classname>org.openmrs.ConceptName</classname>
      <dateChanged id="103">2017-05-24 15:32:30</dateChanged>
    </org.openmrs.module.metadatasharing.Item>
    <org.openmrs.module.metadatasharing.Item id="104" uuid="2837e2f2-fccb-4aeb-b4fd-0ccaffab3f68">
      <id>28515</id>
      <classname>org.openmrs.ConceptName</classname>
      <dateChanged id="105">2017-05-24 15:32:30</dateChanged>
    </org.openmrs.module.metadatasharing.Item>
    <org.openmrs.module.metadatasharing.Item id="106" uuid="057cbe79-04ea-463d-a84f-24a5fa35265f">
      <id>28516</id>
      <classname>org.openmrs.ConceptName</classname>
      <dateChanged id="107">2017-05-24 15:32:30</dateChanged>
    </org.openmrs.module.metadatasharing.Item>
    <org.openmrs.module.metadatasharing.Item id="108" uuid="8dfd8e13-7388-48d9-ab4a-32a3b66e7e05">
      <id>28517</id>
      <classname>org.openmrs.ConceptName</classname>
      <dateChanged id="109">2017-05-24 15:32:30</dateChanged>
    </org.openmrs.module.metadatasharing.Item>
    <org.openmrs.module.metadatasharing.Item id="110" uuid="f8710e46-7723-4325-a385-dc1d722d0904">
      <id>34748</id>
      <classname>org.openmrs.ConceptMap</classname>
      <dateChanged id="111">2017-05-25 11:56:37</dateChanged>
    </org.openmrs.module.metadatasharing.Item>
    <org.openmrs.module.metadatasharing.Item id="112" uuid="25d47993-3f92-449e-bf79-f9bc1fe669a3">
      <id>35286</id>
      <classname>org.openmrs.ConceptReferenceTerm</classname>
      <dateChanged id="113">2017-05-25 11:56:37</dateChanged>
      <retired>false</retired>
    </org.openmrs.module.metadatasharing.Item>
    <org.openmrs.module.metadatasharing.Item id="114" uuid="2bc9f10d-98aa-478a-8e6f-3dd45bdeb171">
      <id>5707</id>
      <classname>org.openmrs.ConceptDescription</classname>
      <dateChanged id="115">2017-05-24 14:52:39</dateChanged>
    </org.openmrs.module.metadatasharing.Item>
    <org.openmrs.module.metadatasharing.Item id="116" uuid="cc349759-0cf2-4a1b-b67b-db5cfb933096">
      <id>5708</id>
      <classname>org.openmrs.ConceptDescription</classname>
      <dateChanged id="117">2017-05-24 14:52:39</dateChanged>
    </org.openmrs.module.metadatasharing.Item>
    <org.openmrs.module.metadatasharing.Item id="118" uuid="de5f1654-3836-46c5-a376-915d7ecfe3ca">
      <id>34747</id>
      <classname>org.openmrs.ConceptMap</classname>
      <dateChanged id="119">2017-05-25 11:56:37</dateChanged>
    </org.openmrs.module.metadatasharing.Item>
    <org.openmrs.module.metadatasharing.Item id="120" uuid="77085706-92d8-465b-87d4-7b33f48cb9cc">
      <id>35285</id>
      <classname>org.openmrs.ConceptReferenceTerm</classname>
      <dateChanged id="121">2017-05-25 11:56:36</dateChanged>
      <retired>false</retired>
    </org.openmrs.module.metadatasharing.Item>
    <org.openmrs.module.metadatasharing.Item id="122" uuid="0b94bc5d-45c4-4b0d-80c7-865c13d0f4f7">
      <id>720</id>
      <classname>org.openmrs.ConceptSet</classname>
      <dateChanged id="123">2017-05-25 11:51:34</dateChanged>
    </org.openmrs.module.metadatasharing.Item>
    <org.openmrs.module.metadatasharing.Item id="124" uuid="618650c6-90c3-4acd-ae4d-ffb2f6452a5b">
      <id>21249</id>
      <classname>org.openmrs.Concept</classname>
      <dateChanged id="125">2017-05-25 11:54:03</dateChanged>
      <retired>false</retired>
    </org.openmrs.module.metadatasharing.Item>
    <org.openmrs.module.metadatasharing.Item id="126" uuid="77ba68b6-433f-4e39-8b2f-0242333228ec">
      <id>28512</id>
      <classname>org.openmrs.ConceptName</classname>
      <dateChanged id="127">2017-05-24 14:58:41</dateChanged>
    </org.openmrs.module.metadatasharing.Item>
    <org.openmrs.module.metadatasharing.Item id="128" uuid="bbe9d5a6-5137-4c14-bcde-ff7a20778964">
      <id>28513</id>
      <classname>org.openmrs.ConceptName</classname>
      <dateChanged id="129">2017-05-24 14:58:41</dateChanged>
    </org.openmrs.module.metadatasharing.Item>
    <org.openmrs.module.metadatasharing.Item id="130" uuid="1b535da5-6b51-4470-ac73-c2221e8d036b">
      <id>3644</id>
      <classname>org.openmrs.ConceptAnswer</classname>
      <dateChanged id="131">2017-05-24 14:58:41</dateChanged>
    </org.openmrs.module.metadatasharing.Item>
    <org.openmrs.module.metadatasharing.Item id="132" uuid="f808f602-bc43-4070-9390-c2ec3fd0bee2">
      <id>6424</id>
      <classname>org.openmrs.Concept</classname>
      <dateChanged id="133">2017-05-24 14:21:02</dateChanged>
      <retired>false</retired>
    </org.openmrs.module.metadatasharing.Item>
    <org.openmrs.module.metadatasharing.Item id="134" uuid="52e5624d-0b18-4a83-b671-c90fff10df17">
      <id>7665</id>
      <classname>org.openmrs.ConceptName</classname>
      <dateChanged id="135">2016-02-22 16:42:34</dateChanged>
    </org.openmrs.module.metadatasharing.Item>
    <org.openmrs.module.metadatasharing.Item id="136" uuid="202e2b3b-61cc-431c-802f-73b215a86eed">
      <id>7666</id>
      <classname>org.openmrs.ConceptName</classname>
      <dateChanged id="137">2016-02-22 16:42:34</dateChanged>
    </org.openmrs.module.metadatasharing.Item>
    <org.openmrs.module.metadatasharing.Item id="138" uuid="17e1cf66-525e-45d0-bad2-20efe6cc7a10">
      <id>34612</id>
      <classname>org.openmrs.ConceptMap</classname>
      <dateChanged id="139">2017-05-24 14:21:02</dateChanged>
    </org.openmrs.module.metadatasharing.Item>
    <org.openmrs.module.metadatasharing.Item id="140" uuid="66d858d2-89e2-44d6-9d20-4f3f0cf869c2">
      <id>35182</id>
      <classname>org.openmrs.ConceptReferenceTerm</classname>
      <dateChanged id="141">2017-05-24 14:21:02</dateChanged>
      <retired>false</retired>
    </org.openmrs.module.metadatasharing.Item>
    <org.openmrs.module.metadatasharing.Item id="142" uuid="3aab7e9f-58c7-48fe-97e8-b1ad563a7382">
      <id>3645</id>
      <classname>org.openmrs.ConceptAnswer</classname>
      <dateChanged id="143">2017-05-24 15:17:51</dateChanged>
    </org.openmrs.module.metadatasharing.Item>
    <org.openmrs.module.metadatasharing.Item id="144" uuid="e1da2d30-1d5f-11e0-b929-000c29ad1d07">
      <id>1311</id>
      <classname>org.openmrs.Concept</classname>
      <dateChanged id="145">2015-07-01 08:42:54</dateChanged>
      <retired>false</retired>
    </org.openmrs.module.metadatasharing.Item>
    <org.openmrs.module.metadatasharing.Item id="146" uuid="e2408918-1d5f-11e0-b929-000c29ad1d07">
      <id>1309</id>
      <classname>org.openmrs.ConceptName</classname>
      <dateChanged id="147">2015-07-01 08:39:11</dateChanged>
    </org.openmrs.module.metadatasharing.Item>
    <org.openmrs.module.metadatasharing.Item id="148" uuid="7db8a5aa-9a43-455e-b586-2c00ac09fe5e">
      <id>7413</id>
      <classname>org.openmrs.ConceptName</classname>
      <dateChanged id="149">2015-07-01 08:42:54</dateChanged>
    </org.openmrs.module.metadatasharing.Item>
    <org.openmrs.module.metadatasharing.Item id="150" uuid="de968af1-85c7-454c-a924-4d66dc11e18b">
      <id>7415</id>
      <classname>org.openmrs.ConceptName</classname>
      <dateChanged id="151">2015-07-01 08:42:54</dateChanged>
    </org.openmrs.module.metadatasharing.Item>
    <org.openmrs.module.metadatasharing.Item id="152" uuid="6c3113d6-3a77-47c9-a25b-dcba576597ae">
      <id>7412</id>
      <classname>org.openmrs.ConceptName</classname>
      <dateChanged id="153">2015-07-01 08:39:11</dateChanged>
    </org.openmrs.module.metadatasharing.Item>
    <org.openmrs.module.metadatasharing.Item id="154" uuid="9c606088-37c6-46aa-b9c5-97484d427a0d">
      <id>34750</id>
      <classname>org.openmrs.ConceptMap</classname>
      <dateChanged id="155">2017-05-25 11:56:38</dateChanged>
    </org.openmrs.module.metadatasharing.Item>
    <org.openmrs.module.metadatasharing.Item id="156" uuid="0349525c-92ad-4ab8-8309-122aca208d2c">
      <id>35288</id>
      <classname>org.openmrs.ConceptReferenceTerm</classname>
      <dateChanged id="157">2017-05-25 11:56:37</dateChanged>
      <retired>false</retired>
    </org.openmrs.module.metadatasharing.Item>
    <org.openmrs.module.metadatasharing.Item id="158" uuid="50cf3c79-2246-4210-9007-16a312acf2b3">
      <id>3649</id>
      <classname>org.openmrs.ConceptAnswer</classname>
      <dateChanged id="159">2017-05-24 15:36:52</dateChanged>
    </org.openmrs.module.metadatasharing.Item>
    <org.openmrs.module.metadatasharing.Item id="160" uuid="9717a589-c8d2-42cf-a63d-778a6ab9d530">
      <id>5709</id>
      <classname>org.openmrs.ConceptDescription</classname>
      <dateChanged id="161">2017-05-24 14:58:41</dateChanged>
    </org.openmrs.module.metadatasharing.Item>
    <org.openmrs.module.metadatasharing.Item id="162" uuid="918a032e-501f-479c-ab32-d89ae5abee21">
      <id>5710</id>
      <classname>org.openmrs.ConceptDescription</classname>
      <dateChanged id="163">2017-05-24 14:58:41</dateChanged>
    </org.openmrs.module.metadatasharing.Item>
    <org.openmrs.module.metadatasharing.Item id="164" uuid="e7555536-8ff4-4589-8568-20c47de48ab4">
      <id>34749</id>
      <classname>org.openmrs.ConceptMap</classname>
      <dateChanged id="165">2017-05-25 11:56:37</dateChanged>
    </org.openmrs.module.metadatasharing.Item>
    <org.openmrs.module.metadatasharing.Item id="166" uuid="b7cd3c3d-c6db-4412-9cfe-fbc717fb9707">
      <id>35287</id>
      <classname>org.openmrs.ConceptReferenceTerm</classname>
      <dateChanged id="167">2017-05-25 11:56:37</dateChanged>
      <retired>false</retired>
    </org.openmrs.module.metadatasharing.Item>
    <org.openmrs.module.metadatasharing.Item id="168" uuid="3ac66b4f-aa5d-4488-9835-862ecdd4a625">
      <id>721</id>
      <classname>org.openmrs.ConceptSet</classname>
      <dateChanged id="169">2017-05-25 11:51:34</dateChanged>
    </org.openmrs.module.metadatasharing.Item>
    <org.openmrs.module.metadatasharing.Item id="170" uuid="4281f035-183f-407d-8286-92613f3039c8">
      <id>21251</id>
      <classname>org.openmrs.Concept</classname>
      <dateChanged id="171">2017-05-25 11:54:29</dateChanged>
      <retired>false</retired>
    </org.openmrs.module.metadatasharing.Item>
    <org.openmrs.module.metadatasharing.Item id="172" uuid="bb0a7640-c18c-4609-b65c-c743784b32fa">
      <id>28518</id>
      <classname>org.openmrs.ConceptName</classname>
      <dateChanged id="173">2017-05-24 15:41:47</dateChanged>
    </org.openmrs.module.metadatasharing.Item>
    <org.openmrs.module.metadatasharing.Item id="174" uuid="3a48099b-2440-4f09-a9eb-9f08b957df63">
      <id>28519</id>
      <classname>org.openmrs.ConceptName</classname>
      <dateChanged id="175">2017-05-24 15:41:47</dateChanged>
    </org.openmrs.module.metadatasharing.Item>
    <org.openmrs.module.metadatasharing.Item id="176" uuid="467367ad-1a23-45f4-b97b-befd9cffd621">
      <id>3650</id>
      <classname>org.openmrs.ConceptAnswer</classname>
      <dateChanged id="177">2017-05-24 15:41:47</dateChanged>
    </org.openmrs.module.metadatasharing.Item>
    <org.openmrs.module.metadatasharing.Item id="178" uuid="e1d3d4da-1d5f-11e0-b929-000c29ad1d07">
      <id>630</id>
      <classname>org.openmrs.Concept</classname>
      <dateChanged id="179">2017-05-24 14:21:02</dateChanged>
      <retired>false</retired>
    </org.openmrs.module.metadatasharing.Item>
    <org.openmrs.module.metadatasharing.Item id="180" uuid="e25fadf2-1d5f-11e0-b929-000c29ad1d07">
      <id>5490</id>
      <classname>org.openmrs.ConceptName</classname>
      <dateChanged id="181">2008-10-16 16:26:07</dateChanged>
    </org.openmrs.module.metadatasharing.Item>
    <org.openmrs.module.metadatasharing.Item id="182" uuid="e23c4092-1d5f-11e0-b929-000c29ad1d07">
      <id>630</id>
      <classname>org.openmrs.ConceptName</classname>
      <dateChanged id="183">2004-01-01 00:00:00</dateChanged>
    </org.openmrs.module.metadatasharing.Item>
    <org.openmrs.module.metadatasharing.Item id="184" uuid="e26044c4-1d5f-11e0-b929-000c29ad1d07">
      <id>5619</id>
      <classname>org.openmrs.ConceptName</classname>
      <dateChanged id="185">2005-01-21 00:00:00</dateChanged>
    </org.openmrs.module.metadatasharing.Item>
    <org.openmrs.module.metadatasharing.Item id="186" uuid="e24cdd12-1d5f-11e0-b929-000c29ad1d07">
      <id>2884</id>
      <classname>org.openmrs.ConceptName</classname>
      <dateChanged id="187">2008-10-16 16:24:58</dateChanged>
    </org.openmrs.module.metadatasharing.Item>
    <org.openmrs.module.metadatasharing.Item id="188" uuid="e21d4fde-1d5f-11e0-b929-000c29ad1d07">
      <id>629</id>
      <classname>org.openmrs.ConceptDescription</classname>
      <dateChanged id="189">2017-05-24 14:21:02</dateChanged>
    </org.openmrs.module.metadatasharing.Item>
    <org.openmrs.module.metadatasharing.Item id="190" uuid="e22c3198-1d5f-11e0-b929-000c29ad1d07">
      <id>2497</id>
      <classname>org.openmrs.ConceptDescription</classname>
      <dateChanged id="191">2017-05-24 14:21:02</dateChanged>
    </org.openmrs.module.metadatasharing.Item>
    <org.openmrs.module.metadatasharing.Item id="192" uuid="05dad9bf-6605-4601-8c51-b2a4a9fa7602">
      <id>34571</id>
      <classname>org.openmrs.ConceptMap</classname>
      <dateChanged id="193">2017-05-24 14:21:02</dateChanged>
    </org.openmrs.module.metadatasharing.Item>
    <org.openmrs.module.metadatasharing.Item id="194" uuid="98fa21f8-1e2b-4bc6-9e50-426db3cdeb65">
      <id>35117</id>
      <classname>org.openmrs.ConceptReferenceTerm</classname>
      <dateChanged id="195">2017-05-24 14:21:02</dateChanged>
      <retired>false</retired>
    </org.openmrs.module.metadatasharing.Item>
    <org.openmrs.module.metadatasharing.Item id="196" uuid="33e74010-e468-44b4-8595-4e53a8011bfd">
      <id>5711</id>
      <classname>org.openmrs.ConceptDescription</classname>
      <dateChanged id="197">2017-05-24 15:41:47</dateChanged>
    </org.openmrs.module.metadatasharing.Item>
    <org.openmrs.module.metadatasharing.Item id="198" uuid="ae962aa3-82ba-44f3-9cc5-e7b5454e4507">
      <id>5712</id>
      <classname>org.openmrs.ConceptDescription</classname>
      <dateChanged id="199">2017-05-24 15:41:47</dateChanged>
    </org.openmrs.module.metadatasharing.Item>
    <org.openmrs.module.metadatasharing.Item id="200" uuid="ea5b2ef4-5dfd-43d4-9053-1b86080a8e13">
      <id>34751</id>
      <classname>org.openmrs.ConceptMap</classname>
      <dateChanged id="201">2017-05-25 11:56:38</dateChanged>
    </org.openmrs.module.metadatasharing.Item>
    <org.openmrs.module.metadatasharing.Item id="202" uuid="59d1ebd7-8b4b-4d8b-aa10-3ef953571172">
      <id>35289</id>
      <classname>org.openmrs.ConceptReferenceTerm</classname>
      <dateChanged id="203">2017-05-25 11:56:38</dateChanged>
      <retired>false</retired>
    </org.openmrs.module.metadatasharing.Item>
    <org.openmrs.module.metadatasharing.Item id="204" uuid="7cd06aa7-6291-47a7-995c-b894ab57f622">
      <id>722</id>
      <classname>org.openmrs.ConceptSet</classname>
      <dateChanged id="205">2017-05-25 11:51:34</dateChanged>
    </org.openmrs.module.metadatasharing.Item>
    <org.openmrs.module.metadatasharing.Item id="206" uuid="0bd068da-1c57-40aa-9e05-f2bcbe282521">
      <id>21252</id>
      <classname>org.openmrs.Concept</classname>
      <dateChanged id="207">2017-05-25 11:54:49</dateChanged>
      <retired>false</retired>
    </org.openmrs.module.metadatasharing.Item>
    <org.openmrs.module.metadatasharing.Item id="208" uuid="b90cc5dc-990a-459c-a310-02151520ec99">
      <id>28521</id>
      <classname>org.openmrs.ConceptName</classname>
      <dateChanged id="209">2017-05-24 15:50:47</dateChanged>
    </org.openmrs.module.metadatasharing.Item>
    <org.openmrs.module.metadatasharing.Item id="210" uuid="7c897264-66bb-4ff9-a84e-68a67636aa7e">
      <id>28520</id>
      <classname>org.openmrs.ConceptName</classname>
      <dateChanged id="211">2017-05-25 11:54:49</dateChanged>
    </org.openmrs.module.metadatasharing.Item>
    <org.openmrs.module.metadatasharing.Item id="212" uuid="8039e250-a57b-43c7-a212-b00fb7f4183e">
      <id>28526</id>
      <classname>org.openmrs.ConceptName</classname>
      <dateChanged id="213">2017-05-25 11:54:49</dateChanged>
    </org.openmrs.module.metadatasharing.Item>
    <org.openmrs.module.metadatasharing.Item id="214" uuid="05bbf2a6-31b1-4978-8e94-675778a2061c">
      <id>3653</id>
      <classname>org.openmrs.ConceptAnswer</classname>
      <dateChanged id="215">2017-05-24 15:50:47</dateChanged>
    </org.openmrs.module.metadatasharing.Item>
    <org.openmrs.module.metadatasharing.Item id="216" uuid="1e145f2d-93bf-4993-aa24-4026cbafcfc5">
      <id>3652</id>
      <classname>org.openmrs.ConceptAnswer</classname>
      <dateChanged id="217">2017-05-24 15:50:47</dateChanged>
    </org.openmrs.module.metadatasharing.Item>
    <org.openmrs.module.metadatasharing.Item id="218" uuid="3eab53ae-c44b-4eb4-83e8-62b3901b4f0d">
      <id>3654</id>
      <classname>org.openmrs.ConceptAnswer</classname>
      <dateChanged id="219">2017-05-24 15:50:47</dateChanged>
    </org.openmrs.module.metadatasharing.Item>
    <org.openmrs.module.metadatasharing.Item id="220" uuid="05efa276-b196-48f1-982f-58bb35e2a041">
      <id>3651</id>
      <classname>org.openmrs.ConceptAnswer</classname>
      <dateChanged id="221">2017-05-24 15:50:47</dateChanged>
    </org.openmrs.module.metadatasharing.Item>
    <org.openmrs.module.metadatasharing.Item id="222" uuid="4249d6cd-aee2-473a-860e-a2b1f02ed1e0">
      <id>3655</id>
      <classname>org.openmrs.ConceptAnswer</classname>
      <dateChanged id="223">2017-05-24 15:50:47</dateChanged>
    </org.openmrs.module.metadatasharing.Item>
    <org.openmrs.module.metadatasharing.Item id="224" uuid="424c77ab-d2d3-472f-a1ec-484517b50a0e">
      <id>5713</id>
      <classname>org.openmrs.ConceptDescription</classname>
      <dateChanged id="225">2017-05-25 11:54:49</dateChanged>
    </org.openmrs.module.metadatasharing.Item>
    <org.openmrs.module.metadatasharing.Item id="226" uuid="4a1889ed-15f0-4f9e-8c91-fe526946b3a7">
      <id>5714</id>
      <classname>org.openmrs.ConceptDescription</classname>
      <dateChanged id="227">2017-05-24 15:50:47</dateChanged>
    </org.openmrs.module.metadatasharing.Item>
    <org.openmrs.module.metadatasharing.Item id="228" uuid="b343798d-942f-4013-bbc6-21f896045766">
      <id>34752</id>
      <classname>org.openmrs.ConceptMap</classname>
      <dateChanged id="229">2017-05-25 11:56:38</dateChanged>
    </org.openmrs.module.metadatasharing.Item>
    <org.openmrs.module.metadatasharing.Item id="230" uuid="6da1e44b-0c41-4cd6-8664-b25230581d3a">
      <id>35290</id>
      <classname>org.openmrs.ConceptReferenceTerm</classname>
      <dateChanged id="231">2017-05-25 11:56:38</dateChanged>
      <retired>false</retired>
    </org.openmrs.module.metadatasharing.Item>
    <org.openmrs.module.metadatasharing.Item id="232" uuid="8c50b8de-0c44-4438-b79b-a2d70ac5a5e5">
      <id>723</id>
      <classname>org.openmrs.ConceptSet</classname>
      <dateChanged id="233">2017-05-25 11:51:34</dateChanged>
    </org.openmrs.module.metadatasharing.Item>
    <org.openmrs.module.metadatasharing.Item id="234" uuid="79c143ea-eeeb-4cdb-bfd7-fed8f029c15b">
      <id>21253</id>
      <classname>org.openmrs.Concept</classname>
      <dateChanged id="235">2017-05-25 11:55:07</dateChanged>
      <retired>false</retired>
    </org.openmrs.module.metadatasharing.Item>
    <org.openmrs.module.metadatasharing.Item id="236" uuid="4ce097c4-ad73-4b82-94c8-004d7d41a904">
      <id>28522</id>
      <classname>org.openmrs.ConceptName</classname>
      <dateChanged id="237">2017-05-25 11:55:07</dateChanged>
    </org.openmrs.module.metadatasharing.Item>
    <org.openmrs.module.metadatasharing.Item id="238" uuid="2e3666be-33af-4c8d-b702-29fa42208e1f">
      <id>28527</id>
      <classname>org.openmrs.ConceptName</classname>
      <dateChanged id="239">2017-05-25 11:55:07</dateChanged>
    </org.openmrs.module.metadatasharing.Item>
    <org.openmrs.module.metadatasharing.Item id="240" uuid="f2be7b39-e726-473b-965d-ef00773a32a2">
      <id>28523</id>
      <classname>org.openmrs.ConceptName</classname>
      <dateChanged id="241">2017-05-24 15:56:00</dateChanged>
    </org.openmrs.module.metadatasharing.Item>
    <org.openmrs.module.metadatasharing.Item id="242" uuid="33979b4e-2918-43e9-b291-12be76a52d4f">
      <id>3659</id>
      <classname>org.openmrs.ConceptAnswer</classname>
      <dateChanged id="243">2017-05-24 15:56:00</dateChanged>
    </org.openmrs.module.metadatasharing.Item>
    <org.openmrs.module.metadatasharing.Item id="244" uuid="e11be52e-0da1-4d32-ab5c-e0feb9b6abd6">
      <id>6105</id>
      <classname>org.openmrs.Concept</classname>
      <dateChanged id="245">2017-05-24 14:31:48</dateChanged>
      <retired>false</retired>
    </org.openmrs.module.metadatasharing.Item>
    <org.openmrs.module.metadatasharing.Item id="246" uuid="ed2cc8cd-a2cb-4f34-b36a-0f3176992901">
      <id>6655</id>
      <classname>org.openmrs.ConceptName</classname>
      <dateChanged id="247">2011-01-21 13:50:46</dateChanged>
    </org.openmrs.module.metadatasharing.Item>
    <org.openmrs.module.metadatasharing.Item id="248" uuid="9f60f44d-1433-4805-b0b7-aefc04293f85">
      <id>6656</id>
      <classname>org.openmrs.ConceptName</classname>
      <dateChanged id="249">2011-01-21 15:50:46</dateChanged>
    </org.openmrs.module.metadatasharing.Item>
    <org.openmrs.module.metadatasharing.Item id="250" uuid="f4bdc6cf-41b5-4417-8ab8-14093d6077af">
      <id>6654</id>
      <classname>org.openmrs.ConceptName</classname>
      <dateChanged id="251">2011-01-21 15:50:46</dateChanged>
    </org.openmrs.module.metadatasharing.Item>
    <org.openmrs.module.metadatasharing.Item id="252" uuid="fddad284-113e-414c-b426-268e85fc939a">
      <id>6657</id>
      <classname>org.openmrs.ConceptName</classname>
      <dateChanged id="253">2011-01-21 15:50:46</dateChanged>
    </org.openmrs.module.metadatasharing.Item>
    <org.openmrs.module.metadatasharing.Item id="254" uuid="6965b434-d49b-4d1d-b953-7da4f2754721">
      <id>34544</id>
      <classname>org.openmrs.ConceptMap</classname>
      <dateChanged id="255">2017-05-24 14:31:48</dateChanged>
    </org.openmrs.module.metadatasharing.Item>
    <org.openmrs.module.metadatasharing.Item id="256" uuid="fb6bbc72-402f-45b9-a583-f942341b3ec9">
      <id>35124</id>
      <classname>org.openmrs.ConceptReferenceTerm</classname>
      <dateChanged id="257">2017-05-24 14:31:48</dateChanged>
      <retired>false</retired>
    </org.openmrs.module.metadatasharing.Item>
    <org.openmrs.module.metadatasharing.Item id="258" uuid="626b6259-d80d-4a54-8cd0-d3ebd58bfc53">
      <id>3661</id>
      <classname>org.openmrs.ConceptAnswer</classname>
      <dateChanged id="259">2017-05-24 15:56:00</dateChanged>
    </org.openmrs.module.metadatasharing.Item>
    <org.openmrs.module.metadatasharing.Item id="260" uuid="af25dd7a-53d8-4502-aa62-2d36f314495b">
      <id>3657</id>
      <classname>org.openmrs.ConceptAnswer</classname>
      <dateChanged id="261">2017-05-24 15:56:00</dateChanged>
    </org.openmrs.module.metadatasharing.Item>
    <org.openmrs.module.metadatasharing.Item id="262" uuid="46397ee2-7685-4791-96be-b3b24bbe4316">
      <id>3660</id>
      <classname>org.openmrs.ConceptAnswer</classname>
      <dateChanged id="263">2017-05-24 15:56:00</dateChanged>
    </org.openmrs.module.metadatasharing.Item>
    <org.openmrs.module.metadatasharing.Item id="264" uuid="451fc146-0dc6-4e97-8331-ea7250fa8a1d">
      <id>3658</id>
      <classname>org.openmrs.ConceptAnswer</classname>
      <dateChanged id="265">2017-05-24 15:56:00</dateChanged>
    </org.openmrs.module.metadatasharing.Item>
    <org.openmrs.module.metadatasharing.Item id="266" uuid="940c1f08-c99a-4680-ada4-f5f2c618cfaa">
      <id>3656</id>
      <classname>org.openmrs.ConceptAnswer</classname>
      <dateChanged id="267">2017-05-24 15:56:00</dateChanged>
    </org.openmrs.module.metadatasharing.Item>
    <org.openmrs.module.metadatasharing.Item id="268" uuid="08dcb918-f930-4694-bc39-e906592cd4e0">
      <id>5715</id>
      <classname>org.openmrs.ConceptDescription</classname>
      <dateChanged id="269">2017-05-25 11:55:07</dateChanged>
    </org.openmrs.module.metadatasharing.Item>
    <org.openmrs.module.metadatasharing.Item id="270" uuid="d5bb329d-4904-4823-957f-bcefcd61aa16">
      <id>5716</id>
      <classname>org.openmrs.ConceptDescription</classname>
      <dateChanged id="271">2017-05-24 15:56:00</dateChanged>
    </org.openmrs.module.metadatasharing.Item>
    <org.openmrs.module.metadatasharing.Item id="272" uuid="9e78c242-92be-4711-9d04-fa28e879104b">
      <id>34753</id>
      <classname>org.openmrs.ConceptMap</classname>
      <dateChanged id="273">2017-05-25 11:56:38</dateChanged>
    </org.openmrs.module.metadatasharing.Item>
    <org.openmrs.module.metadatasharing.Item id="274" uuid="a562657b-3af6-4e56-849c-7cca708bce64">
      <id>35291</id>
      <classname>org.openmrs.ConceptReferenceTerm</classname>
      <dateChanged id="275">2017-05-25 11:56:38</dateChanged>
      <retired>false</retired>
    </org.openmrs.module.metadatasharing.Item>
    <org.openmrs.module.metadatasharing.Item id="276" uuid="2627adaf-ee1b-4739-bb11-f8c141d38629">
      <id>5717</id>
      <classname>org.openmrs.ConceptDescription</classname>
      <dateChanged id="277">2017-05-25 11:51:34</dateChanged>
    </org.openmrs.module.metadatasharing.Item>
    <org.openmrs.module.metadatasharing.Item id="278" uuid="11379601-1ac1-467f-a886-4356d766dc8c">
      <id>5718</id>
      <classname>org.openmrs.ConceptDescription</classname>
      <dateChanged id="279">2017-05-25 11:51:34</dateChanged>
    </org.openmrs.module.metadatasharing.Item>
    <org.openmrs.module.metadatasharing.Item id="280" uuid="9f9da93b-0713-4766-8446-383798b177df">
      <id>34746</id>
      <classname>org.openmrs.ConceptMap</classname>
      <dateChanged id="281">2017-05-25 11:56:36</dateChanged>
    </org.openmrs.module.metadatasharing.Item>
    <org.openmrs.module.metadatasharing.Item id="282" uuid="2c58a239-68c6-4cf4-8cf4-e4a708c28b17">
      <id>35284</id>
      <classname>org.openmrs.ConceptReferenceTerm</classname>
      <dateChanged id="283">2017-05-25 11:56:36</dateChanged>
      <retired>false</retired>
    </org.openmrs.module.metadatasharing.Item>
  </relatedItems>
</package>
