<?xml version="1.0" encoding="UTF-8"?>
<list id="1">
  <org.openmrs.Concept id="2" uuid="7d5728ac-730f-495e-8368-73fc3d7e3c45">
    <conceptId>21254</conceptId>
    <retired>false</retired>
    <datatype id="3" resolves-to="org.openmrs.ConceptDatatype" uuid="8d4a4c94-c2cc-11de-8d13-0010c6dffd0f">
      <name>N/A</name>
      <description>Not associated with a datatype (e.g., term answers, sets)</description>
      <creator/>
      <dateCreated id="4">2004-02-01 22:00:00</dateCreated>
      <retired>false</retired>
      <conceptDatatypeId>4</conceptDatatypeId>
      <hl7Abbreviation>ZZ</hl7Abbreviation>
    </datatype>
    <conceptClass id="5" resolves-to="org.openmrs.ConceptClass" uuid="8d492594-c2cc-11de-8d13-0010c6dffd0f">
      <name>ConvSet</name>
      <description>Term to describe convenience sets</description>
      <creator/>
      <dateCreated id="6">2004-03-02 00:00:00</dateCreated>
      <retired>false</retired>
      <conceptClassId>10</conceptClassId>
    </conceptClass>
    <set>true</set>
    <creator/>
    <dateCreated id="7">2017-05-25 11:51:34</dateCreated>
    <changedBy/>
    <dateChanged id="8">2017-05-25 11:56:36</dateChanged>
    <names class="set" id="9">
      <org.openmrs.ConceptName id="10" uuid="ef3e9984-97b0-4642-9354-f207271bf705">
        <conceptNameId>28524</conceptNameId>
        <concept reference="2"/>
        <name>REGIMES ARV</name>
        <locale id="11">pt</locale>
        <creator/>
        <dateCreated id="12">2017-05-25 11:51:34</dateCreated>
        <voided>false</voided>
        <tags class="set" id="13"/>
        <conceptNameType>FULLY_SPECIFIED</conceptNameType>
        <localePreferred>true</localePreferred>
      </org.openmrs.ConceptName>
      <org.openmrs.ConceptName id="14" uuid="1a24e705-bc84-4609-be75-d112720804e1">
        <conceptNameId>28525</conceptNameId>
        <concept reference="2"/>
        <name>ARV REGIMENS</name>
        <locale id="15">en</locale>
        <creator/>
        <dateCreated id="16">2017-05-25 11:51:34</dateCreated>
        <voided>false</voided>
        <tags class="set" id="17"/>
        <conceptNameType>FULLY_SPECIFIED</conceptNameType>
        <localePreferred>true</localePreferred>
      </org.openmrs.ConceptName>
    </names>
    <answers class="set" id="18"/>
    <conceptSets class="set" id="19">
      <org.openmrs.ConceptSet id="20" uuid="8c50b8de-0c44-4438-b79b-a2d70ac5a5e5">
        <conceptSetId>723</conceptSetId>
        <concept id="21" resolves-to="org.openmrs.Concept" uuid="79c143ea-eeeb-4cdb-bfd7-fed8f029c15b">
          <conceptId>21253</conceptId>
          <retired>false</retired>
          <datatype id="22" resolves-to="org.openmrs.ConceptDatatype" uuid="8d4a48b6-c2cc-11de-8d13-0010c6dffd0f">
            <name>Coded</name>
            <description>Value determined by term dictionary lookup (i.e., term identifier)</description>
            <creator/>
            <dateCreated id="23">2004-02-02 00:00:00</dateCreated>
            <retired>false</retired>
            <conceptDatatypeId>2</conceptDatatypeId>
            <hl7Abbreviation>CWE</hl7Abbreviation>
          </datatype>
          <conceptClass id="24" resolves-to="org.openmrs.ConceptClass" uuid="8d491e50-c2cc-11de-8d13-0010c6dffd0f">
            <name>Question</name>
            <description>Question (eg, patient history, SF36 items)</description>
            <creator/>
            <dateCreated id="25">2004-03-01 22:00:00</dateCreated>
            <retired>false</retired>
            <conceptClassId>7</conceptClassId>
          </conceptClass>
          <set>false</set>
          <creator/>
          <dateCreated id="26">2017-05-24 15:56:00</dateCreated>
          <changedBy/>
          <dateChanged id="27">2017-05-25 11:56:38</dateChanged>
          <names class="set" id="28">
            <org.openmrs.ConceptName id="29" uuid="4ce097c4-ad73-4b82-94c8-004d7d41a904">
              <conceptNameId>28522</conceptNameId>
              <concept reference="21"/>
              <name>REGIME ARV SEGUNDA LINHA (CRIANÇA)</name>
              <locale id="30">pt</locale>
              <creator/>
              <dateCreated id="31">2017-05-24 15:56:00</dateCreated>
              <voided>true</voided>
              <voidedBy/>
              <dateVoided id="32">2017-05-25 11:55:07</dateVoided>
              <voidReason>Deleted due to change of name</voidReason>
              <tags class="set" id="33"/>
              <localePreferred>false</localePreferred>
            </org.openmrs.ConceptName>
            <org.openmrs.ConceptName id="34" uuid="f2be7b39-e726-473b-965d-ef00773a32a2">
              <conceptNameId>28523</conceptNameId>
              <concept reference="21"/>
              <name>ARV REGIMEN 2nd LINE (CHILD)</name>
              <locale id="35">en</locale>
              <creator/>
              <dateCreated id="36">2017-05-24 15:56:00</dateCreated>
              <voided>false</voided>
              <tags class="set" id="37"/>
              <conceptNameType>FULLY_SPECIFIED</conceptNameType>
              <localePreferred>true</localePreferred>
            </org.openmrs.ConceptName>
            <org.openmrs.ConceptName id="38" uuid="2e3666be-33af-4c8d-b702-29fa42208e1f">
              <conceptNameId>28527</conceptNameId>
              <concept reference="21"/>
              <name>REGIME ARV SEGUNDA LINHA (CRIAN&amp;Ccedil;A)</name>
              <locale id="39">pt</locale>
              <creator/>
              <dateCreated id="40">2017-05-25 11:55:07</dateCreated>
              <voided>false</voided>
              <tags class="set" id="41"/>
              <conceptNameType>FULLY_SPECIFIED</conceptNameType>
              <localePreferred>true</localePreferred>
            </org.openmrs.ConceptName>
          </names>
          <answers class="set" id="42">
            <org.openmrs.ConceptAnswer id="43" uuid="940c1f08-c99a-4680-ada4-f5f2c618cfaa">
              <conceptAnswerId>3656</conceptAnswerId>
              <concept reference="21"/>
              <answerConcept id="44" resolves-to="org.openmrs.Concept" uuid="daf60844-9002-403f-bd93-3838149a9a5e">
                <conceptId>21250</conceptId>
                <retired>false</retired>
                <datatype reference="3"/>
                <conceptClass id="45" resolves-to="org.openmrs.ConceptClass" uuid="8d490dfc-c2cc-11de-8d13-0010c6dffd0f">
                  <name>Drug</name>
                  <description>Drug</description>
                  <creator/>
                  <dateCreated id="46">2004-02-02 00:00:00</dateCreated>
                  <retired>false</retired>
                  <conceptClassId>3</conceptClassId>
                </conceptClass>
                <set>false</set>
                <creator/>
                <dateCreated id="47">2017-05-24 15:32:30</dateCreated>
                <changedBy/>
                <dateChanged id="48">2017-05-25 11:56:37</dateChanged>
                <names class="set" id="49">
                  <org.openmrs.ConceptName id="50" uuid="669e6aaf-e820-4735-a5c5-0ee485dd0c1c">
                    <conceptNameId>28514</conceptNameId>
                    <concept reference="44"/>
                    <name>AZT+3TC+LPV/r</name>
                    <locale id="51">en</locale>
                    <creator/>
                    <dateCreated id="52">2017-05-24 15:32:30</dateCreated>
                    <voided>false</voided>
                    <tags class="set" id="53"/>
                    <localePreferred>false</localePreferred>
                  </org.openmrs.ConceptName>
                  <org.openmrs.ConceptName id="54" uuid="2837e2f2-fccb-4aeb-b4fd-0ccaffab3f68">
                    <conceptNameId>28515</conceptNameId>
                    <concept reference="44"/>
                    <name>ZIDOVUDINE+LAMIVUDINE+LOPINAVIR/RITONAVIR</name>
                    <locale id="55">en</locale>
                    <creator/>
                    <dateCreated id="56">2017-05-24 15:32:30</dateCreated>
                    <voided>false</voided>
                    <tags class="set" id="57"/>
                    <conceptNameType>FULLY_SPECIFIED</conceptNameType>
                    <localePreferred>true</localePreferred>
                  </org.openmrs.ConceptName>
                  <org.openmrs.ConceptName id="58" uuid="057cbe79-04ea-463d-a84f-24a5fa35265f">
                    <conceptNameId>28516</conceptNameId>
                    <concept reference="44"/>
                    <name>ZIDOVUDINA+LAMIVUDINA+LOPINAVIR/RITONAVIR</name>
                    <locale id="59">pt</locale>
                    <creator/>
                    <dateCreated id="60">2017-05-24 15:32:30</dateCreated>
                    <voided>false</voided>
                    <tags class="set" id="61"/>
                    <conceptNameType>FULLY_SPECIFIED</conceptNameType>
                    <localePreferred>true</localePreferred>
                  </org.openmrs.ConceptName>
                  <org.openmrs.ConceptName id="62" uuid="8dfd8e13-7388-48d9-ab4a-32a3b66e7e05">
                    <conceptNameId>28517</conceptNameId>
                    <concept reference="44"/>
                    <name>AZT+3TC+LPV/r</name>
                    <locale id="63">pt</locale>
                    <creator/>
                    <dateCreated id="64">2017-05-24 15:32:30</dateCreated>
                    <voided>false</voided>
                    <tags class="set" id="65"/>
                    <localePreferred>false</localePreferred>
                  </org.openmrs.ConceptName>
                </names>
                <answers class="set" id="66"/>
                <conceptSets class="set" id="67"/>
                <descriptions class="set" id="68"/>
                <conceptMappings class="set" id="69">
                  <org.openmrs.ConceptMap id="70" uuid="f8710e46-7723-4325-a385-dc1d722d0904">
                    <conceptMapType id="71" uuid="35543629-7d8c-11e1-909d-c80aa9edcf4e">
                      <name>SAME-AS</name>
                      <creator/>
                      <dateCreated id="72">2015-03-21 22:00:00</dateCreated>
                      <changedBy/>
                      <dateChanged id="73">2017-05-24 14:31:48</dateChanged>
                      <retired>false</retired>
                      <conceptMapTypeId>1</conceptMapTypeId>
                      <isHidden>false</isHidden>
                    </conceptMapType>
                    <creator/>
                    <dateCreated id="74">2017-05-25 11:56:37</dateCreated>
                    <conceptMapId>34748</conceptMapId>
                    <concept reference="44"/>
                    <conceptReferenceTerm id="75" uuid="25d47993-3f92-449e-bf79-f9bc1fe669a3">
                      <creator/>
                      <dateCreated id="76">2017-05-25 11:56:37</dateCreated>
                      <retired>false</retired>
                      <conceptReferenceTermId>35286</conceptReferenceTermId>
                      <conceptSource id="77" uuid="919246ff-6bfc-42fc-8213-69d2d1ce0db7">
                        <name>eSaude</name>
                        <description>Mozambique eSaude concept dictionary</description>
                        <creator/>
                        <dateCreated id="78">2016-10-12 13:42:37</dateCreated>
                        <retired>false</retired>
                        <conceptSourceId>34</conceptSourceId>
                        <hl7Code>eSaude</hl7Code>
                      </conceptSource>
                      <code>21250</code>
                      <conceptReferenceTermMaps id="79"/>
                    </conceptReferenceTerm>
                  </org.openmrs.ConceptMap>
                </conceptMappings>
              </answerConcept>
              <creator/>
              <dateCreated id="80">2017-05-24 15:56:00</dateCreated>
              <sortWeight>6.0</sortWeight>
            </org.openmrs.ConceptAnswer>
            <org.openmrs.ConceptAnswer id="81" uuid="af25dd7a-53d8-4502-aa62-2d36f314495b">
              <conceptAnswerId>3657</conceptAnswerId>
              <concept reference="21"/>
              <answerConcept id="82" resolves-to="org.openmrs.Concept" uuid="78419317-cdda-42e9-92a3-13cb0cbf0020">
                <conceptId>6104</conceptId>
                <retired>false</retired>
                <datatype reference="3"/>
                <conceptClass reference="45"/>
                <set>false</set>
                <creator/>
                <dateCreated id="83">2011-01-21 15:47:13</dateCreated>
                <changedBy/>
                <dateChanged id="84">2017-05-24 14:21:02</dateChanged>
                <names class="set" id="85">
                  <org.openmrs.ConceptName id="86" uuid="a9231a40-4a3b-4d05-9586-9d9d68c82972">
                    <conceptNameId>6653</conceptNameId>
                    <concept reference="82"/>
                    <name>ABACAVIR+LAMIVUDINA+EFAVIRENZ</name>
                    <locale id="87">pt</locale>
                    <creator/>
                    <dateCreated id="88">2011-01-21 15:47:13</dateCreated>
                    <voided>false</voided>
                    <tags class="set" id="89"/>
                    <conceptNameType>FULLY_SPECIFIED</conceptNameType>
                    <localePreferred>false</localePreferred>
                  </org.openmrs.ConceptName>
                  <org.openmrs.ConceptName id="90" uuid="ba3be9ea-080d-441a-8103-fe84a938968b">
                    <conceptNameId>6651</conceptNameId>
                    <concept reference="82"/>
                    <name>ABC+3TC+EFV</name>
                    <locale id="91">pt</locale>
                    <creator/>
                    <dateCreated id="92">2011-01-21 15:47:13</dateCreated>
                    <voided>false</voided>
                    <tags class="set" id="93"/>
                    <localePreferred>true</localePreferred>
                  </org.openmrs.ConceptName>
                  <org.openmrs.ConceptName id="94" uuid="edb4cbe7-05dc-4782-a036-1746fc6212ae">
                    <conceptNameId>6652</conceptNameId>
                    <concept reference="82"/>
                    <name>ABACAVIR+LAMIVUDINE+EFAVIRENZ</name>
                    <locale id="95">en</locale>
                    <creator/>
                    <dateCreated id="96">2011-01-21 15:47:13</dateCreated>
                    <voided>false</voided>
                    <tags class="set" id="97"/>
                    <conceptNameType>FULLY_SPECIFIED</conceptNameType>
                    <localePreferred>true</localePreferred>
                  </org.openmrs.ConceptName>
                  <org.openmrs.ConceptName id="98" uuid="21830e88-9d61-4103-b643-6b3f7e483971">
                    <conceptNameId>6650</conceptNameId>
                    <concept reference="82"/>
                    <name>ABC+3TC+EFV</name>
                    <locale id="99">en</locale>
                    <creator/>
                    <dateCreated id="100">2011-01-21 13:47:13</dateCreated>
                    <voided>false</voided>
                    <tags class="set" id="101"/>
                    <localePreferred>false</localePreferred>
                  </org.openmrs.ConceptName>
                </names>
                <answers class="set" id="102"/>
                <conceptSets class="set" id="103"/>
                <descriptions class="set" id="104"/>
                <conceptMappings class="set" id="105">
                  <org.openmrs.ConceptMap id="106" uuid="76e601eb-a096-4fe7-968d-783a281c9143">
                    <conceptMapType reference="71"/>
                    <creator/>
                    <changedBy/>
                    <dateCreated id="107">2016-09-22 12:43:16</dateCreated>
                    <dateChanged id="108">2017-05-24 14:21:02</dateChanged>
                    <conceptMapId>34557</conceptMapId>
                    <concept reference="82"/>
                    <conceptReferenceTerm id="109" resolves-to="org.openmrs.ConceptReferenceTerm" uuid="9ab087f5-e034-48a5-8712-a1b7e4c1420f">
                      <creator/>
                      <dateCreated id="110">2016-09-22 12:43:16</dateCreated>
                      <changedBy/>
                      <dateChanged id="111">2017-05-24 14:21:02</dateChanged>
                      <retired>false</retired>
                      <conceptReferenceTermId>35123</conceptReferenceTermId>
                      <conceptSource reference="77"/>
                      <code>6104</code>
                      <conceptReferenceTermMaps id="112"/>
                    </conceptReferenceTerm>
                  </org.openmrs.ConceptMap>
                </conceptMappings>
              </answerConcept>
              <creator/>
              <dateCreated id="113">2017-05-24 15:56:00</dateCreated>
              <sortWeight>3.0</sortWeight>
            </org.openmrs.ConceptAnswer>
            <org.openmrs.ConceptAnswer id="114" uuid="451fc146-0dc6-4e97-8331-ea7250fa8a1d">
              <conceptAnswerId>3658</conceptAnswerId>
              <concept reference="21"/>
              <answerConcept id="115" resolves-to="org.openmrs.Concept" uuid="f808f602-bc43-4070-9390-c2ec3fd0bee2">
                <conceptId>6424</conceptId>
                <retired>false</retired>
                <datatype reference="3"/>
                <conceptClass reference="45"/>
                <set>false</set>
                <creator/>
                <dateCreated id="116">2016-02-22 16:42:34</dateCreated>
                <changedBy/>
                <dateChanged id="117">2017-05-24 14:21:02</dateChanged>
                <names class="set" id="118">
                  <org.openmrs.ConceptName id="119" uuid="52e5624d-0b18-4a83-b671-c90fff10df17">
                    <conceptNameId>7665</conceptNameId>
                    <concept reference="115"/>
                    <name>TDF+3TC+LPV/r</name>
                    <locale id="120">pt</locale>
                    <creator/>
                    <dateCreated id="121">2016-02-22 16:42:34</dateCreated>
                    <voided>false</voided>
                    <tags class="set" id="122"/>
                    <conceptNameType>FULLY_SPECIFIED</conceptNameType>
                    <localePreferred>true</localePreferred>
                  </org.openmrs.ConceptName>
                  <org.openmrs.ConceptName id="123" uuid="202e2b3b-61cc-431c-802f-73b215a86eed">
                    <conceptNameId>7666</conceptNameId>
                    <concept reference="115"/>
                    <name>TDF+3TC+LPV/r</name>
                    <locale id="124">en</locale>
                    <creator/>
                    <dateCreated id="125">2016-02-22 16:42:34</dateCreated>
                    <voided>false</voided>
                    <tags class="set" id="126"/>
                    <conceptNameType>FULLY_SPECIFIED</conceptNameType>
                    <localePreferred>true</localePreferred>
                  </org.openmrs.ConceptName>
                </names>
                <answers class="set" id="127"/>
                <conceptSets class="set" id="128"/>
                <descriptions class="set" id="129"/>
                <conceptMappings class="set" id="130">
                  <org.openmrs.ConceptMap id="131" uuid="17e1cf66-525e-45d0-bad2-20efe6cc7a10">
                    <conceptMapType reference="71"/>
                    <creator/>
                    <changedBy/>
                    <dateCreated id="132">2016-11-09 09:09:35</dateCreated>
                    <dateChanged id="133">2017-05-24 14:21:02</dateChanged>
                    <conceptMapId>34612</conceptMapId>
                    <concept reference="115"/>
                    <conceptReferenceTerm id="134" resolves-to="org.openmrs.ConceptReferenceTerm" uuid="66d858d2-89e2-44d6-9d20-4f3f0cf869c2">
                      <creator/>
                      <dateCreated id="135">2016-11-09 09:09:35</dateCreated>
                      <changedBy/>
                      <dateChanged id="136">2017-05-24 14:21:02</dateChanged>
                      <retired>false</retired>
                      <conceptReferenceTermId>35182</conceptReferenceTermId>
                      <conceptSource reference="77"/>
                      <code>6424</code>
                      <conceptReferenceTermMaps id="137"/>
                    </conceptReferenceTerm>
                  </org.openmrs.ConceptMap>
                </conceptMappings>
              </answerConcept>
              <creator/>
              <dateCreated id="138">2017-05-24 15:56:00</dateCreated>
              <sortWeight>5.0</sortWeight>
            </org.openmrs.ConceptAnswer>
            <org.openmrs.ConceptAnswer id="139" uuid="33979b4e-2918-43e9-b291-12be76a52d4f">
              <conceptAnswerId>3659</conceptAnswerId>
              <concept reference="21"/>
              <answerConcept id="140" resolves-to="org.openmrs.Concept" uuid="e11be52e-0da1-4d32-ab5c-e0feb9b6abd6">
                <conceptId>6105</conceptId>
                <retired>false</retired>
                <datatype reference="3"/>
                <conceptClass reference="45"/>
                <set>false</set>
                <creator/>
                <dateCreated id="141">2011-01-21 15:50:46</dateCreated>
                <changedBy/>
                <dateChanged id="142">2017-05-24 14:31:48</dateChanged>
                <names class="set" id="143">
                  <org.openmrs.ConceptName id="144" uuid="ed2cc8cd-a2cb-4f34-b36a-0f3176992901">
                    <conceptNameId>6655</conceptNameId>
                    <concept reference="140"/>
                    <name>ABC+3TC+NVP</name>
                    <locale id="145">en</locale>
                    <creator/>
                    <dateCreated id="146">2011-01-21 13:50:46</dateCreated>
                    <voided>false</voided>
                    <tags class="set" id="147"/>
                    <localePreferred>false</localePreferred>
                  </org.openmrs.ConceptName>
                  <org.openmrs.ConceptName id="148" uuid="f4bdc6cf-41b5-4417-8ab8-14093d6077af">
                    <conceptNameId>6654</conceptNameId>
                    <concept reference="140"/>
                    <name>ABACAVIR+LAMIVUDINE+NEVIRAPINE</name>
                    <locale id="149">en</locale>
                    <creator/>
                    <dateCreated id="150">2011-01-21 15:50:46</dateCreated>
                    <voided>false</voided>
                    <tags class="set" id="151"/>
                    <conceptNameType>FULLY_SPECIFIED</conceptNameType>
                    <localePreferred>true</localePreferred>
                  </org.openmrs.ConceptName>
                  <org.openmrs.ConceptName id="152" uuid="9f60f44d-1433-4805-b0b7-aefc04293f85">
                    <conceptNameId>6656</conceptNameId>
                    <concept reference="140"/>
                    <name>ABACAVIR+LAMIVUDINA+NEVIRAPINA</name>
                    <locale id="153">pt</locale>
                    <creator/>
                    <dateCreated id="154">2011-01-21 15:50:46</dateCreated>
                    <voided>false</voided>
                    <tags class="set" id="155"/>
                    <conceptNameType>FULLY_SPECIFIED</conceptNameType>
                    <localePreferred>false</localePreferred>
                  </org.openmrs.ConceptName>
                  <org.openmrs.ConceptName id="156" uuid="fddad284-113e-414c-b426-268e85fc939a">
                    <conceptNameId>6657</conceptNameId>
                    <concept reference="140"/>
                    <name>ABC+3TC+NVP</name>
                    <locale id="157">pt</locale>
                    <creator/>
                    <dateCreated id="158">2011-01-21 15:50:46</dateCreated>
                    <voided>false</voided>
                    <tags class="set" id="159"/>
                    <localePreferred>true</localePreferred>
                  </org.openmrs.ConceptName>
                </names>
                <answers class="set" id="160"/>
                <conceptSets class="set" id="161"/>
                <descriptions class="set" id="162"/>
                <conceptMappings class="set" id="163">
                  <org.openmrs.ConceptMap id="164" uuid="6965b434-d49b-4d1d-b953-7da4f2754721">
                    <conceptMapType reference="71"/>
                    <creator/>
                    <changedBy/>
                    <dateCreated id="165">2016-09-22 12:43:16</dateCreated>
                    <dateChanged id="166">2017-05-24 14:31:48</dateChanged>
                    <conceptMapId>34544</conceptMapId>
                    <concept reference="140"/>
                    <conceptReferenceTerm id="167" resolves-to="org.openmrs.ConceptReferenceTerm" uuid="fb6bbc72-402f-45b9-a583-f942341b3ec9">
                      <creator/>
                      <dateCreated id="168">2016-09-22 12:43:16</dateCreated>
                      <changedBy/>
                      <dateChanged id="169">2017-05-24 14:31:48</dateChanged>
                      <retired>false</retired>
                      <conceptReferenceTermId>35124</conceptReferenceTermId>
                      <conceptSource reference="77"/>
                      <code>6105</code>
                      <conceptReferenceTermMaps id="170"/>
                    </conceptReferenceTerm>
                  </org.openmrs.ConceptMap>
                </conceptMappings>
              </answerConcept>
              <creator/>
              <dateCreated id="171">2017-05-24 15:56:00</dateCreated>
              <sortWeight>1.0</sortWeight>
            </org.openmrs.ConceptAnswer>
            <org.openmrs.ConceptAnswer id="172" uuid="46397ee2-7685-4791-96be-b3b24bbe4316">
              <conceptAnswerId>3660</conceptAnswerId>
              <concept reference="21"/>
              <answerConcept id="173" resolves-to="org.openmrs.Concept" uuid="e1de19fe-1d5f-11e0-b929-000c29ad1d07">
                <conceptId>1703</conceptId>
                <retired>false</retired>
                <datatype reference="3"/>
                <conceptClass reference="45"/>
                <set>false</set>
                <creator/>
                <dateCreated id="174">2008-10-25 13:58:08</dateCreated>
                <changedBy/>
                <dateChanged id="175">2017-05-24 14:21:02</dateChanged>
                <names class="set" id="176">
                  <org.openmrs.ConceptName id="177" uuid="e25d730c-1d5f-11e0-b929-000c29ad1d07">
                    <conceptNameId>5098</conceptNameId>
                    <concept reference="173"/>
                    <name>AZT+3TC+EFV</name>
                    <locale id="178">pt</locale>
                    <creator/>
                    <dateCreated id="179">2008-10-25 11:58:08</dateCreated>
                    <voided>false</voided>
                    <tags class="set" id="180"/>
                    <conceptNameType>SHORT</conceptNameType>
                    <localePreferred>false</localePreferred>
                  </org.openmrs.ConceptName>
                  <org.openmrs.ConceptName id="181" uuid="e24e1e3e-1d5f-11e0-b929-000c29ad1d07">
                    <conceptNameId>3131</conceptNameId>
                    <concept reference="173"/>
                    <name>ZIDOVUDINA + LAMIVUDINA + EFAVIRENZ</name>
                    <locale id="182">pt</locale>
                    <creator/>
                    <dateCreated id="183">2008-10-25 13:58:08</dateCreated>
                    <voided>false</voided>
                    <tags class="set" id="184"/>
                    <conceptNameType>FULLY_SPECIFIED</conceptNameType>
                    <localePreferred>true</localePreferred>
                  </org.openmrs.ConceptName>
                  <org.openmrs.ConceptName id="185" uuid="e24e242e-1d5f-11e0-b929-000c29ad1d07">
                    <conceptNameId>3132</conceptNameId>
                    <concept reference="173"/>
                    <name>ZIDOVUDINE + LAMIVUDINE + EFAVIRENZ</name>
                    <locale id="186">en</locale>
                    <creator/>
                    <dateCreated id="187">2008-10-25 13:58:08</dateCreated>
                    <voided>false</voided>
                    <tags class="set" id="188"/>
                    <conceptNameType>FULLY_SPECIFIED</conceptNameType>
                    <localePreferred>true</localePreferred>
                  </org.openmrs.ConceptName>
                  <org.openmrs.ConceptName id="189" uuid="e25fbe96-1d5f-11e0-b929-000c29ad1d07">
                    <conceptNameId>5491</conceptNameId>
                    <concept reference="173"/>
                    <name>AZT+3TC+EFV</name>
                    <locale id="190">en</locale>
                    <creator/>
                    <dateCreated id="191">2008-10-25 14:07:36</dateCreated>
                    <voided>true</voided>
                    <voidedBy/>
                    <dateVoided id="192">2011-01-11 02:00:00</dateVoided>
                    <voidReason>Duplicate name in locale</voidReason>
                    <tags class="set" id="193"/>
                    <localePreferred>false</localePreferred>
                  </org.openmrs.ConceptName>
                  <org.openmrs.ConceptName id="194" uuid="e25d75c8-1d5f-11e0-b929-000c29ad1d07">
                    <conceptNameId>5099</conceptNameId>
                    <concept reference="173"/>
                    <name>AZT+3TC+EFV</name>
                    <locale id="195">en</locale>
                    <creator/>
                    <dateCreated id="196">2008-10-25 11:58:08</dateCreated>
                    <voided>false</voided>
                    <tags class="set" id="197"/>
                    <conceptNameType>SHORT</conceptNameType>
                    <localePreferred>false</localePreferred>
                  </org.openmrs.ConceptName>
                </names>
                <answers class="set" id="198"/>
                <conceptSets class="set" id="199"/>
                <descriptions class="set" id="200"/>
                <conceptMappings class="set" id="201">
                  <org.openmrs.ConceptMap id="202" uuid="4ba9993d-9143-4101-9790-f1f2a266649c">
                    <conceptMapType reference="71"/>
                    <creator/>
                    <changedBy/>
                    <dateCreated id="203">2016-09-22 12:43:15</dateCreated>
                    <dateChanged id="204">2017-05-24 14:21:02</dateChanged>
                    <conceptMapId>34572</conceptMapId>
                    <concept reference="173"/>
                    <conceptReferenceTerm id="205" resolves-to="org.openmrs.ConceptReferenceTerm" uuid="dd4291f6-db77-4a28-acca-e838c10fb734">
                      <creator/>
                      <dateCreated id="206">2016-09-22 12:43:15</dateCreated>
                      <changedBy/>
                      <dateChanged id="207">2017-05-24 14:21:02</dateChanged>
                      <retired>false</retired>
                      <conceptReferenceTermId>35115</conceptReferenceTermId>
                      <conceptSource reference="77"/>
                      <code>1703</code>
                      <conceptReferenceTermMaps id="208"/>
                    </conceptReferenceTerm>
                  </org.openmrs.ConceptMap>
                </conceptMappings>
              </answerConcept>
              <creator/>
              <dateCreated id="209">2017-05-24 15:56:00</dateCreated>
              <sortWeight>4.0</sortWeight>
            </org.openmrs.ConceptAnswer>
            <org.openmrs.ConceptAnswer id="210" uuid="626b6259-d80d-4a54-8cd0-d3ebd58bfc53">
              <conceptAnswerId>3661</conceptAnswerId>
              <concept reference="21"/>
              <answerConcept id="211" resolves-to="org.openmrs.Concept" uuid="e1da2d30-1d5f-11e0-b929-000c29ad1d07">
                <conceptId>1311</conceptId>
                <retired>false</retired>
                <datatype reference="3"/>
                <conceptClass reference="45"/>
                <set>false</set>
                <version>0.1</version>
                <creator/>
                <dateCreated id="212">2006-06-06 12:19:52</dateCreated>
                <changedBy/>
                <dateChanged id="213">2017-05-25 11:56:38</dateChanged>
                <names class="set" id="214">
                  <org.openmrs.ConceptName id="215" uuid="e2408918-1d5f-11e0-b929-000c29ad1d07">
                    <conceptNameId>1309</conceptNameId>
                    <concept reference="211"/>
                    <name>&lt;1:2</name>
                    <locale id="216">en</locale>
                    <creator/>
                    <dateCreated id="217">2006-06-06 12:19:52</dateCreated>
                    <voided>true</voided>
                    <voidedBy/>
                    <dateVoided id="218">2015-07-01 08:39:11</dateVoided>
                    <voidReason>Anulada devido à mudança de nome</voidReason>
                    <tags class="set" id="219"/>
                    <localePreferred>false</localePreferred>
                  </org.openmrs.ConceptName>
                  <org.openmrs.ConceptName id="220" uuid="7db8a5aa-9a43-455e-b586-2c00ac09fe5e">
                    <conceptNameId>7413</conceptNameId>
                    <concept reference="211"/>
                    <name>ABC+3TC+NVP (2and regimen)</name>
                    <locale id="221">en</locale>
                    <creator/>
                    <dateCreated id="222">2015-07-01 08:39:11</dateCreated>
                    <voided>true</voided>
                    <voidedBy/>
                    <dateVoided id="223">2015-07-01 08:42:54</dateVoided>
                    <voidReason>Anulada devido à mudança de nome</voidReason>
                    <tags class="set" id="224"/>
                    <localePreferred>false</localePreferred>
                  </org.openmrs.ConceptName>
                  <org.openmrs.ConceptName id="225" uuid="de968af1-85c7-454c-a924-4d66dc11e18b">
                    <conceptNameId>7415</conceptNameId>
                    <concept reference="211"/>
                    <name>ABC+3TC+LPV/r (2and regimen)</name>
                    <locale id="226">en</locale>
                    <creator/>
                    <dateCreated id="227">2015-07-01 08:42:54</dateCreated>
                    <voided>false</voided>
                    <tags class="set" id="228"/>
                    <conceptNameType>FULLY_SPECIFIED</conceptNameType>
                    <localePreferred>true</localePreferred>
                  </org.openmrs.ConceptName>
                  <org.openmrs.ConceptName id="229" uuid="6c3113d6-3a77-47c9-a25b-dcba576597ae">
                    <conceptNameId>7412</conceptNameId>
                    <concept reference="211"/>
                    <name>ABC+3TC+LPV/r (2ª Linha)</name>
                    <locale id="230">pt</locale>
                    <creator/>
                    <dateCreated id="231">2015-07-01 08:39:11</dateCreated>
                    <voided>false</voided>
                    <tags class="set" id="232"/>
                    <conceptNameType>FULLY_SPECIFIED</conceptNameType>
                    <localePreferred>true</localePreferred>
                  </org.openmrs.ConceptName>
                </names>
                <answers class="set" id="233"/>
                <conceptSets class="set" id="234"/>
                <descriptions class="set" id="235"/>
                <conceptMappings class="set" id="236">
                  <org.openmrs.ConceptMap id="237" uuid="9c606088-37c6-46aa-b9c5-97484d427a0d">
                    <conceptMapType reference="71"/>
                    <creator/>
                    <dateCreated id="238">2017-05-25 11:56:38</dateCreated>
                    <conceptMapId>34750</conceptMapId>
                    <concept reference="211"/>
                    <conceptReferenceTerm id="239" uuid="0349525c-92ad-4ab8-8309-122aca208d2c">
                      <creator/>
                      <dateCreated id="240">2017-05-25 11:56:37</dateCreated>
                      <retired>false</retired>
                      <conceptReferenceTermId>35288</conceptReferenceTermId>
                      <conceptSource reference="77"/>
                      <code>1311</code>
                      <conceptReferenceTermMaps id="241"/>
                    </conceptReferenceTerm>
                  </org.openmrs.ConceptMap>
                </conceptMappings>
              </answerConcept>
              <creator/>
              <dateCreated id="242">2017-05-24 15:56:00</dateCreated>
              <sortWeight>2.0</sortWeight>
            </org.openmrs.ConceptAnswer>
          </answers>
          <conceptSets class="set" id="243"/>
          <descriptions class="set" id="244">
            <org.openmrs.ConceptDescription id="245" uuid="08dcb918-f930-4694-bc39-e906592cd4e0">
              <conceptDescriptionId>5715</conceptDescriptionId>
              <concept reference="21"/>
              <description>Grupo de regimes ARV da 2a linha terapeutica de crian&amp;ccedil;as</description>
              <locale id="246">pt</locale>
              <creator/>
              <dateCreated id="247">2017-05-24 15:56:00</dateCreated>
              <changedBy/>
              <dateChanged id="248">2017-05-25 11:55:07</dateChanged>
            </org.openmrs.ConceptDescription>
            <org.openmrs.ConceptDescription id="249" uuid="d5bb329d-4904-4823-957f-bcefcd61aa16">
              <conceptDescriptionId>5716</conceptDescriptionId>
              <concept reference="21"/>
              <description>Regimen group for ARV drugs of 2nd therapeutic line for children</description>
              <locale id="250">en</locale>
              <creator/>
              <dateCreated id="251">2017-05-24 15:56:00</dateCreated>
            </org.openmrs.ConceptDescription>
          </descriptions>
          <conceptMappings class="set" id="252">
            <org.openmrs.ConceptMap id="253" uuid="9e78c242-92be-4711-9d04-fa28e879104b">
              <conceptMapType reference="71"/>
              <creator/>
              <dateCreated id="254">2017-05-25 11:56:38</dateCreated>
              <conceptMapId>34753</conceptMapId>
              <concept reference="21"/>
              <conceptReferenceTerm id="255" uuid="a562657b-3af6-4e56-849c-7cca708bce64">
                <creator/>
                <dateCreated id="256">2017-05-25 11:56:38</dateCreated>
                <retired>false</retired>
                <conceptReferenceTermId>35291</conceptReferenceTermId>
                <conceptSource reference="77"/>
                <code>21253</code>
                <conceptReferenceTermMaps id="257"/>
              </conceptReferenceTerm>
            </org.openmrs.ConceptMap>
          </conceptMappings>
        </concept>
        <conceptSet reference="2"/>
        <sortWeight>4.0</sortWeight>
        <creator/>
        <dateCreated id="258">2017-05-25 11:51:34</dateCreated>
      </org.openmrs.ConceptSet>
      <org.openmrs.ConceptSet id="259" uuid="3ac66b4f-aa5d-4488-9835-862ecdd4a625">
        <conceptSetId>721</conceptSetId>
        <concept id="260" resolves-to="org.openmrs.Concept" uuid="4281f035-183f-407d-8286-92613f3039c8">
          <conceptId>21251</conceptId>
          <retired>false</retired>
          <datatype reference="22"/>
          <conceptClass reference="24"/>
          <set>false</set>
          <creator/>
          <dateCreated id="261">2017-05-24 15:41:47</dateCreated>
          <changedBy/>
          <dateChanged id="262">2017-05-25 11:56:38</dateChanged>
          <names class="set" id="263">
            <org.openmrs.ConceptName id="264" uuid="bb0a7640-c18c-4609-b65c-c743784b32fa">
              <conceptNameId>28518</conceptNameId>
              <concept reference="260"/>
              <name>REGIME ARV TERCEIRA LINHA (ADULTO)</name>
              <locale id="265">pt</locale>
              <creator/>
              <dateCreated id="266">2017-05-24 15:41:47</dateCreated>
              <voided>false</voided>
              <tags class="set" id="267"/>
              <conceptNameType>FULLY_SPECIFIED</conceptNameType>
              <localePreferred>true</localePreferred>
            </org.openmrs.ConceptName>
            <org.openmrs.ConceptName id="268" uuid="3a48099b-2440-4f09-a9eb-9f08b957df63">
              <conceptNameId>28519</conceptNameId>
              <concept reference="260"/>
              <name>ARV REGIMEN 3rd LINE (ADULT)</name>
              <locale id="269">en</locale>
              <creator/>
              <dateCreated id="270">2017-05-24 15:41:47</dateCreated>
              <voided>false</voided>
              <tags class="set" id="271"/>
              <conceptNameType>FULLY_SPECIFIED</conceptNameType>
              <localePreferred>true</localePreferred>
            </org.openmrs.ConceptName>
          </names>
          <answers class="set" id="272">
            <org.openmrs.ConceptAnswer id="273" uuid="467367ad-1a23-45f4-b97b-befd9cffd621">
              <conceptAnswerId>3650</conceptAnswerId>
              <concept reference="260"/>
              <answerConcept id="274" resolves-to="org.openmrs.Concept" uuid="e1d3d4da-1d5f-11e0-b929-000c29ad1d07">
                <conceptId>630</conceptId>
                <retired>false</retired>
                <datatype reference="3"/>
                <conceptClass reference="45"/>
                <set>false</set>
                <creator/>
                <dateCreated id="275">2004-01-01 00:00:00</dateCreated>
                <changedBy/>
                <dateChanged id="276">2017-05-24 14:21:02</dateChanged>
                <names class="set" id="277">
                  <org.openmrs.ConceptName id="278" uuid="e25fadf2-1d5f-11e0-b929-000c29ad1d07">
                    <conceptNameId>5490</conceptNameId>
                    <concept reference="274"/>
                    <name>AZT+3TC</name>
                    <locale id="279">en</locale>
                    <creator/>
                    <dateCreated id="280">2008-10-16 16:26:07</dateCreated>
                    <voided>false</voided>
                    <tags class="set" id="281"/>
                    <localePreferred>false</localePreferred>
                  </org.openmrs.ConceptName>
                  <org.openmrs.ConceptName id="282" uuid="e23c4092-1d5f-11e0-b929-000c29ad1d07">
                    <conceptNameId>630</conceptNameId>
                    <concept reference="274"/>
                    <name>ZIDOVUDINE AND LAMIVUDINE</name>
                    <locale id="283">en</locale>
                    <creator/>
                    <dateCreated id="284">2004-01-01 00:00:00</dateCreated>
                    <voided>false</voided>
                    <tags class="set" id="285"/>
                    <conceptNameType>FULLY_SPECIFIED</conceptNameType>
                    <localePreferred>true</localePreferred>
                  </org.openmrs.ConceptName>
                  <org.openmrs.ConceptName id="286" uuid="e26044c4-1d5f-11e0-b929-000c29ad1d07">
                    <conceptNameId>5619</conceptNameId>
                    <concept reference="274"/>
                    <name>COMBIVIR</name>
                    <locale id="287">en</locale>
                    <creator/>
                    <dateCreated id="288">2005-01-21 00:00:00</dateCreated>
                    <voided>false</voided>
                    <tags class="set" id="289"/>
                    <localePreferred>false</localePreferred>
                  </org.openmrs.ConceptName>
                  <org.openmrs.ConceptName id="290" uuid="e24cdd12-1d5f-11e0-b929-000c29ad1d07">
                    <conceptNameId>2884</conceptNameId>
                    <concept reference="274"/>
                    <name>ZIDOVUDINA + LAMIVUDINA</name>
                    <locale id="291">pt</locale>
                    <creator/>
                    <dateCreated id="292">2008-10-16 16:24:58</dateCreated>
                    <voided>false</voided>
                    <tags class="set" id="293"/>
                    <conceptNameType>FULLY_SPECIFIED</conceptNameType>
                    <localePreferred>true</localePreferred>
                  </org.openmrs.ConceptName>
                </names>
                <answers class="set" id="294"/>
                <conceptSets class="set" id="295"/>
                <descriptions class="set" id="296">
                  <org.openmrs.ConceptDescription id="297" uuid="e21d4fde-1d5f-11e0-b929-000c29ad1d07">
                    <conceptDescriptionId>629</conceptDescriptionId>
                    <concept reference="274"/>
                    <description>Antiretroviral combination drug (Zidovudine &amp; Lamivudine)</description>
                    <locale id="298">en</locale>
                    <creator/>
                    <dateCreated id="299">2004-01-01 00:00:00</dateCreated>
                    <changedBy/>
                    <dateChanged id="300">2017-05-24 14:21:02</dateChanged>
                  </org.openmrs.ConceptDescription>
                  <org.openmrs.ConceptDescription id="301" uuid="e22c3198-1d5f-11e0-b929-000c29ad1d07">
                    <conceptDescriptionId>2497</conceptDescriptionId>
                    <concept reference="274"/>
                    <description>Combinação de drogas anti-retrovirais (zidovudina e lamivudina).</description>
                    <locale id="302">pt</locale>
                    <creator/>
                    <dateCreated id="303">2008-10-16 16:24:58</dateCreated>
                    <changedBy/>
                    <dateChanged id="304">2017-05-24 14:21:02</dateChanged>
                  </org.openmrs.ConceptDescription>
                </descriptions>
                <conceptMappings class="set" id="305">
                  <org.openmrs.ConceptMap id="306" uuid="05dad9bf-6605-4601-8c51-b2a4a9fa7602">
                    <conceptMapType reference="71"/>
                    <creator/>
                    <changedBy/>
                    <dateCreated id="307">2016-09-22 12:43:16</dateCreated>
                    <dateChanged id="308">2017-05-24 14:21:02</dateChanged>
                    <conceptMapId>34571</conceptMapId>
                    <concept reference="274"/>
                    <conceptReferenceTerm id="309" resolves-to="org.openmrs.ConceptReferenceTerm" uuid="98fa21f8-1e2b-4bc6-9e50-426db3cdeb65">
                      <creator/>
                      <dateCreated id="310">2016-09-22 12:43:16</dateCreated>
                      <changedBy/>
                      <dateChanged id="311">2017-05-24 14:21:02</dateChanged>
                      <retired>false</retired>
                      <conceptReferenceTermId>35117</conceptReferenceTermId>
                      <conceptSource reference="77"/>
                      <code>630</code>
                      <conceptReferenceTermMaps id="312"/>
                    </conceptReferenceTerm>
                  </org.openmrs.ConceptMap>
                </conceptMappings>
              </answerConcept>
              <creator/>
              <dateCreated id="313">2017-05-24 15:41:47</dateCreated>
            </org.openmrs.ConceptAnswer>
          </answers>
          <conceptSets class="set" id="314"/>
          <descriptions class="set" id="315">
            <org.openmrs.ConceptDescription id="316" uuid="33e74010-e468-44b4-8595-4e53a8011bfd">
              <conceptDescriptionId>5711</conceptDescriptionId>
              <concept reference="260"/>
              <description>Regimen group for ARV drugs of 3rd therapeutic line for adults</description>
              <locale id="317">en</locale>
              <creator/>
              <dateCreated id="318">2017-05-24 15:41:47</dateCreated>
            </org.openmrs.ConceptDescription>
            <org.openmrs.ConceptDescription id="319" uuid="ae962aa3-82ba-44f3-9cc5-e7b5454e4507">
              <conceptDescriptionId>5712</conceptDescriptionId>
              <concept reference="260"/>
              <description>Grupo de regimes ARV da 3a linha terapeutica de adultos</description>
              <locale id="320">pt</locale>
              <creator/>
              <dateCreated id="321">2017-05-24 15:41:47</dateCreated>
            </org.openmrs.ConceptDescription>
          </descriptions>
          <conceptMappings class="set" id="322">
            <org.openmrs.ConceptMap id="323" uuid="ea5b2ef4-5dfd-43d4-9053-1b86080a8e13">
              <conceptMapType reference="71"/>
              <creator/>
              <dateCreated id="324">2017-05-25 11:56:38</dateCreated>
              <conceptMapId>34751</conceptMapId>
              <concept reference="260"/>
              <conceptReferenceTerm id="325" uuid="59d1ebd7-8b4b-4d8b-aa10-3ef953571172">
                <creator/>
                <dateCreated id="326">2017-05-25 11:56:38</dateCreated>
                <retired>false</retired>
                <conceptReferenceTermId>35289</conceptReferenceTermId>
                <conceptSource reference="77"/>
                <code>21251</code>
                <conceptReferenceTermMaps id="327"/>
              </conceptReferenceTerm>
            </org.openmrs.ConceptMap>
          </conceptMappings>
        </concept>
        <conceptSet reference="2"/>
        <sortWeight>2.0</sortWeight>
        <creator/>
        <dateCreated id="328">2017-05-25 11:51:34</dateCreated>
      </org.openmrs.ConceptSet>
      <org.openmrs.ConceptSet id="329" uuid="c5f1a3c2-eefc-4cd0-9bc0-32fd2d7db1e1">
        <conceptSetId>719</conceptSetId>
        <concept id="330" resolves-to="org.openmrs.Concept" uuid="dde41a1c-6cb9-45ef-a315-6ac35456e7c1">
          <conceptId>21248</conceptId>
          <retired>false</retired>
          <datatype reference="22"/>
          <conceptClass reference="24"/>
          <set>false</set>
          <creator/>
          <dateCreated id="331">2017-05-24 14:52:39</dateCreated>
          <changedBy/>
          <dateChanged id="332">2017-05-25 11:56:37</dateChanged>
          <names class="set" id="333">
            <org.openmrs.ConceptName id="334" uuid="392e12bb-ece0-4624-98a1-2acc90b5d1e9">
              <conceptNameId>28510</conceptNameId>
              <concept reference="330"/>
              <name>ARV REGIMEN 1st LINE (ADULT)</name>
              <locale id="335">en</locale>
              <creator/>
              <dateCreated id="336">2017-05-24 14:52:39</dateCreated>
              <voided>false</voided>
              <tags class="set" id="337"/>
              <conceptNameType>FULLY_SPECIFIED</conceptNameType>
              <localePreferred>true</localePreferred>
            </org.openmrs.ConceptName>
            <org.openmrs.ConceptName id="338" uuid="4f9b9828-35f4-430b-a560-23ce3f0ae49a">
              <conceptNameId>28511</conceptNameId>
              <concept reference="330"/>
              <name>REGIME ARV PRIMEIRA LINHA (ADULTO)</name>
              <locale id="339">pt</locale>
              <creator/>
              <dateCreated id="340">2017-05-24 14:52:39</dateCreated>
              <voided>false</voided>
              <tags class="set" id="341"/>
              <conceptNameType>FULLY_SPECIFIED</conceptNameType>
              <localePreferred>true</localePreferred>
            </org.openmrs.ConceptName>
          </names>
          <answers class="set" id="342">
            <org.openmrs.ConceptAnswer id="343" uuid="fa08a032-53b5-44a7-9543-481e92b471fc">
              <conceptAnswerId>3640</conceptAnswerId>
              <concept reference="330"/>
              <answerConcept reference="82"/>
              <creator/>
              <dateCreated id="344">2017-05-24 14:52:39</dateCreated>
              <sortWeight>3.0</sortWeight>
            </org.openmrs.ConceptAnswer>
            <org.openmrs.ConceptAnswer id="345" uuid="5d31cc56-5861-4459-9760-31fe7ee6c038">
              <conceptAnswerId>3648</conceptAnswerId>
              <concept reference="330"/>
              <answerConcept reference="44"/>
              <creator/>
              <dateCreated id="346">2017-05-24 15:35:52</dateCreated>
              <sortWeight>5.0</sortWeight>
            </org.openmrs.ConceptAnswer>
            <org.openmrs.ConceptAnswer id="347" uuid="76e68ab7-d8ea-4630-bad7-c5be6fab9f05">
              <conceptAnswerId>3641</conceptAnswerId>
              <concept reference="330"/>
              <answerConcept id="348" resolves-to="org.openmrs.Concept" uuid="e1dd2f44-1d5f-11e0-b929-000c29ad1d07">
                <conceptId>1651</conceptId>
                <retired>false</retired>
                <datatype reference="3"/>
                <conceptClass reference="45"/>
                <set>false</set>
                <creator/>
                <dateCreated id="349">2008-10-18 09:43:29</dateCreated>
                <changedBy/>
                <dateChanged id="350">2017-05-24 14:21:02</dateChanged>
                <names class="set" id="351">
                  <org.openmrs.ConceptName id="352" uuid="e24d501c-1d5f-11e0-b929-000c29ad1d07">
                    <conceptNameId>2985</conceptNameId>
                    <concept reference="348"/>
                    <name>ZIDOVUDINE + LAMIVUDINE + NEVIRAPINE</name>
                    <locale id="353">en</locale>
                    <creator/>
                    <dateCreated id="354">2008-10-18 09:43:29</dateCreated>
                    <voided>false</voided>
                    <tags class="set" id="355"/>
                    <conceptNameType>FULLY_SPECIFIED</conceptNameType>
                    <localePreferred>true</localePreferred>
                  </org.openmrs.ConceptName>
                  <org.openmrs.ConceptName id="356" uuid="e24d5102-1d5f-11e0-b929-000c29ad1d07">
                    <conceptNameId>2986</conceptNameId>
                    <concept reference="348"/>
                    <name>ZIDOVUDINA + LAMIVUDINA + NEVIRAPINA</name>
                    <locale id="357">pt</locale>
                    <creator/>
                    <dateCreated id="358">2008-10-18 09:53:11</dateCreated>
                    <voided>false</voided>
                    <tags class="set" id="359"/>
                    <conceptNameType>FULLY_SPECIFIED</conceptNameType>
                    <localePreferred>false</localePreferred>
                  </org.openmrs.ConceptName>
                  <org.openmrs.ConceptName id="360" uuid="79a485b5-b833-411d-8451-54dbdfe34921">
                    <conceptNameId>6719</conceptNameId>
                    <concept reference="348"/>
                    <name>AZT+3TC+NVP</name>
                    <locale id="361">pt</locale>
                    <creator/>
                    <dateCreated id="362">2011-01-24 14:14:37</dateCreated>
                    <voided>false</voided>
                    <tags class="set" id="363"/>
                    <localePreferred>true</localePreferred>
                  </org.openmrs.ConceptName>
                  <org.openmrs.ConceptName id="364" uuid="e25d98d2-1d5f-11e0-b929-000c29ad1d07">
                    <conceptNameId>5102</conceptNameId>
                    <concept reference="348"/>
                    <name>AZT+3TC+NVP</name>
                    <locale id="365">en</locale>
                    <creator/>
                    <dateCreated id="366">2008-10-18 09:43:29</dateCreated>
                    <voided>false</voided>
                    <tags class="set" id="367"/>
                    <conceptNameType>SHORT</conceptNameType>
                    <localePreferred>false</localePreferred>
                  </org.openmrs.ConceptName>
                  <org.openmrs.ConceptName id="368" uuid="e25fc152-1d5f-11e0-b929-000c29ad1d07">
                    <conceptNameId>5494</conceptNameId>
                    <concept reference="348"/>
                    <name>AZT+3TC+NVP</name>
                    <locale id="369">en</locale>
                    <creator/>
                    <dateCreated id="370">2008-10-18 09:52:46</dateCreated>
                    <voided>true</voided>
                    <voidedBy/>
                    <dateVoided id="371">2011-01-11 00:00:00</dateVoided>
                    <voidReason>Duplicate name in locale</voidReason>
                    <tags class="set" id="372"/>
                    <localePreferred>false</localePreferred>
                  </org.openmrs.ConceptName>
                </names>
                <answers class="set" id="373"/>
                <conceptSets class="set" id="374"/>
                <descriptions class="set" id="375"/>
                <conceptMappings class="set" id="376">
                  <org.openmrs.ConceptMap id="377" uuid="adabeecf-05dd-4686-b9a6-acb9eaa9dfe1">
                    <conceptMapType reference="71"/>
                    <creator/>
                    <changedBy/>
                    <dateCreated id="378">2016-09-22 12:43:15</dateCreated>
                    <dateChanged id="379">2017-05-24 14:21:02</dateChanged>
                    <conceptMapId>34533</conceptMapId>
                    <concept reference="348"/>
                    <conceptReferenceTerm id="380" resolves-to="org.openmrs.ConceptReferenceTerm" uuid="1dfe8729-9bd4-4fb0-9239-cadd623136b0">
                      <creator/>
                      <dateCreated id="381">2016-09-22 12:43:15</dateCreated>
                      <changedBy/>
                      <dateChanged id="382">2017-05-24 14:21:02</dateChanged>
                      <retired>false</retired>
                      <conceptReferenceTermId>35109</conceptReferenceTermId>
                      <conceptSource reference="77"/>
                      <code>1651</code>
                      <conceptReferenceTermMaps id="383"/>
                    </conceptReferenceTerm>
                  </org.openmrs.ConceptMap>
                </conceptMappings>
              </answerConcept>
              <creator/>
              <dateCreated id="384">2017-05-24 14:52:39</dateCreated>
              <sortWeight>2.0</sortWeight>
            </org.openmrs.ConceptAnswer>
            <org.openmrs.ConceptAnswer id="385" uuid="4b12a9f3-1a6b-448a-a07b-4383a9be1c3b">
              <conceptAnswerId>3642</conceptAnswerId>
              <concept reference="330"/>
              <answerConcept reference="173"/>
              <creator/>
              <dateCreated id="386">2017-05-24 14:52:39</dateCreated>
              <sortWeight>4.0</sortWeight>
            </org.openmrs.ConceptAnswer>
            <org.openmrs.ConceptAnswer id="387" uuid="bf765020-d3f6-4eab-b6cf-6a051808fa38">
              <conceptAnswerId>3643</conceptAnswerId>
              <concept reference="330"/>
              <answerConcept id="388" resolves-to="org.openmrs.Concept" uuid="9dc17c1b-7b6d-488e-a38d-505a7b65ec82">
                <conceptId>6324</conceptId>
                <retired>false</retired>
                <datatype reference="3"/>
                <conceptClass reference="45"/>
                <set>false</set>
                <creator/>
                <dateCreated id="389">2013-06-19 13:20:57</dateCreated>
                <changedBy/>
                <dateChanged id="390">2017-05-24 14:21:02</dateChanged>
                <names class="set" id="391">
                  <org.openmrs.ConceptName id="392" uuid="fe655ef9-4680-40c2-b1a0-197f972250b6">
                    <conceptNameId>7337</conceptNameId>
                    <concept reference="388"/>
                    <name>TDF+3TC+EFV</name>
                    <locale id="393">pt</locale>
                    <creator/>
                    <dateCreated id="394">2013-06-19 11:20:57</dateCreated>
                    <voided>false</voided>
                    <tags class="set" id="395"/>
                    <conceptNameType>FULLY_SPECIFIED</conceptNameType>
                    <localePreferred>true</localePreferred>
                  </org.openmrs.ConceptName>
                  <org.openmrs.ConceptName id="396" uuid="473fa544-8aec-4ab4-8dd4-ded52ea959aa">
                    <conceptNameId>7338</conceptNameId>
                    <concept reference="388"/>
                    <name>TDF+3TC+EFV</name>
                    <locale id="397">en</locale>
                    <creator/>
                    <dateCreated id="398">2013-06-19 13:20:57</dateCreated>
                    <voided>false</voided>
                    <tags class="set" id="399"/>
                    <conceptNameType>FULLY_SPECIFIED</conceptNameType>
                    <localePreferred>true</localePreferred>
                  </org.openmrs.ConceptName>
                </names>
                <answers class="set" id="400"/>
                <conceptSets class="set" id="401"/>
                <descriptions class="set" id="402"/>
                <conceptMappings class="set" id="403">
                  <org.openmrs.ConceptMap id="404" uuid="47139819-da81-45d0-9fd4-486278a0496c">
                    <conceptMapType reference="71"/>
                    <creator/>
                    <changedBy/>
                    <dateCreated id="405">2013-06-21 16:57:18</dateCreated>
                    <dateChanged id="406">2017-05-24 14:21:02</dateChanged>
                    <conceptMapId>34541</conceptMapId>
                    <concept reference="388"/>
                    <conceptReferenceTerm id="407" resolves-to="org.openmrs.ConceptReferenceTerm" uuid="b2fce920-8807-40ff-87b2-95ae6bff6ee5">
                      <creator/>
                      <dateCreated id="408">2013-06-21 16:57:18</dateCreated>
                      <changedBy/>
                      <dateChanged id="409">2017-05-24 14:21:02</dateChanged>
                      <retired>false</retired>
                      <conceptReferenceTermId>35140</conceptReferenceTermId>
                      <conceptSource reference="77"/>
                      <code>6324</code>
                      <conceptReferenceTermMaps id="410"/>
                    </conceptReferenceTerm>
                  </org.openmrs.ConceptMap>
                </conceptMappings>
              </answerConcept>
              <creator/>
              <dateCreated id="411">2017-05-24 14:52:39</dateCreated>
              <sortWeight>1.0</sortWeight>
            </org.openmrs.ConceptAnswer>
          </answers>
          <conceptSets class="set" id="412"/>
          <descriptions class="set" id="413">
            <org.openmrs.ConceptDescription id="414" uuid="2bc9f10d-98aa-478a-8e6f-3dd45bdeb171">
              <conceptDescriptionId>5707</conceptDescriptionId>
              <concept reference="330"/>
              <description>Regimen group for ARV drugs of 1st therapeutic line for adults</description>
              <locale id="415">en</locale>
              <creator/>
              <dateCreated id="416">2017-05-24 14:52:39</dateCreated>
            </org.openmrs.ConceptDescription>
            <org.openmrs.ConceptDescription id="417" uuid="cc349759-0cf2-4a1b-b67b-db5cfb933096">
              <conceptDescriptionId>5708</conceptDescriptionId>
              <concept reference="330"/>
              <description>Grupo de regimes ARV da 1a linha terapeutica de adultos</description>
              <locale id="418">pt</locale>
              <creator/>
              <dateCreated id="419">2017-05-24 14:52:39</dateCreated>
            </org.openmrs.ConceptDescription>
          </descriptions>
          <conceptMappings class="set" id="420">
            <org.openmrs.ConceptMap id="421" uuid="de5f1654-3836-46c5-a376-915d7ecfe3ca">
              <conceptMapType reference="71"/>
              <creator/>
              <dateCreated id="422">2017-05-25 11:56:37</dateCreated>
              <conceptMapId>34747</conceptMapId>
              <concept reference="330"/>
              <conceptReferenceTerm id="423" uuid="77085706-92d8-465b-87d4-7b33f48cb9cc">
                <creator/>
                <dateCreated id="424">2017-05-25 11:56:36</dateCreated>
                <retired>false</retired>
                <conceptReferenceTermId>35285</conceptReferenceTermId>
                <conceptSource reference="77"/>
                <code>21248</code>
                <conceptReferenceTermMaps id="425"/>
              </conceptReferenceTerm>
            </org.openmrs.ConceptMap>
          </conceptMappings>
        </concept>
        <conceptSet reference="2"/>
        <sortWeight>0.0</sortWeight>
        <creator/>
        <dateCreated id="426">2017-05-25 11:51:34</dateCreated>
      </org.openmrs.ConceptSet>
      <org.openmrs.ConceptSet id="427" uuid="0b94bc5d-45c4-4b0d-80c7-865c13d0f4f7">
        <conceptSetId>720</conceptSetId>
        <concept id="428" resolves-to="org.openmrs.Concept" uuid="618650c6-90c3-4acd-ae4d-ffb2f6452a5b">
          <conceptId>21249</conceptId>
          <retired>false</retired>
          <datatype reference="22"/>
          <conceptClass reference="24"/>
          <set>false</set>
          <creator/>
          <dateCreated id="429">2017-05-24 14:58:41</dateCreated>
          <changedBy/>
          <dateChanged id="430">2017-05-25 11:56:37</dateChanged>
          <names class="set" id="431">
            <org.openmrs.ConceptName id="432" uuid="77ba68b6-433f-4e39-8b2f-0242333228ec">
              <conceptNameId>28512</conceptNameId>
              <concept reference="428"/>
              <name>REGIME ARV SEGUNDA LINHA (ADULTO)</name>
              <locale id="433">pt</locale>
              <creator/>
              <dateCreated id="434">2017-05-24 14:58:41</dateCreated>
              <voided>false</voided>
              <tags class="set" id="435"/>
              <conceptNameType>FULLY_SPECIFIED</conceptNameType>
              <localePreferred>true</localePreferred>
            </org.openmrs.ConceptName>
            <org.openmrs.ConceptName id="436" uuid="bbe9d5a6-5137-4c14-bcde-ff7a20778964">
              <conceptNameId>28513</conceptNameId>
              <concept reference="428"/>
              <name>ARV REGIMEN 2nd LINE (ADULT)</name>
              <locale id="437">en</locale>
              <creator/>
              <dateCreated id="438">2017-05-24 14:58:41</dateCreated>
              <voided>false</voided>
              <tags class="set" id="439"/>
              <conceptNameType>FULLY_SPECIFIED</conceptNameType>
              <localePreferred>true</localePreferred>
            </org.openmrs.ConceptName>
          </names>
          <answers class="set" id="440">
            <org.openmrs.ConceptAnswer id="441" uuid="3aab7e9f-58c7-48fe-97e8-b1ad563a7382">
              <conceptAnswerId>3645</conceptAnswerId>
              <concept reference="428"/>
              <answerConcept reference="211"/>
              <creator/>
              <dateCreated id="442">2017-05-24 15:17:51</dateCreated>
              <sortWeight>2.0</sortWeight>
            </org.openmrs.ConceptAnswer>
            <org.openmrs.ConceptAnswer id="443" uuid="50cf3c79-2246-4210-9007-16a312acf2b3">
              <conceptAnswerId>3649</conceptAnswerId>
              <concept reference="428"/>
              <answerConcept reference="44"/>
              <creator/>
              <dateCreated id="444">2017-05-24 15:36:52</dateCreated>
              <sortWeight>3.0</sortWeight>
            </org.openmrs.ConceptAnswer>
            <org.openmrs.ConceptAnswer id="445" uuid="1b535da5-6b51-4470-ac73-c2221e8d036b">
              <conceptAnswerId>3644</conceptAnswerId>
              <concept reference="428"/>
              <answerConcept reference="115"/>
              <creator/>
              <dateCreated id="446">2017-05-24 14:58:41</dateCreated>
              <sortWeight>1.0</sortWeight>
            </org.openmrs.ConceptAnswer>
          </answers>
          <conceptSets class="set" id="447"/>
          <descriptions class="set" id="448">
            <org.openmrs.ConceptDescription id="449" uuid="9717a589-c8d2-42cf-a63d-778a6ab9d530">
              <conceptDescriptionId>5709</conceptDescriptionId>
              <concept reference="428"/>
              <description>Grupo de regimes ARV da 2a linha terapeutica de adultos</description>
              <locale id="450">pt</locale>
              <creator/>
              <dateCreated id="451">2017-05-24 14:58:41</dateCreated>
            </org.openmrs.ConceptDescription>
            <org.openmrs.ConceptDescription id="452" uuid="918a032e-501f-479c-ab32-d89ae5abee21">
              <conceptDescriptionId>5710</conceptDescriptionId>
              <concept reference="428"/>
              <description>Regimen group for ARV drugs of 2nd therapeutic line for adults</description>
              <locale id="453">en</locale>
              <creator/>
              <dateCreated id="454">2017-05-24 14:58:41</dateCreated>
            </org.openmrs.ConceptDescription>
          </descriptions>
          <conceptMappings class="set" id="455">
            <org.openmrs.ConceptMap id="456" uuid="e7555536-8ff4-4589-8568-20c47de48ab4">
              <conceptMapType reference="71"/>
              <creator/>
              <dateCreated id="457">2017-05-25 11:56:37</dateCreated>
              <conceptMapId>34749</conceptMapId>
              <concept reference="428"/>
              <conceptReferenceTerm id="458" uuid="b7cd3c3d-c6db-4412-9cfe-fbc717fb9707">
                <creator/>
                <dateCreated id="459">2017-05-25 11:56:37</dateCreated>
                <retired>false</retired>
                <conceptReferenceTermId>35287</conceptReferenceTermId>
                <conceptSource reference="77"/>
                <code>21249</code>
                <conceptReferenceTermMaps id="460"/>
              </conceptReferenceTerm>
            </org.openmrs.ConceptMap>
          </conceptMappings>
        </concept>
        <conceptSet reference="2"/>
        <sortWeight>1.0</sortWeight>
        <creator/>
        <dateCreated id="461">2017-05-25 11:51:34</dateCreated>
      </org.openmrs.ConceptSet>
      <org.openmrs.ConceptSet id="462" uuid="7cd06aa7-6291-47a7-995c-b894ab57f622">
        <conceptSetId>722</conceptSetId>
        <concept id="463" resolves-to="org.openmrs.Concept" uuid="0bd068da-1c57-40aa-9e05-f2bcbe282521">
          <conceptId>21252</conceptId>
          <retired>false</retired>
          <datatype reference="22"/>
          <conceptClass reference="24"/>
          <set>false</set>
          <creator/>
          <dateCreated id="464">2017-05-24 15:50:47</dateCreated>
          <changedBy/>
          <dateChanged id="465">2017-05-25 11:56:38</dateChanged>
          <names class="set" id="466">
            <org.openmrs.ConceptName id="467" uuid="7c897264-66bb-4ff9-a84e-68a67636aa7e">
              <conceptNameId>28520</conceptNameId>
              <concept reference="463"/>
              <name>REGIME ARV PRIMEIRA LINHA (CRIANÇA)</name>
              <locale id="468">pt</locale>
              <creator/>
              <dateCreated id="469">2017-05-24 15:50:47</dateCreated>
              <voided>true</voided>
              <voidedBy/>
              <dateVoided id="470">2017-05-25 11:54:49</dateVoided>
              <voidReason>Deleted due to change of name</voidReason>
              <tags class="set" id="471"/>
              <localePreferred>false</localePreferred>
            </org.openmrs.ConceptName>
            <org.openmrs.ConceptName id="472" uuid="b90cc5dc-990a-459c-a310-02151520ec99">
              <conceptNameId>28521</conceptNameId>
              <concept reference="463"/>
              <name>ARV REGIMEN 1st LINE (CHILD)</name>
              <locale id="473">en</locale>
              <creator/>
              <dateCreated id="474">2017-05-24 15:50:47</dateCreated>
              <voided>false</voided>
              <tags class="set" id="475"/>
              <conceptNameType>FULLY_SPECIFIED</conceptNameType>
              <localePreferred>true</localePreferred>
            </org.openmrs.ConceptName>
            <org.openmrs.ConceptName id="476" uuid="8039e250-a57b-43c7-a212-b00fb7f4183e">
              <conceptNameId>28526</conceptNameId>
              <concept reference="463"/>
              <name>REGIME ARV PRIMEIRA LINHA (CRIAN&amp;Ccedil;A)</name>
              <locale id="477">pt</locale>
              <creator/>
              <dateCreated id="478">2017-05-25 11:54:49</dateCreated>
              <voided>false</voided>
              <tags class="set" id="479"/>
              <conceptNameType>FULLY_SPECIFIED</conceptNameType>
              <localePreferred>true</localePreferred>
            </org.openmrs.ConceptName>
          </names>
          <answers class="set" id="480">
            <org.openmrs.ConceptAnswer id="481" uuid="05efa276-b196-48f1-982f-58bb35e2a041">
              <conceptAnswerId>3651</conceptAnswerId>
              <concept reference="463"/>
              <answerConcept reference="388"/>
              <creator/>
              <dateCreated id="482">2017-05-24 15:50:47</dateCreated>
              <sortWeight>4.0</sortWeight>
            </org.openmrs.ConceptAnswer>
            <org.openmrs.ConceptAnswer id="483" uuid="1e145f2d-93bf-4993-aa24-4026cbafcfc5">
              <conceptAnswerId>3652</conceptAnswerId>
              <concept reference="463"/>
              <answerConcept reference="44"/>
              <creator/>
              <dateCreated id="484">2017-05-24 15:50:47</dateCreated>
              <sortWeight>2.0</sortWeight>
            </org.openmrs.ConceptAnswer>
            <org.openmrs.ConceptAnswer id="485" uuid="05bbf2a6-31b1-4978-8e94-675778a2061c">
              <conceptAnswerId>3653</conceptAnswerId>
              <concept reference="463"/>
              <answerConcept reference="348"/>
              <creator/>
              <dateCreated id="486">2017-05-24 15:50:47</dateCreated>
              <sortWeight>1.0</sortWeight>
            </org.openmrs.ConceptAnswer>
            <org.openmrs.ConceptAnswer id="487" uuid="3eab53ae-c44b-4eb4-83e8-62b3901b4f0d">
              <conceptAnswerId>3654</conceptAnswerId>
              <concept reference="463"/>
              <answerConcept reference="173"/>
              <creator/>
              <dateCreated id="488">2017-05-24 15:50:47</dateCreated>
              <sortWeight>3.0</sortWeight>
            </org.openmrs.ConceptAnswer>
            <org.openmrs.ConceptAnswer id="489" uuid="4249d6cd-aee2-473a-860e-a2b1f02ed1e0">
              <conceptAnswerId>3655</conceptAnswerId>
              <concept reference="463"/>
              <answerConcept reference="115"/>
              <creator/>
              <dateCreated id="490">2017-05-24 15:50:47</dateCreated>
              <sortWeight>5.0</sortWeight>
            </org.openmrs.ConceptAnswer>
          </answers>
          <conceptSets class="set" id="491"/>
          <descriptions class="set" id="492">
            <org.openmrs.ConceptDescription id="493" uuid="424c77ab-d2d3-472f-a1ec-484517b50a0e">
              <conceptDescriptionId>5713</conceptDescriptionId>
              <concept reference="463"/>
              <description>Grupo de regimes ARV da 1a linha terapeutica de crian&amp;ccedil;as</description>
              <locale id="494">pt</locale>
              <creator/>
              <dateCreated id="495">2017-05-24 15:50:47</dateCreated>
              <changedBy/>
              <dateChanged id="496">2017-05-25 11:54:49</dateChanged>
            </org.openmrs.ConceptDescription>
            <org.openmrs.ConceptDescription id="497" uuid="4a1889ed-15f0-4f9e-8c91-fe526946b3a7">
              <conceptDescriptionId>5714</conceptDescriptionId>
              <concept reference="463"/>
              <description>Regimen group for ARV drugs of 1st therapeutic line for children</description>
              <locale id="498">en</locale>
              <creator/>
              <dateCreated id="499">2017-05-24 15:50:47</dateCreated>
            </org.openmrs.ConceptDescription>
          </descriptions>
          <conceptMappings class="set" id="500">
            <org.openmrs.ConceptMap id="501" uuid="b343798d-942f-4013-bbc6-21f896045766">
              <conceptMapType reference="71"/>
              <creator/>
              <dateCreated id="502">2017-05-25 11:56:38</dateCreated>
              <conceptMapId>34752</conceptMapId>
              <concept reference="463"/>
              <conceptReferenceTerm id="503" uuid="6da1e44b-0c41-4cd6-8664-b25230581d3a">
                <creator/>
                <dateCreated id="504">2017-05-25 11:56:38</dateCreated>
                <retired>false</retired>
                <conceptReferenceTermId>35290</conceptReferenceTermId>
                <conceptSource reference="77"/>
                <code>21252</code>
                <conceptReferenceTermMaps id="505"/>
              </conceptReferenceTerm>
            </org.openmrs.ConceptMap>
          </conceptMappings>
        </concept>
        <conceptSet reference="2"/>
        <sortWeight>3.0</sortWeight>
        <creator/>
        <dateCreated id="506">2017-05-25 11:51:34</dateCreated>
      </org.openmrs.ConceptSet>
    </conceptSets>
    <descriptions class="set" id="507">
      <org.openmrs.ConceptDescription id="508" uuid="2627adaf-ee1b-4739-bb11-f8c141d38629">
        <conceptDescriptionId>5717</conceptDescriptionId>
        <concept reference="2"/>
        <description>Grupos de regimes categorizados</description>
        <locale id="509">pt</locale>
        <creator/>
        <dateCreated id="510">2017-05-25 11:51:34</dateCreated>
      </org.openmrs.ConceptDescription>
      <org.openmrs.ConceptDescription id="511" uuid="11379601-1ac1-467f-a886-4356d766dc8c">
        <conceptDescriptionId>5718</conceptDescriptionId>
        <concept reference="2"/>
        <description>Group of categorized ARV regimens</description>
        <locale id="512">en</locale>
        <creator/>
        <dateCreated id="513">2017-05-25 11:51:34</dateCreated>
      </org.openmrs.ConceptDescription>
    </descriptions>
    <conceptMappings class="set" id="514">
      <org.openmrs.ConceptMap id="515" uuid="9f9da93b-0713-4766-8446-383798b177df">
        <conceptMapType reference="71"/>
        <creator/>
        <dateCreated id="516">2017-05-25 11:56:36</dateCreated>
        <conceptMapId>34746</conceptMapId>
        <concept reference="2"/>
        <conceptReferenceTerm id="517" uuid="2c58a239-68c6-4cf4-8cf4-e4a708c28b17">
          <creator/>
          <dateCreated id="518">2017-05-25 11:56:36</dateCreated>
          <retired>false</retired>
          <conceptReferenceTermId>35284</conceptReferenceTermId>
          <conceptSource reference="77"/>
          <code>21254</code>
          <conceptReferenceTermMaps id="519"/>
        </conceptReferenceTerm>
      </org.openmrs.ConceptMap>
    </conceptMappings>
  </org.openmrs.Concept>
</list>
