<?xml version="1.0" encoding="UTF-8"?>
<package id="1" uuid="e0b29925-82a6-4a36-a156-70f630a4dc1a">
  <dateCreated id="2">2017-01-05 11:55:01</dateCreated>
  <name>CLCARVQ12017</name>
  <description>CLC and ARV Reporting for Q1 2017 PEPFAR Reporting</description>
  <openmrsVersion>1.9.2  Build e9813c</openmrsVersion>
  <version>1</version>
  <groupUuid>daae9409-104a-4690-9a87-d5e800dc3cf8</groupUuid>
  <modules id="3">
    <entry>
      <string>htmlwidgets</string>
      <string>1.6.4</string>
    </entry>
    <entry>
      <string>reportingcompatibility</string>
      <string>1.5.8</string>
    </entry>
    <entry>
      <string>htmlformentry</string>
      <string>2.4</string>
    </entry>
    <entry>
      <string>patientflags</string>
      <string>1.3.4</string>
    </entry>
    <entry>
      <string>metadatamapping</string>
      <string>1.0.2</string>
    </entry>
    <entry>
      <string>reportingmds</string>
      <string>1.0-SNAPSHOT</string>
    </entry>
    <entry>
      <string>logic</string>
      <string>0.5.2</string>
    </entry>
    <entry>
      <string>calculation</string>
      <string>1.1</string>
    </entry>
    <entry>
      <string>sync</string>
      <string>1.2</string>
    </entry>
    <entry>
      <string>htmlformentry19ext</string>
      <string>1.2</string>
    </entry>
    <entry>
      <string>reporting</string>
      <string>0.7.6</string>
    </entry>
    <entry>
      <string>metadatasharing</string>
      <string>1.1.9</string>
    </entry>
    <entry>
      <string>addresshierarchy</string>
      <string>2.2.9</string>
    </entry>
    <entry>
      <string>serialization.xstream</string>
      <string>0.2.7</string>
    </entry>
    <entry>
      <string>gaac</string>
      <string>1.0-SNAPSHOT</string>
    </entry>
  </modules>
  <items class="linked-hash-set" id="4">
    <org.openmrs.module.metadatasharing.Item id="5" uuid="2d3e9fd6-5d27-4821-9003-b97aaf7bf7c3">
      <id>5</id>
      <classname>org.openmrs.module.reporting.report.ReportDesign</classname>
      <dateChanged id="6">2014-10-11 13:04:48</dateChanged>
      <retired>false</retired>
    </org.openmrs.module.metadatasharing.Item>
    <org.openmrs.module.metadatasharing.Item id="7" uuid="405aae70-ca5c-4873-b143-ed2a7c777340">
      <id>6</id>
      <classname>org.openmrs.module.reporting.report.ReportDesign</classname>
      <dateChanged id="8">2012-04-14 11:24:46</dateChanged>
      <retired>false</retired>
    </org.openmrs.module.metadatasharing.Item>
    <org.openmrs.module.metadatasharing.Item id="9" uuid="589d2155-fde7-4cc5-b48c-e8ccc74057ba">
      <id>88</id>
      <classname>org.openmrs.module.reporting.report.ReportDesign</classname>
      <dateChanged id="10">2016-12-09 09:55:38</dateChanged>
      <retired>false</retired>
    </org.openmrs.module.metadatasharing.Item>
    <org.openmrs.module.metadatasharing.Item id="11" uuid="933e1c31-e4b8-413d-a7ed-83d9154b25a2">
      <id>177</id>
      <classname>org.openmrs.module.reporting.report.definition.PeriodIndicatorReportDefinition</classname>
      <dateChanged id="12">2015-10-12 19:14:22</dateChanged>
      <retired>false</retired>
    </org.openmrs.module.metadatasharing.Item>
    <org.openmrs.module.metadatasharing.Item id="13" uuid="bf3966c6-0f3c-485d-b1a4-b8bab816e7de">
      <id>1519</id>
      <classname>org.openmrs.module.reporting.report.definition.PeriodIndicatorReportDefinition</classname>
      <dateChanged id="14">2016-12-09 09:52:37</dateChanged>
      <retired>false</retired>
    </org.openmrs.module.metadatasharing.Item>
    <org.openmrs.module.metadatasharing.Item id="15" uuid="5a79c043-32af-40c5-9dcc-041e30d76e2e">
      <id>157</id>
      <classname>org.openmrs.module.reporting.report.definition.PeriodIndicatorReportDefinition</classname>
      <dateChanged id="16">2015-10-12 19:22:58</dateChanged>
      <retired>false</retired>
    </org.openmrs.module.metadatasharing.Item>
    <org.openmrs.module.metadatasharing.Item id="17" uuid="f281f360-744a-4cb2-b2be-0177be006f3a">
      <id>3</id>
      <classname>org.openmrs.module.reporting.report.ReportDesignResource</classname>
      <dateChanged id="18">2016-12-29 15:29:28</dateChanged>
      <retired>false</retired>
    </org.openmrs.module.metadatasharing.Item>
    <org.openmrs.module.metadatasharing.Item id="19" uuid="8eda20c6-602b-477f-8972-f88c468bfa8f">
      <id>4</id>
      <classname>org.openmrs.module.reporting.report.ReportDesignResource</classname>
      <dateChanged id="20">2016-10-07 12:45:51</dateChanged>
      <retired>false</retired>
    </org.openmrs.module.metadatasharing.Item>
    <org.openmrs.module.metadatasharing.Item id="21" uuid="df99d6be-c441-4dc6-b52b-ff4fb4e17ab8">
      <id>83</id>
      <classname>org.openmrs.module.reporting.report.ReportDesignResource</classname>
      <dateChanged id="22">2016-12-09 13:59:21</dateChanged>
      <retired>false</retired>
    </org.openmrs.module.metadatasharing.Item>
  </items>
  <relatedItems class="linked-hash-set" id="23"/>
</package>
