<?xml version="1.0" encoding="UTF-8"?>
<package id="1" uuid="c78f2b59-315a-4107-9dd6-a6c51648f2d6">
  <dateCreated id="2">2018-04-05 07:05:42</dateCreated>
  <name>HEIGHT (M)</name>
  <description>Patient&apos;s height in meters.</description>
  <openmrsVersion>1.11.5  Build a0c979</openmrsVersion>
  <version>1</version>
  <groupUuid>b59d7b00-e184-424a-bfb9-88dbfae78d2e</groupUuid>
  <modules id="3">
    <entry>
      <string>uilibrary</string>
      <string>1.5</string>
    </entry>
    <entry>
      <string>webservices.rest</string>
      <string>2.20.0.0e371e</string>
    </entry>
    <entry>
      <string>htmlformentry</string>
      <string>3.3.0</string>
    </entry>
    <entry>
      <string>patientsummary</string>
      <string>2.0</string>
    </entry>
    <entry>
      <string>reportingmds</string>
      <string>1.0-SNAPSHOT</string>
    </entry>
    <entry>
      <string>calculation</string>
      <string>1.1</string>
    </entry>
    <entry>
      <string>providermanagement</string>
      <string>2.3</string>
    </entry>
    <entry>
      <string>event</string>
      <string>2.2.1</string>
    </entry>
    <entry>
      <string>formfilter</string>
      <string>1.0.0</string>
    </entry>
    <entry>
      <string>htmlformentry19ext</string>
      <string>1.7</string>
    </entry>
    <entry>
      <string>esaudemetadata</string>
      <string>1.4.12-SNAPSHOT</string>
    </entry>
    <entry>
      <string>addresshierarchy</string>
      <string>2.9</string>
    </entry>
    <entry>
      <string>dataentrystatistics</string>
      <string>1.3.2</string>
    </entry>
    <entry>
      <string>serialization.xstream</string>
      <string>0.2.9</string>
    </entry>
    <entry>
      <string>poc</string>
      <string>1.2.0-SNAPSHOT</string>
    </entry>
    <entry>
      <string>htmlwidgets</string>
      <string>1.9.0</string>
    </entry>
    <entry>
      <string>reportingcompatibility</string>
      <string>1.5.8</string>
    </entry>
    <entry>
      <string>groovy</string>
      <string>2.2.4</string>
    </entry>
    <entry>
      <string>uiframework</string>
      <string>3.4</string>
    </entry>
    <entry>
      <string>patientflags</string>
      <string>1.3.4</string>
    </entry>
    <entry>
      <string>metadatamapping</string>
      <string>1.0.1</string>
    </entry>
    <entry>
      <string>reportingrest</string>
      <string>1.6</string>
    </entry>
    <entry>
      <string>appframework</string>
      <string>2.1</string>
    </entry>
    <entry>
      <string>logic</string>
      <string>0.5.2</string>
    </entry>
    <entry>
      <string>emrapi</string>
      <string>1.11.1</string>
    </entry>
    <entry>
      <string>databasebackup</string>
      <string>1.0</string>
    </entry>
    <entry>
      <string>pharmacyapi</string>
      <string>1.0.9-SNAPSHOT</string>
    </entry>
    <entry>
      <string>metadatasharing</string>
      <string>1.2</string>
    </entry>
    <entry>
      <string>reporting</string>
      <string>0.9.9</string>
    </entry>
    <entry>
      <string>gaac</string>
      <string>1.0</string>
    </entry>
    <entry>
      <string>patientflag_rest</string>
      <string>1.0.0</string>
    </entry>
  </modules>
  <items class="linked-hash-set" id="4">
    <org.openmrs.module.metadatasharing.Item id="5" uuid="e1e2e934-1d5f-11e0-b929-000c29ad1d07">
      <id>5090</id>
      <classname>org.openmrs.ConceptNumeric</classname>
      <dateChanged id="6">2018-04-05 07:00:18</dateChanged>
      <retired>false</retired>
    </org.openmrs.module.metadatasharing.Item>
  </items>
  <relatedItems class="linked-hash-set" id="7">
    <org.openmrs.module.metadatasharing.Item id="8" uuid="8d4a4488-c2cc-11de-8d13-0010c6dffd0f">
      <id>1</id>
      <classname>org.openmrs.ConceptDatatype</classname>
      <dateChanged id="9">2004-02-02 00:00:00</dateChanged>
      <retired>false</retired>
    </org.openmrs.module.metadatasharing.Item>
    <org.openmrs.module.metadatasharing.Item id="10" uuid="8d4907b2-c2cc-11de-8d13-0010c6dffd0f">
      <id>1</id>
      <classname>org.openmrs.ConceptClass</classname>
      <dateChanged id="11">2004-02-01 21:00:00</dateChanged>
      <retired>false</retired>
    </org.openmrs.module.metadatasharing.Item>
    <org.openmrs.module.metadatasharing.Item id="12" uuid="e2431cc8-1d5f-11e0-b929-000c29ad1d07">
      <id>1440</id>
      <classname>org.openmrs.ConceptName</classname>
      <dateChanged id="13">2018-04-05 07:00:17</dateChanged>
    </org.openmrs.module.metadatasharing.Item>
    <org.openmrs.module.metadatasharing.Item id="14" uuid="22dada39-f37b-4ee2-baaa-d28537e156d9">
      <id>31283</id>
      <classname>org.openmrs.ConceptName</classname>
      <dateChanged id="15">2018-04-05 07:00:18</dateChanged>
    </org.openmrs.module.metadatasharing.Item>
    <org.openmrs.module.metadatasharing.Item id="16" uuid="e24c4622-1d5f-11e0-b929-000c29ad1d07">
      <id>2786</id>
      <classname>org.openmrs.ConceptName</classname>
      <dateChanged id="17">2018-04-05 07:00:17</dateChanged>
    </org.openmrs.module.metadatasharing.Item>
    <org.openmrs.module.metadatasharing.Item id="18" uuid="33677680-57f4-464a-bf4f-b36fe58bfc39">
      <id>31284</id>
      <classname>org.openmrs.ConceptName</classname>
      <dateChanged id="19">2018-04-05 07:00:18</dateChanged>
    </org.openmrs.module.metadatasharing.Item>
    <org.openmrs.module.metadatasharing.Item id="20" uuid="e25dd9e6-1d5f-11e0-b929-000c29ad1d07">
      <id>5164</id>
      <classname>org.openmrs.ConceptName</classname>
      <dateChanged id="21">2004-08-11 22:00:00</dateChanged>
    </org.openmrs.module.metadatasharing.Item>
    <org.openmrs.module.metadatasharing.Item id="22" uuid="e2239e3e-1d5f-11e0-b929-000c29ad1d07">
      <id>1413</id>
      <classname>org.openmrs.ConceptDescription</classname>
      <dateChanged id="23">2018-04-05 07:00:18</dateChanged>
    </org.openmrs.module.metadatasharing.Item>
    <org.openmrs.module.metadatasharing.Item id="24" uuid="e22c098e-1d5f-11e0-b929-000c29ad1d07">
      <id>2470</id>
      <classname>org.openmrs.ConceptDescription</classname>
      <dateChanged id="25">2018-04-05 07:00:18</dateChanged>
    </org.openmrs.module.metadatasharing.Item>
    <org.openmrs.module.metadatasharing.Item id="26" uuid="0bfd90ed-5b34-4bb9-a51f-e9c3aa8d6280">
      <id>36290</id>
      <classname>org.openmrs.ConceptMap</classname>
      <dateChanged id="27">2018-04-05 07:06:26</dateChanged>
    </org.openmrs.module.metadatasharing.Item>
    <org.openmrs.module.metadatasharing.Item id="28" uuid="35543629-7d8c-11e1-909d-c80aa9edcf4e">
      <id>1</id>
      <classname>org.openmrs.ConceptMapType</classname>
      <dateChanged id="29">2018-03-28 10:17:01</dateChanged>
      <retired>false</retired>
    </org.openmrs.module.metadatasharing.Item>
    <org.openmrs.module.metadatasharing.Item id="30" uuid="85ebd5d3-2b1c-4967-bed4-3aebaa368c93">
      <id>36812</id>
      <classname>org.openmrs.ConceptReferenceTerm</classname>
      <dateChanged id="31">2018-04-05 07:06:26</dateChanged>
      <retired>false</retired>
    </org.openmrs.module.metadatasharing.Item>
    <org.openmrs.module.metadatasharing.Item id="32" uuid="919246ff-6bfc-42fc-8213-69d2d1ce0db7">
      <id>34</id>
      <classname>org.openmrs.ConceptSource</classname>
      <dateChanged id="33">2016-10-12 13:42:37</dateChanged>
      <retired>false</retired>
    </org.openmrs.module.metadatasharing.Item>
  </relatedItems>
</package>
