<?xml version="1.0" encoding="UTF-8"?>
<list id="1">
  <org.openmrs.ConceptNumeric id="2" uuid="e1e2e934-1d5f-11e0-b929-000c29ad1d07">
    <conceptId>5090</conceptId>
    <retired>false</retired>
    <datatype id="3" resolves-to="org.openmrs.ConceptDatatype" uuid="8d4a4488-c2cc-11de-8d13-0010c6dffd0f">
      <name>Numeric</name>
      <description>Numeric value, including integer or float (e.g., creatinine, weight)</description>
      <creator/>
      <dateCreated id="4">2004-02-02 00:00:00</dateCreated>
      <retired>false</retired>
      <conceptDatatypeId>1</conceptDatatypeId>
      <hl7Abbreviation>NM</hl7Abbreviation>
    </datatype>
    <conceptClass id="5" resolves-to="org.openmrs.ConceptClass" uuid="8d4907b2-c2cc-11de-8d13-0010c6dffd0f">
      <name>Test</name>
      <description>Acq. during patient encounter (vitals, labs, etc.)</description>
      <creator/>
      <dateCreated id="6">2004-02-01 21:00:00</dateCreated>
      <retired>false</retired>
      <conceptClassId>1</conceptClassId>
    </conceptClass>
    <set>false</set>
    <creator/>
    <dateCreated id="7">2004-08-11 22:00:00</dateCreated>
    <changedBy/>
    <dateChanged id="8">2018-04-05 07:06:26</dateChanged>
    <names class="set" id="9">
      <org.openmrs.ConceptName id="10" uuid="e2431cc8-1d5f-11e0-b929-000c29ad1d07">
        <conceptNameId>1440</conceptNameId>
        <concept class="org.openmrs.ConceptNumeric" reference="2"/>
        <name>HEIGHT (CM)</name>
        <locale id="11">en</locale>
        <creator/>
        <dateCreated id="12">2004-08-11 22:00:00</dateCreated>
        <voided>true</voided>
        <voidedBy/>
        <dateVoided id="13">2018-04-05 07:00:17</dateVoided>
        <voidReason>Anulada devido ŕ mudança de nome</voidReason>
        <tags class="set" id="14"/>
        <localePreferred>false</localePreferred>
      </org.openmrs.ConceptName>
      <org.openmrs.ConceptName id="15" uuid="22dada39-f37b-4ee2-baaa-d28537e156d9">
        <conceptNameId>31283</conceptNameId>
        <concept class="org.openmrs.ConceptNumeric" reference="2"/>
        <name>ALTURA (M)</name>
        <locale id="16">pt</locale>
        <creator/>
        <dateCreated id="17">2018-04-05 07:00:18</dateCreated>
        <voided>false</voided>
        <tags class="set" id="18"/>
        <conceptNameType>FULLY_SPECIFIED</conceptNameType>
        <localePreferred>true</localePreferred>
      </org.openmrs.ConceptName>
      <org.openmrs.ConceptName id="19" uuid="e24c4622-1d5f-11e0-b929-000c29ad1d07">
        <conceptNameId>2786</conceptNameId>
        <concept class="org.openmrs.ConceptNumeric" reference="2"/>
        <name>ALTURA (CM)</name>
        <locale id="20">pt</locale>
        <creator/>
        <dateCreated id="21">2008-10-14 22:12:28</dateCreated>
        <voided>true</voided>
        <voidedBy/>
        <dateVoided id="22">2018-04-05 07:00:17</dateVoided>
        <voidReason>Anulada devido ŕ mudança de nome</voidReason>
        <tags class="set" id="23"/>
        <localePreferred>false</localePreferred>
      </org.openmrs.ConceptName>
      <org.openmrs.ConceptName id="24" uuid="33677680-57f4-464a-bf4f-b36fe58bfc39">
        <conceptNameId>31284</conceptNameId>
        <concept class="org.openmrs.ConceptNumeric" reference="2"/>
        <name>HEIGHT (M)</name>
        <locale id="25">en</locale>
        <creator/>
        <dateCreated id="26">2018-04-05 07:00:18</dateCreated>
        <voided>false</voided>
        <tags class="set" id="27"/>
        <conceptNameType>FULLY_SPECIFIED</conceptNameType>
        <localePreferred>true</localePreferred>
      </org.openmrs.ConceptName>
      <org.openmrs.ConceptName id="28" uuid="e25dd9e6-1d5f-11e0-b929-000c29ad1d07">
        <conceptNameId>5164</conceptNameId>
        <concept class="org.openmrs.ConceptNumeric" reference="2"/>
        <name>HT</name>
        <locale id="29">en</locale>
        <creator/>
        <dateCreated id="30">2004-08-11 22:00:00</dateCreated>
        <voided>false</voided>
        <tags class="set" id="31"/>
        <conceptNameType>SHORT</conceptNameType>
        <localePreferred>false</localePreferred>
      </org.openmrs.ConceptName>
    </names>
    <answers class="set" id="32"/>
    <conceptSets class="set" id="33"/>
    <descriptions class="set" id="34">
      <org.openmrs.ConceptDescription id="35" uuid="e22c098e-1d5f-11e0-b929-000c29ad1d07">
        <conceptDescriptionId>2470</conceptDescriptionId>
        <concept class="org.openmrs.ConceptNumeric" reference="2"/>
        <description>Altura do paciente em metros.</description>
        <locale id="36">pt</locale>
        <creator/>
        <dateCreated id="37">2008-10-14 22:12:28</dateCreated>
        <changedBy/>
        <dateChanged id="38">2018-04-05 07:00:18</dateChanged>
      </org.openmrs.ConceptDescription>
      <org.openmrs.ConceptDescription id="39" uuid="e2239e3e-1d5f-11e0-b929-000c29ad1d07">
        <conceptDescriptionId>1413</conceptDescriptionId>
        <concept class="org.openmrs.ConceptNumeric" reference="2"/>
        <description>Patient&apos;s height in meters.</description>
        <locale id="40">en</locale>
        <creator/>
        <dateCreated id="41">2004-08-11 22:00:00</dateCreated>
        <changedBy/>
        <dateChanged id="42">2018-04-05 07:00:18</dateChanged>
      </org.openmrs.ConceptDescription>
    </descriptions>
    <conceptMappings class="set" id="43">
      <org.openmrs.ConceptMap id="44" uuid="0bfd90ed-5b34-4bb9-a51f-e9c3aa8d6280">
        <conceptMapType id="45" uuid="35543629-7d8c-11e1-909d-c80aa9edcf4e">
          <name>SAME-AS</name>
          <creator/>
          <dateCreated id="46">2015-03-21 22:00:00</dateCreated>
          <changedBy/>
          <dateChanged id="47">2018-03-28 10:17:01</dateChanged>
          <retired>false</retired>
          <conceptMapTypeId>1</conceptMapTypeId>
          <isHidden>false</isHidden>
        </conceptMapType>
        <creator/>
        <dateCreated id="48">2018-04-05 07:06:26</dateCreated>
        <conceptMapId>36290</conceptMapId>
        <concept class="org.openmrs.ConceptNumeric" reference="2"/>
        <conceptReferenceTerm id="49" uuid="85ebd5d3-2b1c-4967-bed4-3aebaa368c93">
          <creator/>
          <dateCreated id="50">2018-04-05 07:06:26</dateCreated>
          <retired>false</retired>
          <conceptReferenceTermId>36812</conceptReferenceTermId>
          <conceptSource id="51" uuid="919246ff-6bfc-42fc-8213-69d2d1ce0db7">
            <name>eSaude</name>
            <description>Mozambique eSaude concept dictionary</description>
            <creator/>
            <dateCreated id="52">2016-10-12 13:42:37</dateCreated>
            <retired>false</retired>
            <conceptSourceId>34</conceptSourceId>
            <hl7Code>eSaude</hl7Code>
          </conceptSource>
          <code>5090</code>
          <conceptReferenceTermMaps id="53"/>
        </conceptReferenceTerm>
      </org.openmrs.ConceptMap>
    </conceptMappings>
    <units>m</units>
    <allowDecimal>true</allowDecimal>
  </org.openmrs.ConceptNumeric>
</list>
