<?xml version="1.0" encoding="UTF-8"?>
<package id="1" uuid="802315a7-d0cc-40f3-a2d8-3bb7de8b39a1">
  <dateCreated id="2">2016-09-05 13:27:20</dateCreated>
  <name>MCH_Reports_(CPN_CCR)</name>
  <description>MCH Reports (CPN/CCR)</description>
  <openmrsVersion>1.11.6  Build 0d2192</openmrsVersion>
  <version>6</version>
  <groupUuid>225f8b0a-ce6c-43a2-97e6-42daa963b04e</groupUuid>
  <modules id="3">
    <entry>
      <string>uilibrary</string>
      <string>1.5</string>
    </entry>
    <entry>
      <string>webservices.rest</string>
      <string>2.13.e3a897</string>
    </entry>
    <entry>
      <string>htmlformentry</string>
      <string>3.2</string>
    </entry>
    <entry>
      <string>patientsummary</string>
      <string>2.0</string>
    </entry>
    <entry>
      <string>calculation</string>
      <string>1.1</string>
    </entry>
    <entry>
      <string>providermanagement</string>
      <string>2.3</string>
    </entry>
    <entry>
      <string>sync</string>
      <string>1.2</string>
    </entry>
    <entry>
      <string>event</string>
      <string>2.2.1</string>
    </entry>
    <entry>
      <string>formfilter</string>
      <string>1.0.0</string>
    </entry>
    <entry>
      <string>bahmniapps</string>
      <string>0.74-SNAPSHOT</string>
    </entry>
    <entry>
      <string>htmlformentry19ext</string>
      <string>1.7</string>
    </entry>
    <entry>
      <string>reference-data</string>
      <string>0.74-SNAPSHOT</string>
    </entry>
    <entry>
      <string>addresshierarchy</string>
      <string>2.9-SNAPSHOT</string>
    </entry>
    <entry>
      <string>dataentrystatistics</string>
      <string>1.3.2</string>
    </entry>
    <entry>
      <string>serialization.xstream</string>
      <string>0.2.9</string>
    </entry>
    <entry>
      <string>htmlwidgets</string>
      <string>1.7.0</string>
    </entry>
    <entry>
      <string>reportingcompatibility</string>
      <string>1.5.8</string>
    </entry>
    <entry>
      <string>groovy</string>
      <string>2.2.4</string>
    </entry>
    <entry>
      <string>uiframework</string>
      <string>3.4</string>
    </entry>
    <entry>
      <string>bahmnicore</string>
      <string>0.77-SNAPSHOT</string>
    </entry>
    <entry>
      <string>metadatamapping</string>
      <string>1.0.2</string>
    </entry>
    <entry>
      <string>patientflags</string>
      <string>1.3.4</string>
    </entry>
    <entry>
      <string>reportingrest</string>
      <string>1.6</string>
    </entry>
    <entry>
      <string>appframework</string>
      <string>2.1</string>
    </entry>
    <entry>
      <string>logic</string>
      <string>0.5.2</string>
    </entry>
    <entry>
      <string>idgen-webservices</string>
      <string>1.0</string>
    </entry>
    <entry>
      <string>emrapi</string>
      <string>1.11.1</string>
    </entry>
    <entry>
      <string>openmrs-atomfeed</string>
      <string>2.4-SNAPSHOT</string>
    </entry>
    <entry>
      <string>idgen</string>
      <string>2.9.1</string>
    </entry>
    <entry>
      <string>databasebackup</string>
      <string>1.0</string>
    </entry>
    <entry>
      <string>metadatasharing</string>
      <string>1.2</string>
    </entry>
    <entry>
      <string>reporting</string>
      <string>0.9.9</string>
    </entry>
    <entry>
      <string>gaac</string>
      <string>1.0-SNAPSHOT</string>
    </entry>
  </modules>
  <items class="linked-hash-set" id="4">
    <org.openmrs.module.metadatasharing.Item id="5" uuid="fc72a1b6-0535-433c-ba7d-668a4794f859">
      <id>1430</id>
      <classname>org.openmrs.api.db.SerializedObject</classname>
      <dateChanged id="6">2016-02-11 09:30:47</dateChanged>
      <retired>false</retired>
    </org.openmrs.module.metadatasharing.Item>
    <org.openmrs.module.metadatasharing.Item id="7" uuid="7b81d1b9-257d-4046-acf0-7a2cbc17d244">
      <id>1431</id>
      <classname>org.openmrs.api.db.SerializedObject</classname>
      <dateChanged id="8">2016-02-08 13:24:29</dateChanged>
      <retired>false</retired>
    </org.openmrs.module.metadatasharing.Item>
    <org.openmrs.module.metadatasharing.Item id="9" uuid="7e15a904-07e5-4848-b495-22355abd3819">
      <id>1432</id>
      <classname>org.openmrs.api.db.SerializedObject</classname>
      <dateChanged id="10">2016-02-10 08:04:12</dateChanged>
      <retired>false</retired>
    </org.openmrs.module.metadatasharing.Item>
    <org.openmrs.module.metadatasharing.Item id="11" uuid="0ebe69f3-ad3f-407c-a8b6-31e7e7b9ad39">
      <id>1433</id>
      <classname>org.openmrs.api.db.SerializedObject</classname>
      <dateChanged id="12">2016-02-23 13:40:35</dateChanged>
      <retired>false</retired>
    </org.openmrs.module.metadatasharing.Item>
    <org.openmrs.module.metadatasharing.Item id="13" uuid="3c630692-0550-4484-bbe5-b7b12e0ecccf">
      <id>1435</id>
      <classname>org.openmrs.api.db.SerializedObject</classname>
      <dateChanged id="14">2016-02-09 12:58:28</dateChanged>
      <retired>false</retired>
    </org.openmrs.module.metadatasharing.Item>
    <org.openmrs.module.metadatasharing.Item id="15" uuid="02e84188-249c-4f55-bcf8-19e8be88af1d">
      <id>1434</id>
      <classname>org.openmrs.api.db.SerializedObject</classname>
      <dateChanged id="16">2016-08-31 15:36:19</dateChanged>
      <retired>false</retired>
    </org.openmrs.module.metadatasharing.Item>
    <org.openmrs.module.metadatasharing.Item id="17" uuid="12a128a6-36fc-490a-8641-ab9ebc3747e1">
      <id>1436</id>
      <classname>org.openmrs.api.db.SerializedObject</classname>
      <dateChanged id="18">2016-02-11 10:17:24</dateChanged>
      <retired>false</retired>
    </org.openmrs.module.metadatasharing.Item>
    <org.openmrs.module.metadatasharing.Item id="19" uuid="175302de-c00b-48fa-a942-dd66625db370">
      <id>1437</id>
      <classname>org.openmrs.api.db.SerializedObject</classname>
      <dateChanged id="20">2016-02-24 07:50:51</dateChanged>
      <retired>false</retired>
    </org.openmrs.module.metadatasharing.Item>
    <org.openmrs.module.metadatasharing.Item id="21" uuid="a481356d-cd8a-4e61-a774-64ca438d62fa">
      <id>1439</id>
      <classname>org.openmrs.api.db.SerializedObject</classname>
      <dateChanged id="22">2016-02-15 08:07:46</dateChanged>
      <retired>false</retired>
    </org.openmrs.module.metadatasharing.Item>
    <org.openmrs.module.metadatasharing.Item id="23" uuid="6aedea01-aa91-42e5-ba7f-d67d514bcc89">
      <id>1440</id>
      <classname>org.openmrs.api.db.SerializedObject</classname>
      <dateChanged id="24">2016-02-24 08:28:54</dateChanged>
      <retired>false</retired>
    </org.openmrs.module.metadatasharing.Item>
    <org.openmrs.module.metadatasharing.Item id="25" uuid="ba89a112-f1e9-40db-9fd7-3c3c05095c9d">
      <id>1441</id>
      <classname>org.openmrs.api.db.SerializedObject</classname>
      <dateChanged id="26">2016-02-24 07:41:54</dateChanged>
      <retired>false</retired>
    </org.openmrs.module.metadatasharing.Item>
    <org.openmrs.module.metadatasharing.Item id="27" uuid="2e67943c-62ed-4dc9-a456-9a1e8d6ac8cd">
      <id>1442</id>
      <classname>org.openmrs.api.db.SerializedObject</classname>
      <dateChanged id="28">2016-02-19 10:35:07</dateChanged>
      <retired>false</retired>
    </org.openmrs.module.metadatasharing.Item>
    <org.openmrs.module.metadatasharing.Item id="29" uuid="8714df99-1d35-4f65-8aa0-433321743586">
      <id>1443</id>
      <classname>org.openmrs.api.db.SerializedObject</classname>
      <dateChanged id="30">2016-08-31 15:50:56</dateChanged>
      <retired>false</retired>
    </org.openmrs.module.metadatasharing.Item>
    <org.openmrs.module.metadatasharing.Item id="31" uuid="eaac9e6c-5450-4368-af08-1d6b9f0717e4">
      <id>1446</id>
      <classname>org.openmrs.api.db.SerializedObject</classname>
      <dateChanged id="32">2016-02-23 13:29:09</dateChanged>
      <retired>false</retired>
    </org.openmrs.module.metadatasharing.Item>
    <org.openmrs.module.metadatasharing.Item id="33" uuid="271f32a3-1c11-46f5-b544-7041b2c12309">
      <id>1447</id>
      <classname>org.openmrs.api.db.SerializedObject</classname>
      <dateChanged id="34">2016-02-15 12:39:59</dateChanged>
      <retired>false</retired>
    </org.openmrs.module.metadatasharing.Item>
    <org.openmrs.module.metadatasharing.Item id="35" uuid="1359d13e-2228-464b-937c-656e4cb96abe">
      <id>1448</id>
      <classname>org.openmrs.api.db.SerializedObject</classname>
      <dateChanged id="36">2016-02-11 08:04:08</dateChanged>
      <retired>false</retired>
    </org.openmrs.module.metadatasharing.Item>
    <org.openmrs.module.metadatasharing.Item id="37" uuid="8e75dfaf-54e5-4b41-91a3-c2bc4f085240">
      <id>1449</id>
      <classname>org.openmrs.api.db.SerializedObject</classname>
      <dateChanged id="38">2016-02-15 08:05:44</dateChanged>
      <retired>false</retired>
    </org.openmrs.module.metadatasharing.Item>
    <org.openmrs.module.metadatasharing.Item id="39" uuid="4638c73f-9096-4818-a7f5-d20a3749e787">
      <id>1450</id>
      <classname>org.openmrs.api.db.SerializedObject</classname>
      <dateChanged id="40">2016-08-31 15:55:14</dateChanged>
      <retired>false</retired>
    </org.openmrs.module.metadatasharing.Item>
    <org.openmrs.module.metadatasharing.Item id="41" uuid="d9f21636-f3e9-4a1d-8b30-03f61e497af1">
      <id>1451</id>
      <classname>org.openmrs.api.db.SerializedObject</classname>
      <dateChanged id="42">2016-02-16 13:40:55</dateChanged>
      <retired>false</retired>
    </org.openmrs.module.metadatasharing.Item>
    <org.openmrs.module.metadatasharing.Item id="43" uuid="6685c281-5505-434f-b734-7f919cfc48a7">
      <id>1452</id>
      <classname>org.openmrs.api.db.SerializedObject</classname>
      <dateChanged id="44">2016-02-10 07:56:16</dateChanged>
      <retired>false</retired>
    </org.openmrs.module.metadatasharing.Item>
    <org.openmrs.module.metadatasharing.Item id="45" uuid="24cb2fbe-9054-4dc2-9455-63519c8a7010">
      <id>1455</id>
      <classname>org.openmrs.api.db.SerializedObject</classname>
      <dateChanged id="46">2016-02-09 08:42:24</dateChanged>
      <retired>false</retired>
    </org.openmrs.module.metadatasharing.Item>
    <org.openmrs.module.metadatasharing.Item id="47" uuid="84a98ac4-60dc-4ba6-a174-9e641d75005a">
      <id>1454</id>
      <classname>org.openmrs.api.db.SerializedObject</classname>
      <dateChanged id="48">2016-02-08 13:58:57</dateChanged>
      <retired>false</retired>
    </org.openmrs.module.metadatasharing.Item>
    <org.openmrs.module.metadatasharing.Item id="49" uuid="c97da386-860d-4815-bc1f-bb2078bc8d7c">
      <id>1457</id>
      <classname>org.openmrs.api.db.SerializedObject</classname>
      <dateChanged id="50">2016-08-31 15:09:40</dateChanged>
      <retired>false</retired>
    </org.openmrs.module.metadatasharing.Item>
    <org.openmrs.module.metadatasharing.Item id="51" uuid="653d6a82-8255-4fb3-ac60-28c90885a451">
      <id>1456</id>
      <classname>org.openmrs.api.db.SerializedObject</classname>
      <dateChanged id="52">2016-02-15 09:59:58</dateChanged>
      <retired>false</retired>
    </org.openmrs.module.metadatasharing.Item>
    <org.openmrs.module.metadatasharing.Item id="53" uuid="0ad776bb-c7e2-415c-905c-e28caa6717b0">
      <id>1458</id>
      <classname>org.openmrs.api.db.SerializedObject</classname>
      <dateChanged id="54">2016-02-08 14:15:05</dateChanged>
      <retired>false</retired>
    </org.openmrs.module.metadatasharing.Item>
    <org.openmrs.module.metadatasharing.Item id="55" uuid="820f3fbe-f9c8-4de0-8269-9228cf65b653">
      <id>1459</id>
      <classname>org.openmrs.api.db.SerializedObject</classname>
      <dateChanged id="56">2016-02-24 09:40:20</dateChanged>
      <retired>false</retired>
    </org.openmrs.module.metadatasharing.Item>
    <org.openmrs.module.metadatasharing.Item id="57" uuid="8e73b9f5-b225-4421-af6f-ef50bb61dbc3">
      <id>1460</id>
      <classname>org.openmrs.api.db.SerializedObject</classname>
      <dateChanged id="58">2016-02-22 12:39:25</dateChanged>
      <retired>false</retired>
    </org.openmrs.module.metadatasharing.Item>
    <org.openmrs.module.metadatasharing.Item id="59" uuid="e939053b-4599-47f8-bd6c-33840d53b763">
      <id>1461</id>
      <classname>org.openmrs.api.db.SerializedObject</classname>
      <dateChanged id="60">2016-08-31 15:31:57</dateChanged>
      <retired>false</retired>
    </org.openmrs.module.metadatasharing.Item>
    <org.openmrs.module.metadatasharing.Item id="61" uuid="7f546f1a-5d9a-49cd-857c-f1a328217e5a">
      <id>1462</id>
      <classname>org.openmrs.api.db.SerializedObject</classname>
      <dateChanged id="62">2016-02-11 12:48:41</dateChanged>
      <retired>false</retired>
    </org.openmrs.module.metadatasharing.Item>
    <org.openmrs.module.metadatasharing.Item id="63" uuid="2e6df775-803d-4ea9-8c29-431ac773f1d7">
      <id>1464</id>
      <classname>org.openmrs.api.db.SerializedObject</classname>
      <dateChanged id="64">2016-02-11 08:40:19</dateChanged>
      <retired>false</retired>
    </org.openmrs.module.metadatasharing.Item>
    <org.openmrs.module.metadatasharing.Item id="65" uuid="bdaccefa-cb27-46e5-9cff-a9a856f1abb1">
      <id>1463</id>
      <classname>org.openmrs.api.db.SerializedObject</classname>
      <dateChanged id="66">2016-02-10 14:02:41</dateChanged>
      <retired>false</retired>
    </org.openmrs.module.metadatasharing.Item>
    <org.openmrs.module.metadatasharing.Item id="67" uuid="c693d674-5481-4be5-91a1-c546c095b8bc">
      <id>1465</id>
      <classname>org.openmrs.api.db.SerializedObject</classname>
      <dateChanged id="68">2016-02-23 14:29:52</dateChanged>
      <retired>false</retired>
    </org.openmrs.module.metadatasharing.Item>
    <org.openmrs.module.metadatasharing.Item id="69" uuid="8b982706-da62-48f9-9368-2475b1656ead">
      <id>1466</id>
      <classname>org.openmrs.api.db.SerializedObject</classname>
      <dateChanged id="70">2016-02-15 08:03:02</dateChanged>
      <retired>false</retired>
    </org.openmrs.module.metadatasharing.Item>
    <org.openmrs.module.metadatasharing.Item id="71" uuid="7d4208c9-120f-475f-8d6d-5c97f900f4d3">
      <id>1467</id>
      <classname>org.openmrs.api.db.SerializedObject</classname>
      <dateChanged id="72">2016-02-15 08:12:26</dateChanged>
      <retired>false</retired>
    </org.openmrs.module.metadatasharing.Item>
    <org.openmrs.module.metadatasharing.Item id="73" uuid="cb9c4fd5-113c-432a-bd9d-c683b4bea5a4">
      <id>1468</id>
      <classname>org.openmrs.api.db.SerializedObject</classname>
      <dateChanged id="74">2016-02-09 07:22:55</dateChanged>
      <retired>false</retired>
    </org.openmrs.module.metadatasharing.Item>
    <org.openmrs.module.metadatasharing.Item id="75" uuid="2d66cf3f-9fe0-421c-9a18-a64d6c4901ef">
      <id>1469</id>
      <classname>org.openmrs.api.db.SerializedObject</classname>
      <dateChanged id="76">2016-09-05 11:57:50</dateChanged>
      <retired>false</retired>
    </org.openmrs.module.metadatasharing.Item>
    <org.openmrs.module.metadatasharing.Item id="77" uuid="7c329f71-34cd-4cd4-98c3-89f95604f1c2">
      <id>1470</id>
      <classname>org.openmrs.api.db.SerializedObject</classname>
      <dateChanged id="78">2016-08-31 15:23:54</dateChanged>
      <retired>false</retired>
    </org.openmrs.module.metadatasharing.Item>
    <org.openmrs.module.metadatasharing.Item id="79" uuid="5faa0b64-33d5-4b38-9895-cfbeb70dc8bd">
      <id>1471</id>
      <classname>org.openmrs.api.db.SerializedObject</classname>
      <dateChanged id="80">2016-02-22 09:20:56</dateChanged>
      <retired>false</retired>
    </org.openmrs.module.metadatasharing.Item>
    <org.openmrs.module.metadatasharing.Item id="81" uuid="1dc997e4-9ac8-43de-811d-7c204d283d83">
      <id>1625</id>
      <classname>org.openmrs.api.db.SerializedObject</classname>
      <dateChanged id="82">2016-09-05 11:50:48</dateChanged>
      <retired>false</retired>
    </org.openmrs.module.metadatasharing.Item>
    <org.openmrs.module.metadatasharing.Item id="83" uuid="b33ec8dc-034e-49b0-9bdd-94664d8d3668">
      <id>1472</id>
      <classname>org.openmrs.api.db.SerializedObject</classname>
      <dateChanged id="84">2016-08-31 15:36:57</dateChanged>
      <retired>false</retired>
    </org.openmrs.module.metadatasharing.Item>
    <org.openmrs.module.metadatasharing.Item id="85" uuid="dafd5664-1d49-45ba-8d49-ba4d85021dbd">
      <id>1473</id>
      <classname>org.openmrs.api.db.SerializedObject</classname>
      <dateChanged id="86">2016-02-10 13:33:06</dateChanged>
      <retired>false</retired>
    </org.openmrs.module.metadatasharing.Item>
    <org.openmrs.module.metadatasharing.Item id="87" uuid="353279e3-1c1e-4465-8398-658db685751b">
      <id>1474</id>
      <classname>org.openmrs.api.db.SerializedObject</classname>
      <dateChanged id="88">2016-02-10 12:31:40</dateChanged>
      <retired>false</retired>
    </org.openmrs.module.metadatasharing.Item>
    <org.openmrs.module.metadatasharing.Item id="89" uuid="2955a938-dd15-485e-bba7-0d31e0764c69">
      <id>1475</id>
      <classname>org.openmrs.api.db.SerializedObject</classname>
      <dateChanged id="90">2016-08-31 15:53:29</dateChanged>
      <retired>false</retired>
    </org.openmrs.module.metadatasharing.Item>
    <org.openmrs.module.metadatasharing.Item id="91" uuid="25cac359-afff-46a9-95ad-957b5c4c5bb7">
      <id>1476</id>
      <classname>org.openmrs.api.db.SerializedObject</classname>
      <dateChanged id="92">2016-02-10 13:46:53</dateChanged>
      <retired>false</retired>
    </org.openmrs.module.metadatasharing.Item>
    <org.openmrs.module.metadatasharing.Item id="93" uuid="71600231-da0b-4f0c-bf7d-a0d03ccf3ed4">
      <id>1477</id>
      <classname>org.openmrs.api.db.SerializedObject</classname>
      <dateChanged id="94">2016-02-23 12:48:15</dateChanged>
      <retired>false</retired>
    </org.openmrs.module.metadatasharing.Item>
    <org.openmrs.module.metadatasharing.Item id="95" uuid="bea47cc2-3928-4b24-8b12-90c5981a1b2b">
      <id>1478</id>
      <classname>org.openmrs.api.db.SerializedObject</classname>
      <dateChanged id="96">2016-08-31 15:25:58</dateChanged>
      <retired>false</retired>
    </org.openmrs.module.metadatasharing.Item>
    <org.openmrs.module.metadatasharing.Item id="97" uuid="56a3b4f8-9085-428c-926d-22904cac0f91">
      <id>1480</id>
      <classname>org.openmrs.api.db.SerializedObject</classname>
      <dateChanged id="98">2016-08-31 15:33:39</dateChanged>
      <retired>false</retired>
    </org.openmrs.module.metadatasharing.Item>
    <org.openmrs.module.metadatasharing.Item id="99" uuid="9083bead-252c-4625-b9b0-6047a2eec407">
      <id>1479</id>
      <classname>org.openmrs.api.db.SerializedObject</classname>
      <dateChanged id="100">2016-02-10 08:35:33</dateChanged>
      <retired>false</retired>
    </org.openmrs.module.metadatasharing.Item>
    <org.openmrs.module.metadatasharing.Item id="101" uuid="c7609d47-8e46-4911-9bba-0b405ffadfda">
      <id>1481</id>
      <classname>org.openmrs.api.db.SerializedObject</classname>
      <dateChanged id="102">2016-02-24 10:01:12</dateChanged>
      <retired>false</retired>
    </org.openmrs.module.metadatasharing.Item>
    <org.openmrs.module.metadatasharing.Item id="103" uuid="bc8234c4-7f5a-445d-801c-d5fd0d698140">
      <id>1482</id>
      <classname>org.openmrs.api.db.SerializedObject</classname>
      <dateChanged id="104">2016-02-24 09:02:43</dateChanged>
      <retired>false</retired>
    </org.openmrs.module.metadatasharing.Item>
    <org.openmrs.module.metadatasharing.Item id="105" uuid="0cf636de-dda2-40af-8107-7d26dbfb75e5">
      <id>1483</id>
      <classname>org.openmrs.api.db.SerializedObject</classname>
      <dateChanged id="106">2016-08-31 15:51:31</dateChanged>
      <retired>false</retired>
    </org.openmrs.module.metadatasharing.Item>
    <org.openmrs.module.metadatasharing.Item id="107" uuid="85956395-41cf-4b82-816c-c8d164faa05d">
      <id>1484</id>
      <classname>org.openmrs.api.db.SerializedObject</classname>
      <dateChanged id="108">2016-02-24 08:48:21</dateChanged>
      <retired>false</retired>
    </org.openmrs.module.metadatasharing.Item>
    <org.openmrs.module.metadatasharing.Item id="109" uuid="00791dce-f0c8-4583-a988-47c539f3dfaa">
      <id>1485</id>
      <classname>org.openmrs.api.db.SerializedObject</classname>
      <dateChanged id="110">2016-02-22 09:26:08</dateChanged>
      <retired>false</retired>
    </org.openmrs.module.metadatasharing.Item>
    <org.openmrs.module.metadatasharing.Item id="111" uuid="f7808a91-bb95-44f4-ac0e-b1d273a9f885">
      <id>1486</id>
      <classname>org.openmrs.api.db.SerializedObject</classname>
      <dateChanged id="112">2016-02-23 13:55:45</dateChanged>
      <retired>false</retired>
    </org.openmrs.module.metadatasharing.Item>
    <org.openmrs.module.metadatasharing.Item id="113" uuid="a76c63d5-01e4-4b9b-8f69-b14da55a7179">
      <id>1487</id>
      <classname>org.openmrs.api.db.SerializedObject</classname>
      <dateChanged id="114">2016-02-15 09:24:24</dateChanged>
      <retired>false</retired>
    </org.openmrs.module.metadatasharing.Item>
    <org.openmrs.module.metadatasharing.Item id="115" uuid="6c36eaaf-2430-42e7-81a7-f2d8e9d7afaa">
      <id>1488</id>
      <classname>org.openmrs.api.db.SerializedObject</classname>
      <dateChanged id="116">2016-02-09 09:30:59</dateChanged>
      <retired>false</retired>
    </org.openmrs.module.metadatasharing.Item>
    <org.openmrs.module.metadatasharing.Item id="117" uuid="1f2cc937-55fe-43ae-83e4-719d4441ee0e">
      <id>1489</id>
      <classname>org.openmrs.api.db.SerializedObject</classname>
      <dateChanged id="118">2016-02-10 12:24:24</dateChanged>
      <retired>false</retired>
    </org.openmrs.module.metadatasharing.Item>
    <org.openmrs.module.metadatasharing.Item id="119" uuid="124dabf3-03cd-4cda-9e1d-d751ea0b39c2">
      <id>1490</id>
      <classname>org.openmrs.api.db.SerializedObject</classname>
      <dateChanged id="120">2016-02-16 13:34:18</dateChanged>
      <retired>false</retired>
    </org.openmrs.module.metadatasharing.Item>
    <org.openmrs.module.metadatasharing.Item id="121" uuid="64b524e9-2fac-4e60-b960-645827114972">
      <id>1491</id>
      <classname>org.openmrs.api.db.SerializedObject</classname>
      <dateChanged id="122">2016-02-11 09:17:50</dateChanged>
      <retired>false</retired>
    </org.openmrs.module.metadatasharing.Item>
    <org.openmrs.module.metadatasharing.Item id="123" uuid="b0b9805f-2aea-48fb-89f5-903156d4ecc0">
      <id>1492</id>
      <classname>org.openmrs.api.db.SerializedObject</classname>
      <dateChanged id="124">2016-02-23 14:39:27</dateChanged>
      <retired>false</retired>
    </org.openmrs.module.metadatasharing.Item>
    <org.openmrs.module.metadatasharing.Item id="125" uuid="92ea7f99-36e4-4aa2-b544-e4499503bd1c">
      <id>1493</id>
      <classname>org.openmrs.api.db.SerializedObject</classname>
      <dateChanged id="126">2016-02-16 07:42:44</dateChanged>
      <retired>false</retired>
    </org.openmrs.module.metadatasharing.Item>
    <org.openmrs.module.metadatasharing.Item id="127" uuid="b5818b8b-5e2a-4edf-a34f-dea125cf3514">
      <id>1494</id>
      <classname>org.openmrs.api.db.SerializedObject</classname>
      <dateChanged id="128">2016-02-10 12:14:50</dateChanged>
      <retired>false</retired>
    </org.openmrs.module.metadatasharing.Item>
    <org.openmrs.module.metadatasharing.Item id="129" uuid="229966b9-1f86-49e3-a27b-867e2ec78f21">
      <id>1495</id>
      <classname>org.openmrs.api.db.SerializedObject</classname>
      <dateChanged id="130">2016-08-31 15:34:55</dateChanged>
      <retired>false</retired>
    </org.openmrs.module.metadatasharing.Item>
    <org.openmrs.module.metadatasharing.Item id="131" uuid="433b31a7-9ceb-4e36-a4ae-6c1a1e4ed1ef">
      <id>1496</id>
      <classname>org.openmrs.api.db.SerializedObject</classname>
      <dateChanged id="132">2016-02-24 07:03:11</dateChanged>
      <retired>false</retired>
    </org.openmrs.module.metadatasharing.Item>
    <org.openmrs.module.metadatasharing.Item id="133" uuid="ae078d0a-9327-47ec-876b-f88cb52900a5">
      <id>1497</id>
      <classname>org.openmrs.api.db.SerializedObject</classname>
      <dateChanged id="134">2016-02-15 14:15:05</dateChanged>
      <retired>false</retired>
    </org.openmrs.module.metadatasharing.Item>
    <org.openmrs.module.metadatasharing.Item id="135" uuid="d397d457-611f-406f-a5f0-421a21bceefb">
      <id>1498</id>
      <classname>org.openmrs.api.db.SerializedObject</classname>
      <dateChanged id="136">2016-02-15 12:50:59</dateChanged>
      <retired>false</retired>
    </org.openmrs.module.metadatasharing.Item>
    <org.openmrs.module.metadatasharing.Item id="137" uuid="a8f25f32-f2c8-4077-8586-d64a639b3ba7">
      <id>1499</id>
      <classname>org.openmrs.api.db.SerializedObject</classname>
      <dateChanged id="138">2016-08-31 15:39:02</dateChanged>
      <retired>false</retired>
    </org.openmrs.module.metadatasharing.Item>
    <org.openmrs.module.metadatasharing.Item id="139" uuid="b5b4ba1b-df27-4578-882a-31c6e7ab4b7b">
      <id>1500</id>
      <classname>org.openmrs.api.db.SerializedObject</classname>
      <dateChanged id="140">2016-02-23 13:27:04</dateChanged>
      <retired>false</retired>
    </org.openmrs.module.metadatasharing.Item>
    <org.openmrs.module.metadatasharing.Item id="141" uuid="33470d3d-8ed5-4361-bd90-2aee2bd6cb3c">
      <id>1501</id>
      <classname>org.openmrs.api.db.SerializedObject</classname>
      <dateChanged id="142">2016-02-10 08:26:54</dateChanged>
      <retired>false</retired>
    </org.openmrs.module.metadatasharing.Item>
    <org.openmrs.module.metadatasharing.Item id="143" uuid="6be99aa8-22b2-4747-8b14-de110e4bdeba">
      <id>1503</id>
      <classname>org.openmrs.api.db.SerializedObject</classname>
      <dateChanged id="144">2016-02-19 10:36:19</dateChanged>
      <retired>false</retired>
    </org.openmrs.module.metadatasharing.Item>
    <org.openmrs.module.metadatasharing.Item id="145" uuid="88acad1e-2bf6-469d-8451-90b860cfed03">
      <id>1504</id>
      <classname>org.openmrs.api.db.SerializedObject</classname>
      <dateChanged id="146">2016-02-16 14:01:16</dateChanged>
      <retired>false</retired>
    </org.openmrs.module.metadatasharing.Item>
    <org.openmrs.module.metadatasharing.Item id="147" uuid="f0ca3c13-a909-4859-ae6d-6623492dbdc9">
      <id>1505</id>
      <classname>org.openmrs.api.db.SerializedObject</classname>
      <dateChanged id="148">2016-08-31 12:08:37</dateChanged>
      <retired>false</retired>
    </org.openmrs.module.metadatasharing.Item>
    <org.openmrs.module.metadatasharing.Item id="149" uuid="bcd687f8-0195-46bc-85ef-5ffb42e308b3">
      <id>1507</id>
      <classname>org.openmrs.api.db.SerializedObject</classname>
      <dateChanged id="150">2016-02-15 09:27:35</dateChanged>
      <retired>false</retired>
    </org.openmrs.module.metadatasharing.Item>
    <org.openmrs.module.metadatasharing.Item id="151" uuid="3d659f9c-df4f-4523-8710-022a2493c9d6">
      <id>1508</id>
      <classname>org.openmrs.api.db.SerializedObject</classname>
      <dateChanged id="152">2016-02-24 07:26:23</dateChanged>
      <retired>false</retired>
    </org.openmrs.module.metadatasharing.Item>
    <org.openmrs.module.metadatasharing.Item id="153" uuid="b7b8123b-26a4-4424-9214-aa976b8961c0">
      <id>1622</id>
      <classname>org.openmrs.api.db.SerializedObject</classname>
      <dateChanged id="154">2016-08-31 14:06:19</dateChanged>
      <retired>false</retired>
    </org.openmrs.module.metadatasharing.Item>
    <org.openmrs.module.metadatasharing.Item id="155" uuid="efa4c0b5-d97c-472e-91e4-7493e7d7e661">
      <id>1512</id>
      <classname>org.openmrs.api.db.SerializedObject</classname>
      <dateChanged id="156">2016-08-31 15:22:28</dateChanged>
      <retired>false</retired>
    </org.openmrs.module.metadatasharing.Item>
    <org.openmrs.module.metadatasharing.Item id="157" uuid="e2749e08-471d-407d-a532-8bf0d9f5367d">
      <id>1511</id>
      <classname>org.openmrs.api.db.SerializedObject</classname>
      <dateChanged id="158">2016-08-31 15:34:20</dateChanged>
      <retired>false</retired>
    </org.openmrs.module.metadatasharing.Item>
    <org.openmrs.module.metadatasharing.Item id="159" uuid="aff3281b-881c-4955-b84f-3ee0f82c0f22">
      <id>1513</id>
      <classname>org.openmrs.api.db.SerializedObject</classname>
      <dateChanged id="160">2016-02-11 08:52:08</dateChanged>
      <retired>false</retired>
    </org.openmrs.module.metadatasharing.Item>
    <org.openmrs.module.metadatasharing.Item id="161" uuid="a5b0c77f-ba54-48d0-a309-3acb203f3810">
      <id>1514</id>
      <classname>org.openmrs.api.db.SerializedObject</classname>
      <dateChanged id="162">2016-02-22 10:18:17</dateChanged>
      <retired>false</retired>
    </org.openmrs.module.metadatasharing.Item>
    <org.openmrs.module.metadatasharing.Item id="163" uuid="4b7fff77-69ca-4ff0-a20a-695b11a29e11">
      <id>1515</id>
      <classname>org.openmrs.api.db.SerializedObject</classname>
      <dateChanged id="164">2016-02-23 14:36:21</dateChanged>
      <retired>false</retired>
    </org.openmrs.module.metadatasharing.Item>
    <org.openmrs.module.metadatasharing.Item id="165" uuid="3387b1be-483d-4498-a350-508a796dfdf8">
      <id>1516</id>
      <classname>org.openmrs.api.db.SerializedObject</classname>
      <dateChanged id="166">2016-08-31 15:39:53</dateChanged>
      <retired>false</retired>
    </org.openmrs.module.metadatasharing.Item>
    <org.openmrs.module.metadatasharing.Item id="167" uuid="d069ee55-6ec9-4c13-b2a1-ab3f92826012">
      <id>1517</id>
      <classname>org.openmrs.api.db.SerializedObject</classname>
      <dateChanged id="168">2016-02-23 10:06:48</dateChanged>
      <retired>false</retired>
    </org.openmrs.module.metadatasharing.Item>
    <org.openmrs.module.metadatasharing.Item id="169" uuid="3fe99091-bd16-43d6-a1d8-cdada6f77c9f">
      <id>1518</id>
      <classname>org.openmrs.api.db.SerializedObject</classname>
      <dateChanged id="170">2016-02-15 12:55:21</dateChanged>
      <retired>false</retired>
    </org.openmrs.module.metadatasharing.Item>
    <org.openmrs.module.metadatasharing.Item id="171" uuid="2e8e6ca3-2ec5-4ca2-8830-bfefd88bc840">
      <id>1519</id>
      <classname>org.openmrs.api.db.SerializedObject</classname>
      <dateChanged id="172">2016-08-31 15:54:12</dateChanged>
      <retired>false</retired>
    </org.openmrs.module.metadatasharing.Item>
    <org.openmrs.module.metadatasharing.Item id="173" uuid="27176555-a589-47f1-933e-c6301a26aaa9">
      <id>1520</id>
      <classname>org.openmrs.api.db.SerializedObject</classname>
      <dateChanged id="174">2016-02-08 15:21:38</dateChanged>
      <retired>false</retired>
    </org.openmrs.module.metadatasharing.Item>
    <org.openmrs.module.metadatasharing.Item id="175" uuid="da018649-449b-461f-a21f-84fe90f128ce">
      <id>1521</id>
      <classname>org.openmrs.api.db.SerializedObject</classname>
      <dateChanged id="176">2016-08-31 15:31:07</dateChanged>
      <retired>false</retired>
    </org.openmrs.module.metadatasharing.Item>
    <org.openmrs.module.metadatasharing.Item id="177" uuid="451c78fb-4a70-4c16-93fe-13676ef11456">
      <id>1522</id>
      <classname>org.openmrs.api.db.SerializedObject</classname>
      <dateChanged id="178">2016-02-24 08:35:40</dateChanged>
      <retired>false</retired>
    </org.openmrs.module.metadatasharing.Item>
    <org.openmrs.module.metadatasharing.Item id="179" uuid="d78bfc53-f66a-4615-963d-6a7193fb85f0">
      <id>1524</id>
      <classname>org.openmrs.api.db.SerializedObject</classname>
      <dateChanged id="180">2016-08-31 15:40:33</dateChanged>
      <retired>false</retired>
    </org.openmrs.module.metadatasharing.Item>
    <org.openmrs.module.metadatasharing.Item id="181" uuid="ad9b2c9e-5979-4484-9924-1d0c6c06eac1">
      <id>1525</id>
      <classname>org.openmrs.api.db.SerializedObject</classname>
      <dateChanged id="182">2016-02-22 08:44:56</dateChanged>
      <retired>false</retired>
    </org.openmrs.module.metadatasharing.Item>
    <org.openmrs.module.metadatasharing.Item id="183" uuid="fb4c0fe6-1e05-4dda-b868-782191b0cd40">
      <id>1526</id>
      <classname>org.openmrs.api.db.SerializedObject</classname>
      <dateChanged id="184">2016-02-09 13:18:45</dateChanged>
      <retired>false</retired>
    </org.openmrs.module.metadatasharing.Item>
    <org.openmrs.module.metadatasharing.Item id="185" uuid="c9515312-8702-4ebb-a77b-4ee8d4485a64">
      <id>1527</id>
      <classname>org.openmrs.api.db.SerializedObject</classname>
      <dateChanged id="186">2016-02-11 08:27:55</dateChanged>
      <retired>false</retired>
    </org.openmrs.module.metadatasharing.Item>
    <org.openmrs.module.metadatasharing.Item id="187" uuid="d568bc5a-8efd-4122-92bb-5b25b4d27649">
      <id>1530</id>
      <classname>org.openmrs.api.db.SerializedObject</classname>
      <dateChanged id="188">2016-08-31 15:41:21</dateChanged>
      <retired>false</retired>
    </org.openmrs.module.metadatasharing.Item>
    <org.openmrs.module.metadatasharing.Item id="189" uuid="0cea503c-d35a-4fbb-9c94-333b97c18715">
      <id>1528</id>
      <classname>org.openmrs.api.db.SerializedObject</classname>
      <dateChanged id="190">2016-02-09 14:44:18</dateChanged>
      <retired>false</retired>
    </org.openmrs.module.metadatasharing.Item>
    <org.openmrs.module.metadatasharing.Item id="191" uuid="f1800262-af88-4fc1-afb3-40a2b91309a5">
      <id>1529</id>
      <classname>org.openmrs.api.db.SerializedObject</classname>
      <dateChanged id="192">2016-02-09 08:22:46</dateChanged>
      <retired>false</retired>
    </org.openmrs.module.metadatasharing.Item>
    <org.openmrs.module.metadatasharing.Item id="193" uuid="0c716bde-c286-448a-85bb-54f8ba5ce05a">
      <id>1531</id>
      <classname>org.openmrs.api.db.SerializedObject</classname>
      <dateChanged id="194">2016-02-15 12:37:08</dateChanged>
      <retired>false</retired>
    </org.openmrs.module.metadatasharing.Item>
    <org.openmrs.module.metadatasharing.Item id="195" uuid="319bd36b-b23e-4094-919a-08878bc7332f">
      <id>233</id>
      <classname>org.openmrs.api.db.SerializedObject</classname>
      <dateChanged id="196">2014-10-10 14:47:39</dateChanged>
      <retired>false</retired>
    </org.openmrs.module.metadatasharing.Item>
    <org.openmrs.module.metadatasharing.Item id="197" uuid="56b6aba2-0343-4112-992f-d6037b4e16e4">
      <id>1532</id>
      <classname>org.openmrs.api.db.SerializedObject</classname>
      <dateChanged id="198">2016-02-23 13:12:03</dateChanged>
      <retired>false</retired>
    </org.openmrs.module.metadatasharing.Item>
    <org.openmrs.module.metadatasharing.Item id="199" uuid="66161e1f-1ee4-430e-98e8-2bb237b89b0d">
      <id>1533</id>
      <classname>org.openmrs.api.db.SerializedObject</classname>
      <dateChanged id="200">2016-02-15 08:39:56</dateChanged>
      <retired>false</retired>
    </org.openmrs.module.metadatasharing.Item>
    <org.openmrs.module.metadatasharing.Item id="201" uuid="0e1b4f8a-4029-43b3-95e4-873eb4239226">
      <id>1534</id>
      <classname>org.openmrs.api.db.SerializedObject</classname>
      <dateChanged id="202">2016-02-15 08:16:05</dateChanged>
      <retired>false</retired>
    </org.openmrs.module.metadatasharing.Item>
    <org.openmrs.module.metadatasharing.Item id="203" uuid="817ad9c7-a12c-4e7b-a5bc-679f705a8e73">
      <id>1535</id>
      <classname>org.openmrs.api.db.SerializedObject</classname>
      <dateChanged id="204">2016-02-22 13:01:48</dateChanged>
      <retired>false</retired>
    </org.openmrs.module.metadatasharing.Item>
    <org.openmrs.module.metadatasharing.Item id="205" uuid="5a7cecc9-e175-4ec7-b10d-0937356573b7">
      <id>1536</id>
      <classname>org.openmrs.api.db.SerializedObject</classname>
      <dateChanged id="206">2016-02-22 09:36:16</dateChanged>
      <retired>false</retired>
    </org.openmrs.module.metadatasharing.Item>
    <org.openmrs.module.metadatasharing.Item id="207" uuid="3d4ab778-5a82-4b8d-a1cb-cea77c665dc1">
      <id>1537</id>
      <classname>org.openmrs.api.db.SerializedObject</classname>
      <dateChanged id="208">2016-02-23 12:50:00</dateChanged>
      <retired>false</retired>
    </org.openmrs.module.metadatasharing.Item>
    <org.openmrs.module.metadatasharing.Item id="209" uuid="f7a391f9-6bb7-461a-a7fb-093330a21ab3">
      <id>1538</id>
      <classname>org.openmrs.api.db.SerializedObject</classname>
      <dateChanged id="210">2016-02-10 13:21:24</dateChanged>
      <retired>false</retired>
    </org.openmrs.module.metadatasharing.Item>
    <org.openmrs.module.metadatasharing.Item id="211" uuid="2ba6eaf9-e2ab-4f68-981c-a29f40e214b9">
      <id>1539</id>
      <classname>org.openmrs.api.db.SerializedObject</classname>
      <dateChanged id="212">2016-02-11 09:54:48</dateChanged>
      <retired>false</retired>
    </org.openmrs.module.metadatasharing.Item>
    <org.openmrs.module.metadatasharing.Item id="213" uuid="8f6b87a6-564e-45a4-8e17-643595e3a30e">
      <id>1540</id>
      <classname>org.openmrs.api.db.SerializedObject</classname>
      <dateChanged id="214">2016-08-31 15:35:40</dateChanged>
      <retired>false</retired>
    </org.openmrs.module.metadatasharing.Item>
    <org.openmrs.module.metadatasharing.Item id="215" uuid="8a7f6e2d-323d-45dc-8e27-a27339863392">
      <id>1541</id>
      <classname>org.openmrs.api.db.SerializedObject</classname>
      <dateChanged id="216">2016-02-23 15:09:10</dateChanged>
      <retired>false</retired>
    </org.openmrs.module.metadatasharing.Item>
    <org.openmrs.module.metadatasharing.Item id="217" uuid="31662fce-678a-4ded-908c-99ec1ec68032">
      <id>1543</id>
      <classname>org.openmrs.api.db.SerializedObject</classname>
      <dateChanged id="218">2016-02-22 13:18:35</dateChanged>
      <retired>false</retired>
    </org.openmrs.module.metadatasharing.Item>
    <org.openmrs.module.metadatasharing.Item id="219" uuid="05716163-101c-4f60-a577-e2172b8e3353">
      <id>1544</id>
      <classname>org.openmrs.api.db.SerializedObject</classname>
      <dateChanged id="220">2016-02-16 14:06:30</dateChanged>
      <retired>false</retired>
    </org.openmrs.module.metadatasharing.Item>
    <org.openmrs.module.metadatasharing.Item id="221" uuid="5061933f-81c6-4260-89f9-c3fbfb145576">
      <id>1545</id>
      <classname>org.openmrs.api.db.SerializedObject</classname>
      <dateChanged id="222">2016-08-31 15:49:27</dateChanged>
      <retired>false</retired>
    </org.openmrs.module.metadatasharing.Item>
    <org.openmrs.module.metadatasharing.Item id="223" uuid="3e22cce4-46b5-40e6-8b1f-0ae3767f9cc2">
      <id>1548</id>
      <classname>org.openmrs.api.db.SerializedObject</classname>
      <dateChanged id="224">2016-08-31 15:26:46</dateChanged>
      <retired>false</retired>
    </org.openmrs.module.metadatasharing.Item>
    <org.openmrs.module.metadatasharing.Item id="225" uuid="871a9e1a-1cf5-47ae-ad3d-3a2807f2bfd8">
      <id>1549</id>
      <classname>org.openmrs.api.db.SerializedObject</classname>
      <dateChanged id="226">2016-02-15 10:49:53</dateChanged>
      <retired>false</retired>
    </org.openmrs.module.metadatasharing.Item>
    <org.openmrs.module.metadatasharing.Item id="227" uuid="bb2d664f-3869-4e6a-93b5-0f530f390f7b">
      <id>1550</id>
      <classname>org.openmrs.api.db.SerializedObject</classname>
      <dateChanged id="228">2016-02-15 12:57:44</dateChanged>
      <retired>false</retired>
    </org.openmrs.module.metadatasharing.Item>
    <org.openmrs.module.metadatasharing.Item id="229" uuid="21fd936a-575b-47d6-9d86-220577af6749">
      <id>1551</id>
      <classname>org.openmrs.api.db.SerializedObject</classname>
      <dateChanged id="230">2016-02-15 08:22:03</dateChanged>
      <retired>false</retired>
    </org.openmrs.module.metadatasharing.Item>
    <org.openmrs.module.metadatasharing.Item id="231" uuid="540cfcd1-62d7-4142-835c-497793ce8beb">
      <id>1552</id>
      <classname>org.openmrs.api.db.SerializedObject</classname>
      <dateChanged id="232">2016-02-22 12:54:38</dateChanged>
      <retired>false</retired>
    </org.openmrs.module.metadatasharing.Item>
    <org.openmrs.module.metadatasharing.Item id="233" uuid="9fe55573-f8a9-4c42-97fd-24d90cd7afde">
      <id>1553</id>
      <classname>org.openmrs.api.db.SerializedObject</classname>
      <dateChanged id="234">2016-02-23 10:11:04</dateChanged>
      <retired>false</retired>
    </org.openmrs.module.metadatasharing.Item>
    <org.openmrs.module.metadatasharing.Item id="235" uuid="09bc9372-c306-4179-aab0-ba37d0db611d">
      <id>1554</id>
      <classname>org.openmrs.api.db.SerializedObject</classname>
      <dateChanged id="236">2016-02-22 13:23:53</dateChanged>
      <retired>false</retired>
    </org.openmrs.module.metadatasharing.Item>
    <org.openmrs.module.metadatasharing.Item id="237" uuid="3b3d7679-7f61-4ac3-8ecc-ea2e7de49e70">
      <id>1555</id>
      <classname>org.openmrs.api.db.SerializedObject</classname>
      <dateChanged id="238">2016-08-31 15:42:09</dateChanged>
      <retired>false</retired>
    </org.openmrs.module.metadatasharing.Item>
    <org.openmrs.module.metadatasharing.Item id="239" uuid="fdfcdd29-1b47-440b-80b2-016ae3b2c9d5">
      <id>1557</id>
      <classname>org.openmrs.api.db.SerializedObject</classname>
      <dateChanged id="240">2016-02-23 13:07:28</dateChanged>
      <retired>false</retired>
    </org.openmrs.module.metadatasharing.Item>
    <org.openmrs.module.metadatasharing.Item id="241" uuid="a3ee1972-41d0-4f41-975a-efc655d6c290">
      <id>1558</id>
      <classname>org.openmrs.api.db.SerializedObject</classname>
      <dateChanged id="242">2016-02-10 11:55:17</dateChanged>
      <retired>false</retired>
    </org.openmrs.module.metadatasharing.Item>
    <org.openmrs.module.metadatasharing.Item id="243" uuid="d1f178a5-06d4-478c-bb4d-fd36c406c0cd">
      <id>1559</id>
      <classname>org.openmrs.api.db.SerializedObject</classname>
      <dateChanged id="244">2016-02-09 14:13:42</dateChanged>
      <retired>false</retired>
    </org.openmrs.module.metadatasharing.Item>
    <org.openmrs.module.metadatasharing.Item id="245" uuid="a691878d-309a-4a0b-8bde-388960831d96">
      <id>1560</id>
      <classname>org.openmrs.api.db.SerializedObject</classname>
      <dateChanged id="246">2016-02-15 12:47:57</dateChanged>
      <retired>false</retired>
    </org.openmrs.module.metadatasharing.Item>
    <org.openmrs.module.metadatasharing.Item id="247" uuid="e163f10e-061e-44ce-ae37-ea936f18b3d0">
      <id>1561</id>
      <classname>org.openmrs.api.db.SerializedObject</classname>
      <dateChanged id="248">2016-08-31 15:52:43</dateChanged>
      <retired>false</retired>
    </org.openmrs.module.metadatasharing.Item>
    <org.openmrs.module.metadatasharing.Item id="249" uuid="9e8f0945-35d4-43d5-93bb-57321a896b36">
      <id>1562</id>
      <classname>org.openmrs.api.db.SerializedObject</classname>
      <dateChanged id="250">2016-02-24 09:31:27</dateChanged>
      <retired>false</retired>
    </org.openmrs.module.metadatasharing.Item>
    <org.openmrs.module.metadatasharing.Item id="251" uuid="96c6a53a-e1b7-44bf-8ee6-a7c52b6f8553">
      <id>1563</id>
      <classname>org.openmrs.api.db.SerializedObject</classname>
      <dateChanged id="252">2016-08-31 15:43:47</dateChanged>
      <retired>false</retired>
    </org.openmrs.module.metadatasharing.Item>
    <org.openmrs.module.metadatasharing.Item id="253" uuid="12108b14-0f29-4cec-9a4c-8c4628b87d51">
      <id>1564</id>
      <classname>org.openmrs.api.db.SerializedObject</classname>
      <dateChanged id="254">2016-08-31 15:47:21</dateChanged>
      <retired>false</retired>
    </org.openmrs.module.metadatasharing.Item>
    <org.openmrs.module.metadatasharing.Item id="255" uuid="2c8aee3e-98e8-402f-b39f-13f807cb1569">
      <id>1565</id>
      <classname>org.openmrs.api.db.SerializedObject</classname>
      <dateChanged id="256">2016-08-31 11:13:31</dateChanged>
      <retired>false</retired>
    </org.openmrs.module.metadatasharing.Item>
    <org.openmrs.module.metadatasharing.Item id="257" uuid="fb5988c5-6d7d-409f-90d5-ac6cf962dc9a">
      <id>1566</id>
      <classname>org.openmrs.api.db.SerializedObject</classname>
      <dateChanged id="258">2016-02-15 13:56:03</dateChanged>
      <retired>false</retired>
    </org.openmrs.module.metadatasharing.Item>
    <org.openmrs.module.metadatasharing.Item id="259" uuid="dcfdfb81-1287-454c-a119-33865a9efe4a">
      <id>1568</id>
      <classname>org.openmrs.api.db.SerializedObject</classname>
      <dateChanged id="260">2016-08-31 15:48:42</dateChanged>
      <retired>false</retired>
    </org.openmrs.module.metadatasharing.Item>
    <org.openmrs.module.metadatasharing.Item id="261" uuid="19328baa-c735-4bd4-810f-5f4a8f14143e">
      <id>1626</id>
      <classname>org.openmrs.api.db.SerializedObject</classname>
      <dateChanged id="262">2016-09-05 11:55:35</dateChanged>
      <retired>false</retired>
    </org.openmrs.module.metadatasharing.Item>
    <org.openmrs.module.metadatasharing.Item id="263" uuid="eedebce5-ce50-4d20-a230-623cb48ace21">
      <id>1569</id>
      <classname>org.openmrs.api.db.SerializedObject</classname>
      <dateChanged id="264">2016-02-15 10:20:39</dateChanged>
      <retired>false</retired>
    </org.openmrs.module.metadatasharing.Item>
    <org.openmrs.module.metadatasharing.Item id="265" uuid="bf26a934-5801-4ded-8aaf-93e3eda052ab">
      <id>1570</id>
      <classname>org.openmrs.api.db.SerializedObject</classname>
      <dateChanged id="266">2016-02-08 15:22:04</dateChanged>
      <retired>false</retired>
    </org.openmrs.module.metadatasharing.Item>
    <org.openmrs.module.metadatasharing.Item id="267" uuid="fdfdcdd9-b2be-4c2d-abdb-369552c613ae">
      <id>1572</id>
      <classname>org.openmrs.api.db.SerializedObject</classname>
      <dateChanged id="268">2016-02-10 13:01:56</dateChanged>
      <retired>false</retired>
    </org.openmrs.module.metadatasharing.Item>
    <org.openmrs.module.metadatasharing.Item id="269" uuid="a3f7acf1-d32a-499c-a1be-2ed7463faee6">
      <id>1574</id>
      <classname>org.openmrs.api.db.SerializedObject</classname>
      <dateChanged id="270">2016-02-15 14:23:17</dateChanged>
      <retired>false</retired>
    </org.openmrs.module.metadatasharing.Item>
    <org.openmrs.module.metadatasharing.Item id="271" uuid="ab6704d7-ca5f-458d-a729-ac8d0cca25b4">
      <id>1576</id>
      <classname>org.openmrs.api.db.SerializedObject</classname>
      <dateChanged id="272">2016-02-08 15:21:09</dateChanged>
      <retired>false</retired>
    </org.openmrs.module.metadatasharing.Item>
    <org.openmrs.module.metadatasharing.Item id="273" uuid="86f1836a-0e30-4afe-bf8e-320c33c745f2">
      <id>1575</id>
      <classname>org.openmrs.api.db.SerializedObject</classname>
      <dateChanged id="274">2016-08-31 15:38:12</dateChanged>
      <retired>false</retired>
    </org.openmrs.module.metadatasharing.Item>
    <org.openmrs.module.metadatasharing.Item id="275" uuid="d3983649-45ec-4c10-b35f-4b00b9842fa4">
      <id>1577</id>
      <classname>org.openmrs.api.db.SerializedObject</classname>
      <dateChanged id="276">2016-02-16 08:18:36</dateChanged>
      <retired>false</retired>
    </org.openmrs.module.metadatasharing.Item>
    <org.openmrs.module.metadatasharing.Item id="277" uuid="ef4a3fff-ab03-47af-a1d0-9be35149e633">
      <id>1578</id>
      <classname>org.openmrs.api.db.SerializedObject</classname>
      <dateChanged id="278">2016-08-31 15:43:02</dateChanged>
      <retired>false</retired>
    </org.openmrs.module.metadatasharing.Item>
    <org.openmrs.module.metadatasharing.Item id="279" uuid="9bc4330b-5e04-4db3-b218-a5a240712729">
      <id>1579</id>
      <classname>org.openmrs.api.db.SerializedObject</classname>
      <dateChanged id="280">2016-02-15 10:05:30</dateChanged>
      <retired>false</retired>
    </org.openmrs.module.metadatasharing.Item>
    <org.openmrs.module.metadatasharing.Item id="281" uuid="acc63a61-84d6-4b8f-a539-f8693d399869">
      <id>1580</id>
      <classname>org.openmrs.api.db.SerializedObject</classname>
      <dateChanged id="282">2016-02-08 15:22:34</dateChanged>
      <retired>false</retired>
    </org.openmrs.module.metadatasharing.Item>
    <org.openmrs.module.metadatasharing.Item id="283" uuid="ae7d32b2-8141-47f8-8744-9a66e1b59db8">
      <id>1581</id>
      <classname>org.openmrs.api.db.SerializedObject</classname>
      <dateChanged id="284">2016-02-22 14:07:43</dateChanged>
      <retired>false</retired>
    </org.openmrs.module.metadatasharing.Item>
    <org.openmrs.module.metadatasharing.Item id="285" uuid="0481cf45-2cd7-4b6b-bc8f-76633cee6280">
      <id>1582</id>
      <classname>org.openmrs.api.db.SerializedObject</classname>
      <dateChanged id="286">2016-02-09 13:52:24</dateChanged>
      <retired>false</retired>
    </org.openmrs.module.metadatasharing.Item>
    <org.openmrs.module.metadatasharing.Item id="287" uuid="7cf0f9d0-daf0-451e-8750-ff9162b86e46">
      <id>1583</id>
      <classname>org.openmrs.api.db.SerializedObject</classname>
      <dateChanged id="288">2016-02-23 14:24:43</dateChanged>
      <retired>false</retired>
    </org.openmrs.module.metadatasharing.Item>
    <org.openmrs.module.metadatasharing.Item id="289" uuid="8299eb09-df37-4e14-a340-e9e26d73413d">
      <id>1584</id>
      <classname>org.openmrs.api.db.SerializedObject</classname>
      <dateChanged id="290">2016-02-16 07:34:22</dateChanged>
      <retired>false</retired>
    </org.openmrs.module.metadatasharing.Item>
    <org.openmrs.module.metadatasharing.Item id="291" uuid="b1748b39-b27b-43ae-b92d-bcdea766c81f">
      <id>1585</id>
      <classname>org.openmrs.api.db.SerializedObject</classname>
      <dateChanged id="292">2016-02-15 14:00:28</dateChanged>
      <retired>false</retired>
    </org.openmrs.module.metadatasharing.Item>
    <org.openmrs.module.metadatasharing.Item id="293" uuid="55014fce-4c43-4e37-aa27-fcb02e1584b4">
      <id>1586</id>
      <classname>org.openmrs.api.db.SerializedObject</classname>
      <dateChanged id="294">2016-02-09 13:36:29</dateChanged>
      <retired>false</retired>
    </org.openmrs.module.metadatasharing.Item>
    <org.openmrs.module.metadatasharing.Item id="295" uuid="f00aa388-61cd-4817-b579-439df37ed1eb">
      <id>1587</id>
      <classname>org.openmrs.api.db.SerializedObject</classname>
      <dateChanged id="296">2016-02-09 10:26:22</dateChanged>
      <retired>false</retired>
    </org.openmrs.module.metadatasharing.Item>
    <org.openmrs.module.metadatasharing.Item id="297" uuid="adb75f91-41cc-4aa6-a583-263cc47503d1">
      <id>1588</id>
      <classname>org.openmrs.api.db.SerializedObject</classname>
      <dateChanged id="298">2016-08-31 15:56:13</dateChanged>
      <retired>false</retired>
    </org.openmrs.module.metadatasharing.Item>
    <org.openmrs.module.metadatasharing.Item id="299" uuid="e7ccb385-ae5a-4fff-9e95-0d65b64f0e7b">
      <id>1589</id>
      <classname>org.openmrs.api.db.SerializedObject</classname>
      <dateChanged id="300">2016-02-19 09:51:22</dateChanged>
      <retired>false</retired>
    </org.openmrs.module.metadatasharing.Item>
    <org.openmrs.module.metadatasharing.Item id="301" uuid="9219c4ac-e243-4d75-a809-bc0c271354fe">
      <id>1590</id>
      <classname>org.openmrs.api.db.SerializedObject</classname>
      <dateChanged id="302">2016-02-15 08:25:04</dateChanged>
      <retired>false</retired>
    </org.openmrs.module.metadatasharing.Item>
    <org.openmrs.module.metadatasharing.Item id="303" uuid="35d1906a-518f-4dd5-b5ee-a93c775545c4">
      <id>1624</id>
      <classname>org.openmrs.api.db.SerializedObject</classname>
      <dateChanged id="304">2016-09-01 07:14:08</dateChanged>
      <retired>false</retired>
    </org.openmrs.module.metadatasharing.Item>
    <org.openmrs.module.metadatasharing.Item id="305" uuid="29d93f73-f0a1-41f2-8577-6524694a1cae">
      <id>1591</id>
      <classname>org.openmrs.api.db.SerializedObject</classname>
      <dateChanged id="306">2016-02-19 10:37:25</dateChanged>
      <retired>false</retired>
    </org.openmrs.module.metadatasharing.Item>
    <org.openmrs.module.metadatasharing.Item id="307" uuid="2a2c46e2-ebe8-41fe-8a04-9c1855b7ad6d">
      <id>1592</id>
      <classname>org.openmrs.api.db.SerializedObject</classname>
      <dateChanged id="308">2016-02-22 07:43:29</dateChanged>
      <retired>false</retired>
    </org.openmrs.module.metadatasharing.Item>
    <org.openmrs.module.metadatasharing.Item id="309" uuid="5363141f-4c41-4d34-9fa6-396694f598e0">
      <id>1593</id>
      <classname>org.openmrs.api.db.SerializedObject</classname>
      <dateChanged id="310">2016-08-31 15:44:59</dateChanged>
      <retired>false</retired>
    </org.openmrs.module.metadatasharing.Item>
    <org.openmrs.module.metadatasharing.Item id="311" uuid="8c434fa1-fbb8-46ef-8b7e-a9bcff6e7044">
      <id>1595</id>
      <classname>org.openmrs.api.db.SerializedObject</classname>
      <dateChanged id="312">2016-02-10 13:13:23</dateChanged>
      <retired>false</retired>
    </org.openmrs.module.metadatasharing.Item>
    <org.openmrs.module.metadatasharing.Item id="313" uuid="ff0ee94b-f0cd-4869-bf23-64ebd1e4e86c">
      <id>1596</id>
      <classname>org.openmrs.api.db.SerializedObject</classname>
      <dateChanged id="314">2016-02-16 13:56:33</dateChanged>
      <retired>false</retired>
    </org.openmrs.module.metadatasharing.Item>
    <org.openmrs.module.metadatasharing.Item id="315" uuid="bc568553-04b0-46f6-9872-f9a71a1f16f3">
      <id>1597</id>
      <classname>org.openmrs.api.db.SerializedObject</classname>
      <dateChanged id="316">2016-02-08 15:14:08</dateChanged>
      <retired>false</retired>
    </org.openmrs.module.metadatasharing.Item>
    <org.openmrs.module.metadatasharing.Item id="317" uuid="594908f7-0902-447e-91b0-367b6f1ed0c0">
      <id>1598</id>
      <classname>org.openmrs.api.db.SerializedObject</classname>
      <dateChanged id="318">2016-02-15 14:21:25</dateChanged>
      <retired>false</retired>
    </org.openmrs.module.metadatasharing.Item>
    <org.openmrs.module.metadatasharing.Item id="319" uuid="5c9ce152-bcd7-4493-8414-ddc81466a981">
      <id>1599</id>
      <classname>org.openmrs.api.db.SerializedObject</classname>
      <dateChanged id="320">2016-02-10 12:40:29</dateChanged>
      <retired>false</retired>
    </org.openmrs.module.metadatasharing.Item>
    <org.openmrs.module.metadatasharing.Item id="321" uuid="f01cbad3-5b8b-4427-82d9-59d019e6f495">
      <id>1600</id>
      <classname>org.openmrs.api.db.SerializedObject</classname>
      <dateChanged id="322">2016-02-24 09:50:36</dateChanged>
      <retired>false</retired>
    </org.openmrs.module.metadatasharing.Item>
    <org.openmrs.module.metadatasharing.Item id="323" uuid="3a12c651-a72a-4cf1-86a2-fa70030d9b4a">
      <id>1602</id>
      <classname>org.openmrs.api.db.SerializedObject</classname>
      <dateChanged id="324">2016-08-31 15:48:01</dateChanged>
      <retired>false</retired>
    </org.openmrs.module.metadatasharing.Item>
    <org.openmrs.module.metadatasharing.Item id="325" uuid="8b3cc51e-7dbe-4edc-a26f-b610b5ea3cf5">
      <id>1603</id>
      <classname>org.openmrs.api.db.SerializedObject</classname>
      <dateChanged id="326">2016-02-11 08:14:03</dateChanged>
      <retired>false</retired>
    </org.openmrs.module.metadatasharing.Item>
    <org.openmrs.module.metadatasharing.Item id="327" uuid="41a0839b-4272-44d7-8787-0db18afeeb2c">
      <id>1605</id>
      <classname>org.openmrs.api.db.SerializedObject</classname>
      <dateChanged id="328">2016-02-22 09:24:42</dateChanged>
      <retired>false</retired>
    </org.openmrs.module.metadatasharing.Item>
    <org.openmrs.module.metadatasharing.Item id="329" uuid="d9ed3e9b-e2a0-4d87-a464-0e72749ee638">
      <id>1606</id>
      <classname>org.openmrs.api.db.SerializedObject</classname>
      <dateChanged id="330">2016-02-22 10:09:51</dateChanged>
      <retired>false</retired>
    </org.openmrs.module.metadatasharing.Item>
    <org.openmrs.module.metadatasharing.Item id="331" uuid="7e010683-508b-427f-ae4e-ed1046900676">
      <id>1607</id>
      <classname>org.openmrs.api.db.SerializedObject</classname>
      <dateChanged id="332">2016-09-01 07:19:13</dateChanged>
      <retired>false</retired>
    </org.openmrs.module.metadatasharing.Item>
    <org.openmrs.module.metadatasharing.Item id="333" uuid="a306a011-c44c-440c-9d1e-f49931a26f47">
      <id>1608</id>
      <classname>org.openmrs.api.db.SerializedObject</classname>
      <dateChanged id="334">2016-02-11 09:09:05</dateChanged>
      <retired>false</retired>
    </org.openmrs.module.metadatasharing.Item>
    <org.openmrs.module.metadatasharing.Item id="335" uuid="b03cff54-ab23-42e9-82c8-bd760eb69449">
      <id>1609</id>
      <classname>org.openmrs.api.db.SerializedObject</classname>
      <dateChanged id="336">2016-08-31 15:32:55</dateChanged>
      <retired>false</retired>
    </org.openmrs.module.metadatasharing.Item>
    <org.openmrs.module.metadatasharing.Item id="337" uuid="eda2998c-282d-46cd-9aac-c68abf0a8286">
      <id>1610</id>
      <classname>org.openmrs.api.db.SerializedObject</classname>
      <dateChanged id="338">2016-08-31 15:52:07</dateChanged>
      <retired>false</retired>
    </org.openmrs.module.metadatasharing.Item>
    <org.openmrs.module.metadatasharing.Item id="339" uuid="aa1c805c-4521-4294-971f-df379ee32a0f">
      <id>1611</id>
      <classname>org.openmrs.api.db.SerializedObject</classname>
      <dateChanged id="340">2016-08-31 15:50:09</dateChanged>
      <retired>false</retired>
    </org.openmrs.module.metadatasharing.Item>
    <org.openmrs.module.metadatasharing.Item id="341" uuid="1ead56e6-ecda-4a3c-ad59-04461d0bcf46">
      <id>1612</id>
      <classname>org.openmrs.api.db.SerializedObject</classname>
      <dateChanged id="342">2016-02-22 12:27:57</dateChanged>
      <retired>false</retired>
    </org.openmrs.module.metadatasharing.Item>
    <org.openmrs.module.metadatasharing.Item id="343" uuid="81cf2587-8bc0-42db-a40f-63e378a38af2">
      <id>1614</id>
      <classname>org.openmrs.api.db.SerializedObject</classname>
      <dateChanged id="344">2016-02-09 09:10:51</dateChanged>
      <retired>false</retired>
    </org.openmrs.module.metadatasharing.Item>
    <org.openmrs.module.metadatasharing.Item id="345" uuid="c25bf2aa-ffca-4896-9028-083f3c0851e5">
      <id>1616</id>
      <classname>org.openmrs.api.db.SerializedObject</classname>
      <dateChanged id="346">2016-02-15 14:10:15</dateChanged>
      <retired>false</retired>
    </org.openmrs.module.metadatasharing.Item>
    <org.openmrs.module.metadatasharing.Item id="347" uuid="e1c1b1d8-6e9a-47f3-90f1-07a51eef88b8">
      <id>1617</id>
      <classname>org.openmrs.api.db.SerializedObject</classname>
      <dateChanged id="348">2016-02-16 14:13:07</dateChanged>
      <retired>false</retired>
    </org.openmrs.module.metadatasharing.Item>
    <org.openmrs.module.metadatasharing.Item id="349" uuid="99cdfa90-d09e-492d-a22b-63103d3d6c3a">
      <id>1618</id>
      <classname>org.openmrs.api.db.SerializedObject</classname>
      <dateChanged id="350">2016-02-24 07:36:45</dateChanged>
      <retired>false</retired>
    </org.openmrs.module.metadatasharing.Item>
    <org.openmrs.module.metadatasharing.Item id="351" uuid="921c2d40-32d3-4615-82c5-d41752a4d41f">
      <id>1623</id>
      <classname>org.openmrs.api.db.SerializedObject</classname>
      <dateChanged id="352">2016-08-31 14:11:59</dateChanged>
      <retired>false</retired>
    </org.openmrs.module.metadatasharing.Item>
    <org.openmrs.module.metadatasharing.Item id="353" uuid="2d27e23b-c8e3-4252-84e3-80ff03447f0d">
      <id>1619</id>
      <classname>org.openmrs.api.db.SerializedObject</classname>
      <dateChanged id="354">2016-02-08 10:30:27</dateChanged>
      <retired>false</retired>
    </org.openmrs.module.metadatasharing.Item>
    <org.openmrs.module.metadatasharing.Item id="355" uuid="fe05bcee-49c3-4f3c-a2d6-4b0e118f39e1">
      <id>1620</id>
      <classname>org.openmrs.api.db.SerializedObject</classname>
      <dateChanged id="356">2016-02-16 09:04:52</dateChanged>
      <retired>false</retired>
    </org.openmrs.module.metadatasharing.Item>
    <org.openmrs.module.metadatasharing.Item id="357" uuid="35c0971f-f869-49cc-9ed9-3ae30440b304">
      <id>1621</id>
      <classname>org.openmrs.api.db.SerializedObject</classname>
      <dateChanged id="358">2016-08-31 15:25:16</dateChanged>
      <retired>false</retired>
    </org.openmrs.module.metadatasharing.Item>
    <org.openmrs.module.metadatasharing.Item id="359" uuid="0faecb00-db6b-4f00-9084-889a8ff165b7">
      <id>78</id>
      <classname>org.openmrs.module.reporting.report.ReportDesign</classname>
      <dateChanged id="360">2016-09-05 12:09:38</dateChanged>
      <retired>false</retired>
    </org.openmrs.module.metadatasharing.Item>
    <org.openmrs.module.metadatasharing.Item id="361" uuid="0855f685-d97f-4cac-b115-0c090e141984">
      <id>75</id>
      <classname>org.openmrs.module.reporting.report.ReportDesign</classname>
      <dateChanged id="362">2016-02-11 15:15:17</dateChanged>
      <retired>false</retired>
    </org.openmrs.module.metadatasharing.Item>
    <org.openmrs.module.metadatasharing.Item id="363" uuid="de690154-b550-43a0-a0ec-48a25ebb0109">
      <id>76</id>
      <classname>org.openmrs.module.reporting.report.ReportDesign</classname>
      <dateChanged id="364">2016-02-24 13:02:39</dateChanged>
      <retired>false</retired>
    </org.openmrs.module.metadatasharing.Item>
    <org.openmrs.module.metadatasharing.Item id="365" uuid="7e0e5e87-bc95-4f85-8383-31e13e31c360">
      <id>77</id>
      <classname>org.openmrs.module.reporting.report.ReportDesign</classname>
      <dateChanged id="366">2016-09-05 12:04:44</dateChanged>
      <retired>false</retired>
    </org.openmrs.module.metadatasharing.Item>
    <org.openmrs.module.metadatasharing.Item id="367" uuid="74da21fc-45a4-45cc-93ca-0f7578d9fec4">
      <id>74</id>
      <classname>org.openmrs.module.reporting.report.ReportDesignResource</classname>
      <dateChanged id="368">2016-09-05 12:04:44</dateChanged>
      <retired>false</retired>
    </org.openmrs.module.metadatasharing.Item>
    <org.openmrs.module.metadatasharing.Item id="369" uuid="773729f3-aead-4673-af56-5b3512dbd5b1">
      <id>72</id>
      <classname>org.openmrs.module.reporting.report.ReportDesignResource</classname>
      <dateChanged id="370">2016-09-01 07:24:52</dateChanged>
      <retired>false</retired>
    </org.openmrs.module.metadatasharing.Item>
    <org.openmrs.module.metadatasharing.Item id="371" uuid="3cc08202-1d8a-4d8a-9ab1-6fc79f441289">
      <id>73</id>
      <classname>org.openmrs.module.reporting.report.ReportDesignResource</classname>
      <dateChanged id="372">2016-02-24 13:02:39</dateChanged>
      <retired>false</retired>
    </org.openmrs.module.metadatasharing.Item>
    <org.openmrs.module.metadatasharing.Item id="373" uuid="89f073d6-a30e-4b57-8cd5-12bc630f4c41">
      <id>75</id>
      <classname>org.openmrs.module.reporting.report.ReportDesignResource</classname>
      <dateChanged id="374">2016-09-05 12:08:26</dateChanged>
      <retired>false</retired>
    </org.openmrs.module.metadatasharing.Item>
  </items>
  <relatedItems class="linked-hash-set" id="375">
    <org.openmrs.module.metadatasharing.Item id="376" uuid="a481356d-cd8a-4e61-a774-64ca438d62fa">
      <id>1439</id>
      <classname>org.openmrs.module.reporting.report.definition.PeriodIndicatorReportDefinition</classname>
      <dateChanged id="377">2016-02-15 08:07:46</dateChanged>
      <retired>false</retired>
    </org.openmrs.module.metadatasharing.Item>
    <org.openmrs.module.metadatasharing.Item id="378" uuid="7b81d1b9-257d-4046-acf0-7a2cbc17d244">
      <id>1431</id>
      <classname>org.openmrs.module.reporting.report.definition.PeriodIndicatorReportDefinition</classname>
      <dateChanged id="379">2016-02-08 13:24:29</dateChanged>
      <retired>false</retired>
    </org.openmrs.module.metadatasharing.Item>
  </relatedItems>
  <incrementalVersion>false</incrementalVersion>
</package>
