<?xml version="1.0" encoding="UTF-8"?>
<package id="1" uuid="3bd9cb47-6421-4bd9-a3ca-e7d94a25cd42">
  <dateCreated id="2">2017-06-22 07:33:16</dateCreated>
  <name>FIX_CONCEPT_WITH_STOP_WORDS</name>
  <description>metadada used to change all concept with occurence of words   &#xd;
 AND, OR to lowercase and, or</description>
  <openmrsVersion>1.11.5  Build a0c979</openmrsVersion>
  <version>1</version>
  <groupUuid>19a09fdb-601e-48a3-bfea-3e5d327059bb</groupUuid>
  <modules id="3">
    <entry>
      <string>uilibrary</string>
      <string>1.5</string>
    </entry>
    <entry>
      <string>webservices.rest</string>
      <string>2.16.e045a4</string>
    </entry>
    <entry>
      <string>htmlformentry</string>
      <string>3.3.0</string>
    </entry>
    <entry>
      <string>patientsummary</string>
      <string>2.0</string>
    </entry>
    <entry>
      <string>reportingmds</string>
      <string>1.0-SNAPSHOT</string>
    </entry>
    <entry>
      <string>calculation</string>
      <string>1.1</string>
    </entry>
    <entry>
      <string>providermanagement</string>
      <string>2.3</string>
    </entry>
    <entry>
      <string>event</string>
      <string>2.2.1</string>
    </entry>
    <entry>
      <string>formfilter</string>
      <string>1.0.0</string>
    </entry>
    <entry>
      <string>htmlformentry19ext</string>
      <string>1.7</string>
    </entry>
    <entry>
      <string>esaudemetadata</string>
      <string>1.4.5</string>
    </entry>
    <entry>
      <string>addresshierarchy</string>
      <string>2.9</string>
    </entry>
    <entry>
      <string>dataentrystatistics</string>
      <string>1.3.2</string>
    </entry>
    <entry>
      <string>serialization.xstream</string>
      <string>0.2.9</string>
    </entry>
    <entry>
      <string>htmlwidgets</string>
      <string>1.7.2</string>
    </entry>
    <entry>
      <string>reportingcompatibility</string>
      <string>1.5.8</string>
    </entry>
    <entry>
      <string>groovy</string>
      <string>2.2.4</string>
    </entry>
    <entry>
      <string>uiframework</string>
      <string>3.4</string>
    </entry>
    <entry>
      <string>conceptimport</string>
      <string>1.0-SNAPSHOT</string>
    </entry>
    <entry>
      <string>patientflags</string>
      <string>1.3.4</string>
    </entry>
    <entry>
      <string>metadatamapping</string>
      <string>1.0.1</string>
    </entry>
    <entry>
      <string>reportingrest</string>
      <string>1.6</string>
    </entry>
    <entry>
      <string>appframework</string>
      <string>2.1</string>
    </entry>
    <entry>
      <string>logic</string>
      <string>0.5.2</string>
    </entry>
    <entry>
      <string>emrapi</string>
      <string>1.11.1</string>
    </entry>
    <entry>
      <string>databasebackup</string>
      <string>1.0</string>
    </entry>
    <entry>
      <string>metadatasharing</string>
      <string>1.2</string>
    </entry>
    <entry>
      <string>reporting</string>
      <string>0.9.9</string>
    </entry>
    <entry>
      <string>pharmacyapi</string>
      <string>1.0.1-SNAPSHOT</string>
    </entry>
    <entry>
      <string>gaac</string>
      <string>1.0</string>
    </entry>
    <entry>
      <string>patientflag_rest</string>
      <string>1.0.0</string>
    </entry>
  </modules>
  <items class="linked-hash-set" id="4">
    <org.openmrs.module.metadatasharing.Item id="5" uuid="6a739804-319f-4f23-a834-1b59809c5acd">
      <id>22022</id>
      <classname>org.openmrs.Concept</classname>
      <dateChanged id="6">2017-06-22 07:27:19</dateChanged>
      <retired>false</retired>
    </org.openmrs.module.metadatasharing.Item>
    <org.openmrs.module.metadatasharing.Item id="7" uuid="b4aed958-3d12-4809-90f9-cd099abde969">
      <id>22713</id>
      <classname>org.openmrs.Concept</classname>
      <dateChanged id="8">2017-06-22 07:21:31</dateChanged>
      <retired>false</retired>
    </org.openmrs.module.metadatasharing.Item>
    <org.openmrs.module.metadatasharing.Item id="9" uuid="4b48612e-f20a-4c2a-8b3d-2cb75c8017f8">
      <id>22433</id>
      <classname>org.openmrs.Concept</classname>
      <dateChanged id="10">2017-06-22 07:30:07</dateChanged>
      <retired>false</retired>
    </org.openmrs.module.metadatasharing.Item>
    <org.openmrs.module.metadatasharing.Item id="11" uuid="99ff5c8a-c29e-4970-bdb4-476c34089bf0">
      <id>22717</id>
      <classname>org.openmrs.Concept</classname>
      <dateChanged id="12">2017-06-22 07:23:06</dateChanged>
      <retired>false</retired>
    </org.openmrs.module.metadatasharing.Item>
    <org.openmrs.module.metadatasharing.Item id="13" uuid="2158aa0f-1a0a-45fa-9167-ef5d8fa9fc42">
      <id>22716</id>
      <classname>org.openmrs.Concept</classname>
      <dateChanged id="14">2017-06-22 07:22:42</dateChanged>
      <retired>false</retired>
    </org.openmrs.module.metadatasharing.Item>
    <org.openmrs.module.metadatasharing.Item id="15" uuid="6785b643-c52f-40c3-ae52-202383679d6b">
      <id>22714</id>
      <classname>org.openmrs.Concept</classname>
      <dateChanged id="16">2017-06-22 07:21:57</dateChanged>
      <retired>false</retired>
    </org.openmrs.module.metadatasharing.Item>
    <org.openmrs.module.metadatasharing.Item id="17" uuid="48e882f5-e38b-44ee-9ef9-b0d1f6f9ce79">
      <id>22712</id>
      <classname>org.openmrs.Concept</classname>
      <dateChanged id="18">2017-06-22 07:21:04</dateChanged>
      <retired>false</retired>
    </org.openmrs.module.metadatasharing.Item>
    <org.openmrs.module.metadatasharing.Item id="19" uuid="5231885f-a558-424d-ac11-ab02a69c378e">
      <id>22718</id>
      <classname>org.openmrs.Concept</classname>
      <dateChanged id="20">2017-06-22 07:23:23</dateChanged>
      <retired>false</retired>
    </org.openmrs.module.metadatasharing.Item>
    <org.openmrs.module.metadatasharing.Item id="21" uuid="3b45c92e-5e57-4d4a-9b41-10833b72545d">
      <id>22418</id>
      <classname>org.openmrs.Concept</classname>
      <dateChanged id="22">2017-06-22 07:27:55</dateChanged>
      <retired>false</retired>
    </org.openmrs.module.metadatasharing.Item>
    <org.openmrs.module.metadatasharing.Item id="23" uuid="4d9d32f2-b46b-4614-9c50-5aa3dee1a517">
      <id>22715</id>
      <classname>org.openmrs.Concept</classname>
      <dateChanged id="24">2017-06-22 07:22:20</dateChanged>
      <retired>false</retired>
    </org.openmrs.module.metadatasharing.Item>
  </items>
  <relatedItems class="linked-hash-set" id="25">
    <org.openmrs.module.metadatasharing.Item id="26" uuid="8d4a4c94-c2cc-11de-8d13-0010c6dffd0f">
      <id>4</id>
      <classname>org.openmrs.ConceptDatatype</classname>
      <dateChanged id="27">2004-02-01 22:00:00</dateChanged>
      <retired>false</retired>
    </org.openmrs.module.metadatasharing.Item>
    <org.openmrs.module.metadatasharing.Item id="28" uuid="8d490dfc-c2cc-11de-8d13-0010c6dffd0f">
      <id>3</id>
      <classname>org.openmrs.ConceptClass</classname>
      <dateChanged id="29">2004-02-02 00:00:00</dateChanged>
      <retired>false</retired>
    </org.openmrs.module.metadatasharing.Item>
    <org.openmrs.module.metadatasharing.Item id="30" uuid="7e1625af-17ce-4a6e-a229-c8ccf1317e4c">
      <id>29927</id>
      <classname>org.openmrs.ConceptName</classname>
      <dateChanged id="31">2017-06-21 14:39:29</dateChanged>
    </org.openmrs.module.metadatasharing.Item>
    <org.openmrs.module.metadatasharing.Item id="32" uuid="db563909-542b-4bd1-bfdd-8aaa7c3f6c55">
      <id>29928</id>
      <classname>org.openmrs.ConceptName</classname>
      <dateChanged id="33">2017-06-21 14:39:29</dateChanged>
    </org.openmrs.module.metadatasharing.Item>
    <org.openmrs.module.metadatasharing.Item id="34" uuid="af4eb425-cac5-47e2-a1a5-630d075bb6f7">
      <id>7125</id>
      <classname>org.openmrs.ConceptDescription</classname>
      <dateChanged id="35">2017-06-21 14:39:29</dateChanged>
    </org.openmrs.module.metadatasharing.Item>
    <org.openmrs.module.metadatasharing.Item id="36" uuid="cde8eb2c-2311-469e-9214-f6125d29fa7f">
      <id>7126</id>
      <classname>org.openmrs.ConceptDescription</classname>
      <dateChanged id="37">2017-06-21 14:39:29</dateChanged>
    </org.openmrs.module.metadatasharing.Item>
    <org.openmrs.module.metadatasharing.Item id="38" uuid="096412d5-20c0-4536-bca2-c733ae907c22">
      <id>35491</id>
      <classname>org.openmrs.ConceptMap</classname>
      <dateChanged id="39">2017-06-21 15:25:04</dateChanged>
    </org.openmrs.module.metadatasharing.Item>
    <org.openmrs.module.metadatasharing.Item id="40" uuid="35543629-7d8c-11e1-909d-c80aa9edcf4e">
      <id>1</id>
      <classname>org.openmrs.ConceptMapType</classname>
      <dateChanged id="41">2017-06-21 14:24:13</dateChanged>
      <retired>false</retired>
    </org.openmrs.module.metadatasharing.Item>
    <org.openmrs.module.metadatasharing.Item id="42" uuid="a963f3b3-c4eb-4915-8bb0-282c404b846e">
      <id>36031</id>
      <classname>org.openmrs.ConceptReferenceTerm</classname>
      <dateChanged id="43">2017-06-21 15:25:04</dateChanged>
      <retired>false</retired>
    </org.openmrs.module.metadatasharing.Item>
    <org.openmrs.module.metadatasharing.Item id="44" uuid="919246ff-6bfc-42fc-8213-69d2d1ce0db7">
      <id>34</id>
      <classname>org.openmrs.ConceptSource</classname>
      <dateChanged id="45">2016-10-12 13:42:37</dateChanged>
      <retired>false</retired>
    </org.openmrs.module.metadatasharing.Item>
    <org.openmrs.module.metadatasharing.Item id="46" uuid="10c57d0d-f65a-4a2e-b4cf-036f856516c9">
      <id>31203</id>
      <classname>org.openmrs.ConceptName</classname>
      <dateChanged id="47">2017-06-21 14:47:44</dateChanged>
    </org.openmrs.module.metadatasharing.Item>
    <org.openmrs.module.metadatasharing.Item id="48" uuid="264c8366-8635-435b-9261-16165dd4ce6a">
      <id>31204</id>
      <classname>org.openmrs.ConceptName</classname>
      <dateChanged id="49">2017-06-21 14:47:44</dateChanged>
    </org.openmrs.module.metadatasharing.Item>
    <org.openmrs.module.metadatasharing.Item id="50" uuid="bff7b0a1-6da9-45f2-a26b-8df42ae5193d">
      <id>8401</id>
      <classname>org.openmrs.ConceptDescription</classname>
      <dateChanged id="51">2017-06-21 14:47:44</dateChanged>
    </org.openmrs.module.metadatasharing.Item>
    <org.openmrs.module.metadatasharing.Item id="52" uuid="ebb4d3b2-a4a0-4f4a-811e-d07fd6e7c599">
      <id>8402</id>
      <classname>org.openmrs.ConceptDescription</classname>
      <dateChanged id="53">2017-06-21 14:47:44</dateChanged>
    </org.openmrs.module.metadatasharing.Item>
    <org.openmrs.module.metadatasharing.Item id="54" uuid="e72e9eb4-1e7a-446e-8222-0f26054add0a">
      <id>35899</id>
      <classname>org.openmrs.ConceptMap</classname>
      <dateChanged id="55">2017-06-21 15:29:08</dateChanged>
    </org.openmrs.module.metadatasharing.Item>
    <org.openmrs.module.metadatasharing.Item id="56" uuid="8909d930-167e-49c3-b638-d966f367481c">
      <id>36436</id>
      <classname>org.openmrs.ConceptReferenceTerm</classname>
      <dateChanged id="57">2017-06-21 15:29:08</dateChanged>
      <retired>false</retired>
    </org.openmrs.module.metadatasharing.Item>
    <org.openmrs.module.metadatasharing.Item id="58" uuid="6368ec81-2ac9-408a-a677-75fffdc5465b">
      <id>30711</id>
      <classname>org.openmrs.ConceptName</classname>
      <dateChanged id="59">2017-06-21 14:44:21</dateChanged>
    </org.openmrs.module.metadatasharing.Item>
    <org.openmrs.module.metadatasharing.Item id="60" uuid="7f618fd2-b3c6-49b9-b635-055477ea0cb5">
      <id>30712</id>
      <classname>org.openmrs.ConceptName</classname>
      <dateChanged id="61">2017-06-21 14:44:21</dateChanged>
    </org.openmrs.module.metadatasharing.Item>
    <org.openmrs.module.metadatasharing.Item id="62" uuid="e10968a6-c875-43ac-8696-bd68a6cc47bd">
      <id>7909</id>
      <classname>org.openmrs.ConceptDescription</classname>
      <dateChanged id="63">2017-06-21 14:44:21</dateChanged>
    </org.openmrs.module.metadatasharing.Item>
    <org.openmrs.module.metadatasharing.Item id="64" uuid="69f0fb38-404a-4800-ba6d-4a9a3b8947f6">
      <id>7910</id>
      <classname>org.openmrs.ConceptDescription</classname>
      <dateChanged id="65">2017-06-21 14:44:21</dateChanged>
    </org.openmrs.module.metadatasharing.Item>
    <org.openmrs.module.metadatasharing.Item id="66" uuid="dbbec59e-fab3-42dd-85aa-aa3ba4093c69">
      <id>36223</id>
      <classname>org.openmrs.ConceptMap</classname>
      <dateChanged id="67">2017-06-21 15:32:44</dateChanged>
    </org.openmrs.module.metadatasharing.Item>
    <org.openmrs.module.metadatasharing.Item id="68" uuid="ade4f4a6-c5de-4942-96aa-8883b6d6b6eb">
      <id>36757</id>
      <classname>org.openmrs.ConceptReferenceTerm</classname>
      <dateChanged id="69">2017-06-21 15:32:44</dateChanged>
      <retired>false</retired>
    </org.openmrs.module.metadatasharing.Item>
    <org.openmrs.module.metadatasharing.Item id="70" uuid="9eeb4036-1699-4d1c-9bdf-2ad79861be13">
      <id>31211</id>
      <classname>org.openmrs.ConceptName</classname>
      <dateChanged id="71">2017-06-21 14:47:47</dateChanged>
    </org.openmrs.module.metadatasharing.Item>
    <org.openmrs.module.metadatasharing.Item id="72" uuid="d9c188ce-f163-43bf-b1c0-8f8f2e0735fe">
      <id>31212</id>
      <classname>org.openmrs.ConceptName</classname>
      <dateChanged id="73">2017-06-21 14:47:47</dateChanged>
    </org.openmrs.module.metadatasharing.Item>
    <org.openmrs.module.metadatasharing.Item id="74" uuid="8e659cf8-06dc-4426-a6d1-868ff6e3285e">
      <id>8409</id>
      <classname>org.openmrs.ConceptDescription</classname>
      <dateChanged id="75">2017-06-21 14:47:47</dateChanged>
    </org.openmrs.module.metadatasharing.Item>
    <org.openmrs.module.metadatasharing.Item id="76" uuid="61bf5145-9f81-44e0-9731-aac1a88c6e37">
      <id>8410</id>
      <classname>org.openmrs.ConceptDescription</classname>
      <dateChanged id="77">2017-06-21 14:47:47</dateChanged>
    </org.openmrs.module.metadatasharing.Item>
    <org.openmrs.module.metadatasharing.Item id="78" uuid="fa5c58d1-e213-487a-af04-8da88a7b93df">
      <id>36091</id>
      <classname>org.openmrs.ConceptMap</classname>
      <dateChanged id="79">2017-06-21 15:31:34</dateChanged>
    </org.openmrs.module.metadatasharing.Item>
    <org.openmrs.module.metadatasharing.Item id="80" uuid="de67d104-ddfc-46ce-88ef-255fb787c35a">
      <id>36626</id>
      <classname>org.openmrs.ConceptReferenceTerm</classname>
      <dateChanged id="81">2017-06-21 15:31:34</dateChanged>
      <retired>false</retired>
    </org.openmrs.module.metadatasharing.Item>
    <org.openmrs.module.metadatasharing.Item id="82" uuid="72fb9bc7-7d42-4349-bba1-7b222577c525">
      <id>31209</id>
      <classname>org.openmrs.ConceptName</classname>
      <dateChanged id="83">2017-06-21 14:47:46</dateChanged>
    </org.openmrs.module.metadatasharing.Item>
    <org.openmrs.module.metadatasharing.Item id="84" uuid="98d32cb1-0b72-43ae-9b5f-022e3c73039d">
      <id>31210</id>
      <classname>org.openmrs.ConceptName</classname>
      <dateChanged id="85">2017-06-21 14:47:46</dateChanged>
    </org.openmrs.module.metadatasharing.Item>
    <org.openmrs.module.metadatasharing.Item id="86" uuid="1be3f604-3773-4cf0-b664-62dfe21847ed">
      <id>8407</id>
      <classname>org.openmrs.ConceptDescription</classname>
      <dateChanged id="87">2017-06-21 14:47:46</dateChanged>
    </org.openmrs.module.metadatasharing.Item>
    <org.openmrs.module.metadatasharing.Item id="88" uuid="e4364ed7-fac0-4045-a7e5-8ab869dc079e">
      <id>8408</id>
      <classname>org.openmrs.ConceptDescription</classname>
      <dateChanged id="89">2017-06-21 14:47:46</dateChanged>
    </org.openmrs.module.metadatasharing.Item>
    <org.openmrs.module.metadatasharing.Item id="90" uuid="9b1c0684-ebb3-4e75-82a0-7e565c8bd091">
      <id>35562</id>
      <classname>org.openmrs.ConceptMap</classname>
      <dateChanged id="91">2017-06-21 15:25:42</dateChanged>
    </org.openmrs.module.metadatasharing.Item>
    <org.openmrs.module.metadatasharing.Item id="92" uuid="caf46d51-ef2c-44f5-81e1-40b4867acc39">
      <id>36102</id>
      <classname>org.openmrs.ConceptReferenceTerm</classname>
      <dateChanged id="93">2017-06-21 15:25:41</dateChanged>
      <retired>false</retired>
    </org.openmrs.module.metadatasharing.Item>
    <org.openmrs.module.metadatasharing.Item id="94" uuid="a920a811-4edb-459b-92a9-fe91d7b1f61e">
      <id>31205</id>
      <classname>org.openmrs.ConceptName</classname>
      <dateChanged id="95">2017-06-21 14:47:45</dateChanged>
    </org.openmrs.module.metadatasharing.Item>
    <org.openmrs.module.metadatasharing.Item id="96" uuid="6c49edbe-1af7-4880-a176-049ea3d76114">
      <id>31206</id>
      <classname>org.openmrs.ConceptName</classname>
      <dateChanged id="97">2017-06-21 14:47:45</dateChanged>
    </org.openmrs.module.metadatasharing.Item>
    <org.openmrs.module.metadatasharing.Item id="98" uuid="cc1b48df-8c09-4557-a057-474a2f59c67c">
      <id>8403</id>
      <classname>org.openmrs.ConceptDescription</classname>
      <dateChanged id="99">2017-06-21 14:47:45</dateChanged>
    </org.openmrs.module.metadatasharing.Item>
    <org.openmrs.module.metadatasharing.Item id="100" uuid="cec90fd3-5b6f-4d90-82f0-f6c7ac9d05e5">
      <id>8404</id>
      <classname>org.openmrs.ConceptDescription</classname>
      <dateChanged id="101">2017-06-21 14:47:45</dateChanged>
    </org.openmrs.module.metadatasharing.Item>
    <org.openmrs.module.metadatasharing.Item id="102" uuid="fcaff534-748b-469c-a708-67227ee2d206">
      <id>35678</id>
      <classname>org.openmrs.ConceptMap</classname>
      <dateChanged id="103">2017-06-21 15:26:47</dateChanged>
    </org.openmrs.module.metadatasharing.Item>
    <org.openmrs.module.metadatasharing.Item id="104" uuid="d78187e3-e753-4932-b6ef-feb15808e9ff">
      <id>36217</id>
      <classname>org.openmrs.ConceptReferenceTerm</classname>
      <dateChanged id="105">2017-06-21 15:26:47</dateChanged>
      <retired>false</retired>
    </org.openmrs.module.metadatasharing.Item>
    <org.openmrs.module.metadatasharing.Item id="106" uuid="e43c0761-8cee-4a16-92c0-7a9b53aea2d5">
      <id>31202</id>
      <classname>org.openmrs.ConceptName</classname>
      <dateChanged id="107">2017-06-21 14:47:44</dateChanged>
    </org.openmrs.module.metadatasharing.Item>
    <org.openmrs.module.metadatasharing.Item id="108" uuid="3aeeca5b-062d-4092-aa4c-2c622baa16d6">
      <id>31201</id>
      <classname>org.openmrs.ConceptName</classname>
      <dateChanged id="109">2017-06-21 14:47:44</dateChanged>
    </org.openmrs.module.metadatasharing.Item>
    <org.openmrs.module.metadatasharing.Item id="110" uuid="7fb95a7b-872c-4e0e-b93d-e6b45d9d3e44">
      <id>8399</id>
      <classname>org.openmrs.ConceptDescription</classname>
      <dateChanged id="111">2017-06-21 14:47:44</dateChanged>
    </org.openmrs.module.metadatasharing.Item>
    <org.openmrs.module.metadatasharing.Item id="112" uuid="1ea42586-2c77-481d-bf29-77771f61fc0c">
      <id>8400</id>
      <classname>org.openmrs.ConceptDescription</classname>
      <dateChanged id="113">2017-06-21 14:47:44</dateChanged>
    </org.openmrs.module.metadatasharing.Item>
    <org.openmrs.module.metadatasharing.Item id="114" uuid="9e9b6b2c-8e2b-44c6-bd1a-b27ce316ef5a">
      <id>35542</id>
      <classname>org.openmrs.ConceptMap</classname>
      <dateChanged id="115">2017-06-21 15:25:32</dateChanged>
    </org.openmrs.module.metadatasharing.Item>
    <org.openmrs.module.metadatasharing.Item id="116" uuid="09b43ff5-1159-4802-b777-30f4126cf511">
      <id>36082</id>
      <classname>org.openmrs.ConceptReferenceTerm</classname>
      <dateChanged id="117">2017-06-21 15:25:32</dateChanged>
      <retired>false</retired>
    </org.openmrs.module.metadatasharing.Item>
    <org.openmrs.module.metadatasharing.Item id="118" uuid="a31f66d6-2e25-4895-b9ba-3d7045de9e5a">
      <id>31213</id>
      <classname>org.openmrs.ConceptName</classname>
      <dateChanged id="119">2017-06-21 14:47:48</dateChanged>
    </org.openmrs.module.metadatasharing.Item>
    <org.openmrs.module.metadatasharing.Item id="120" uuid="0c466103-cf03-4c30-a417-635f465c43e6">
      <id>31214</id>
      <classname>org.openmrs.ConceptName</classname>
      <dateChanged id="121">2017-06-21 14:47:48</dateChanged>
    </org.openmrs.module.metadatasharing.Item>
    <org.openmrs.module.metadatasharing.Item id="122" uuid="b5ffa9da-9ee6-4fc5-b2d7-a0704c2889c6">
      <id>8411</id>
      <classname>org.openmrs.ConceptDescription</classname>
      <dateChanged id="123">2017-06-21 14:47:48</dateChanged>
    </org.openmrs.module.metadatasharing.Item>
    <org.openmrs.module.metadatasharing.Item id="124" uuid="ce47427f-8eed-4de9-8318-4deee7d001f9">
      <id>8412</id>
      <classname>org.openmrs.ConceptDescription</classname>
      <dateChanged id="125">2017-06-21 14:47:48</dateChanged>
    </org.openmrs.module.metadatasharing.Item>
    <org.openmrs.module.metadatasharing.Item id="126" uuid="13da3902-9ba2-4712-856f-0ca609beca7c">
      <id>35744</id>
      <classname>org.openmrs.ConceptMap</classname>
      <dateChanged id="127">2017-06-21 15:27:24</dateChanged>
    </org.openmrs.module.metadatasharing.Item>
    <org.openmrs.module.metadatasharing.Item id="128" uuid="8ff09724-c575-4b42-bcde-51b036a4bea4">
      <id>36281</id>
      <classname>org.openmrs.ConceptReferenceTerm</classname>
      <dateChanged id="129">2017-06-21 15:27:24</dateChanged>
      <retired>false</retired>
    </org.openmrs.module.metadatasharing.Item>
    <org.openmrs.module.metadatasharing.Item id="130" uuid="9952bac8-4fca-45d9-8d17-00304ff604e5">
      <id>30682</id>
      <classname>org.openmrs.ConceptName</classname>
      <dateChanged id="131">2017-06-21 14:44:12</dateChanged>
    </org.openmrs.module.metadatasharing.Item>
    <org.openmrs.module.metadatasharing.Item id="132" uuid="8c2cb600-2296-4e36-a29b-6b0b709094a5">
      <id>30683</id>
      <classname>org.openmrs.ConceptName</classname>
      <dateChanged id="133">2017-06-21 14:44:12</dateChanged>
    </org.openmrs.module.metadatasharing.Item>
    <org.openmrs.module.metadatasharing.Item id="134" uuid="26759e84-a309-4c92-889c-71d3ec3afb66">
      <id>7880</id>
      <classname>org.openmrs.ConceptDescription</classname>
      <dateChanged id="135">2017-06-21 14:44:12</dateChanged>
    </org.openmrs.module.metadatasharing.Item>
    <org.openmrs.module.metadatasharing.Item id="136" uuid="9ecdcafc-49c9-41f9-8d63-1ebde42bb786">
      <id>7881</id>
      <classname>org.openmrs.ConceptDescription</classname>
      <dateChanged id="137">2017-06-21 14:44:12</dateChanged>
    </org.openmrs.module.metadatasharing.Item>
    <org.openmrs.module.metadatasharing.Item id="138" uuid="95518430-4b70-4e80-831a-b298fcbf9a6a">
      <id>36112</id>
      <classname>org.openmrs.ConceptMap</classname>
      <dateChanged id="139">2017-06-21 15:31:50</dateChanged>
    </org.openmrs.module.metadatasharing.Item>
    <org.openmrs.module.metadatasharing.Item id="140" uuid="f26d9577-43a2-4c2f-9fd7-bcbe95089b5e">
      <id>36647</id>
      <classname>org.openmrs.ConceptReferenceTerm</classname>
      <dateChanged id="141">2017-06-21 15:31:50</dateChanged>
      <retired>false</retired>
    </org.openmrs.module.metadatasharing.Item>
    <org.openmrs.module.metadatasharing.Item id="142" uuid="d9175296-44e8-4caf-a33f-49d577b91cf7">
      <id>31207</id>
      <classname>org.openmrs.ConceptName</classname>
      <dateChanged id="143">2017-06-21 14:47:46</dateChanged>
    </org.openmrs.module.metadatasharing.Item>
    <org.openmrs.module.metadatasharing.Item id="144" uuid="e7beb4fd-831f-48c0-bcdf-268138f486ff">
      <id>31208</id>
      <classname>org.openmrs.ConceptName</classname>
      <dateChanged id="145">2017-06-21 14:47:46</dateChanged>
    </org.openmrs.module.metadatasharing.Item>
    <org.openmrs.module.metadatasharing.Item id="146" uuid="bb4fa023-de20-4311-9352-1aa37f8a2b19">
      <id>8405</id>
      <classname>org.openmrs.ConceptDescription</classname>
      <dateChanged id="147">2017-06-21 14:47:46</dateChanged>
    </org.openmrs.module.metadatasharing.Item>
    <org.openmrs.module.metadatasharing.Item id="148" uuid="4f3d61d4-e96b-4b04-a746-c6af35b2c646">
      <id>8406</id>
      <classname>org.openmrs.ConceptDescription</classname>
      <dateChanged id="149">2017-06-21 14:47:46</dateChanged>
    </org.openmrs.module.metadatasharing.Item>
    <org.openmrs.module.metadatasharing.Item id="150" uuid="7502eb4a-4643-48d4-b5f9-f0be3df6fff0">
      <id>36143</id>
      <classname>org.openmrs.ConceptMap</classname>
      <dateChanged id="151">2017-06-21 15:32:12</dateChanged>
    </org.openmrs.module.metadatasharing.Item>
    <org.openmrs.module.metadatasharing.Item id="152" uuid="4fbd9dd2-1843-4e8b-b545-f74b9edb7524">
      <id>36678</id>
      <classname>org.openmrs.ConceptReferenceTerm</classname>
      <dateChanged id="153">2017-06-21 15:32:12</dateChanged>
      <retired>false</retired>
    </org.openmrs.module.metadatasharing.Item>
  </relatedItems>
</package>
