<?xml version="1.0" encoding="UTF-8"?>
<list id="1">
  <org.openmrs.Concept id="2" uuid="6a739804-319f-4f23-a834-1b59809c5acd">
    <conceptId>22022</conceptId>
    <retired>false</retired>
    <datatype id="3" resolves-to="org.openmrs.ConceptDatatype" uuid="8d4a4c94-c2cc-11de-8d13-0010c6dffd0f">
      <name>N/A</name>
      <description>Not associated with a datatype (e.g., term answers, sets)</description>
      <creator/>
      <dateCreated id="4">2004-02-01 22:00:00</dateCreated>
      <retired>false</retired>
      <conceptDatatypeId>4</conceptDatatypeId>
      <hl7Abbreviation>ZZ</hl7Abbreviation>
    </datatype>
    <conceptClass id="5" resolves-to="org.openmrs.ConceptClass" uuid="8d490dfc-c2cc-11de-8d13-0010c6dffd0f">
      <name>Drug</name>
      <description>Drug</description>
      <creator/>
      <dateCreated id="6">2004-02-02 00:00:00</dateCreated>
      <retired>false</retired>
      <conceptClassId>3</conceptClassId>
    </conceptClass>
    <set>false</set>
    <creator/>
    <dateCreated id="7">2017-06-21 14:39:29</dateCreated>
    <changedBy/>
    <dateChanged id="8">2017-06-22 07:27:19</dateChanged>
    <names class="set" id="9">
      <org.openmrs.ConceptName id="10" uuid="7e1625af-17ce-4a6e-a229-c8ccf1317e4c">
        <conceptNameId>29927</conceptNameId>
        <concept reference="2"/>
        <name>FENIPENTOL</name>
        <locale id="11">pt</locale>
        <creator/>
        <dateCreated id="12">2017-06-21 14:39:29</dateCreated>
        <voided>false</voided>
        <tags class="set" id="13"/>
        <conceptNameType>FULLY_SPECIFIED</conceptNameType>
        <localePreferred>true</localePreferred>
      </org.openmrs.ConceptName>
      <org.openmrs.ConceptName id="14" uuid="db563909-542b-4bd1-bfdd-8aaa7c3f6c55">
        <conceptNameId>29928</conceptNameId>
        <concept reference="2"/>
        <name>FENIPENTOL COMPOUND, CAPS or TABS (100MG)</name>
        <locale id="15">en</locale>
        <creator/>
        <dateCreated id="16">2017-06-21 14:39:29</dateCreated>
        <voided>false</voided>
        <tags class="set" id="17"/>
        <conceptNameType>FULLY_SPECIFIED</conceptNameType>
        <localePreferred>true</localePreferred>
      </org.openmrs.ConceptName>
    </names>
    <answers class="set" id="18"/>
    <conceptSets class="set" id="19"/>
    <descriptions class="set" id="20">
      <org.openmrs.ConceptDescription id="21" uuid="af4eb425-cac5-47e2-a1a5-630d075bb6f7">
        <conceptDescriptionId>7125</conceptDescriptionId>
        <concept reference="2"/>
        <description>Conceito Gerado automaticamente pelo Super Usuario</description>
        <locale id="22">pt</locale>
        <creator/>
        <dateCreated id="23">2017-06-21 14:39:29</dateCreated>
      </org.openmrs.ConceptDescription>
      <org.openmrs.ConceptDescription id="24" uuid="cde8eb2c-2311-469e-9214-f6125d29fa7f">
        <conceptDescriptionId>7126</conceptDescriptionId>
        <concept reference="2"/>
        <description>Concept Generated automatically by Super User</description>
        <locale id="25">en</locale>
        <creator/>
        <dateCreated id="26">2017-06-21 14:39:29</dateCreated>
      </org.openmrs.ConceptDescription>
    </descriptions>
    <conceptMappings class="set" id="27">
      <org.openmrs.ConceptMap id="28" uuid="096412d5-20c0-4536-bca2-c733ae907c22">
        <conceptMapType id="29" resolves-to="org.openmrs.ConceptMapType" uuid="35543629-7d8c-11e1-909d-c80aa9edcf4e">
          <name>SAME-AS</name>
          <creator/>
          <dateCreated id="30">2015-03-21 22:00:00</dateCreated>
          <changedBy/>
          <dateChanged id="31">2017-06-21 14:24:13</dateChanged>
          <retired>false</retired>
          <conceptMapTypeId>1</conceptMapTypeId>
          <isHidden>false</isHidden>
        </conceptMapType>
        <creator/>
        <dateCreated id="32">2017-06-21 15:25:04</dateCreated>
        <conceptMapId>35491</conceptMapId>
        <concept reference="2"/>
        <conceptReferenceTerm id="33" resolves-to="org.openmrs.ConceptReferenceTerm" uuid="a963f3b3-c4eb-4915-8bb0-282c404b846e">
          <creator/>
          <dateCreated id="34">2017-06-21 15:25:04</dateCreated>
          <retired>false</retired>
          <conceptReferenceTermId>36031</conceptReferenceTermId>
          <conceptSource id="35" resolves-to="org.openmrs.ConceptSource" uuid="919246ff-6bfc-42fc-8213-69d2d1ce0db7">
            <name>eSaude</name>
            <description>Mozambique eSaude concept dictionary</description>
            <creator/>
            <dateCreated id="36">2016-10-12 13:42:37</dateCreated>
            <retired>false</retired>
            <conceptSourceId>34</conceptSourceId>
            <hl7Code>eSaude</hl7Code>
          </conceptSource>
          <code>22022</code>
          <conceptReferenceTermMaps id="37"/>
        </conceptReferenceTerm>
      </org.openmrs.ConceptMap>
    </conceptMappings>
  </org.openmrs.Concept>
  <org.openmrs.Concept id="38" uuid="b4aed958-3d12-4809-90f9-cd099abde969">
    <conceptId>22713</conceptId>
    <retired>false</retired>
    <datatype reference="3"/>
    <conceptClass reference="5"/>
    <set>false</set>
    <creator/>
    <dateCreated id="39">2017-06-21 14:47:44</dateCreated>
    <changedBy/>
    <dateChanged id="40">2017-06-22 07:21:31</dateChanged>
    <names class="set" id="41">
      <org.openmrs.ConceptName id="42" uuid="10c57d0d-f65a-4a2e-b4cf-036f856516c9">
        <conceptNameId>31203</conceptNameId>
        <concept reference="38"/>
        <name>I.V. CANNULA W/ NEEDLE, INJECTION VALVE and WINGS 16G, RADIOPAQUE</name>
        <locale id="43">en</locale>
        <creator/>
        <dateCreated id="44">2017-06-21 14:47:44</dateCreated>
        <voided>false</voided>
        <tags class="set" id="45"/>
        <conceptNameType>FULLY_SPECIFIED</conceptNameType>
        <localePreferred>true</localePreferred>
      </org.openmrs.ConceptName>
      <org.openmrs.ConceptName id="46" uuid="264c8366-8635-435b-9261-16165dd4ce6a">
        <conceptNameId>31204</conceptNameId>
        <concept reference="38"/>
        <name>CATETER PERIFERICO C/ AGULHA, VALVULA DE INJECCAO E ABAS 16G, RADIOPACO</name>
        <locale id="47">pt</locale>
        <creator/>
        <dateCreated id="48">2017-06-21 14:47:44</dateCreated>
        <voided>false</voided>
        <tags class="set" id="49"/>
        <conceptNameType>FULLY_SPECIFIED</conceptNameType>
        <localePreferred>true</localePreferred>
      </org.openmrs.ConceptName>
    </names>
    <answers class="set" id="50"/>
    <conceptSets class="set" id="51"/>
    <descriptions class="set" id="52">
      <org.openmrs.ConceptDescription id="53" uuid="bff7b0a1-6da9-45f2-a26b-8df42ae5193d">
        <conceptDescriptionId>8401</conceptDescriptionId>
        <concept reference="38"/>
        <description>Conceito Gerado automaticamente pelo Super Usuario</description>
        <locale id="54">pt</locale>
        <creator/>
        <dateCreated id="55">2017-06-21 14:47:44</dateCreated>
      </org.openmrs.ConceptDescription>
      <org.openmrs.ConceptDescription id="56" uuid="ebb4d3b2-a4a0-4f4a-811e-d07fd6e7c599">
        <conceptDescriptionId>8402</conceptDescriptionId>
        <concept reference="38"/>
        <description>Concept Generated automatically by Super User</description>
        <locale id="57">en</locale>
        <creator/>
        <dateCreated id="58">2017-06-21 14:47:44</dateCreated>
      </org.openmrs.ConceptDescription>
    </descriptions>
    <conceptMappings class="set" id="59">
      <org.openmrs.ConceptMap id="60" uuid="e72e9eb4-1e7a-446e-8222-0f26054add0a">
        <conceptMapType reference="29"/>
        <creator/>
        <dateCreated id="61">2017-06-21 15:29:08</dateCreated>
        <conceptMapId>35899</conceptMapId>
        <concept reference="38"/>
        <conceptReferenceTerm id="62" resolves-to="org.openmrs.ConceptReferenceTerm" uuid="8909d930-167e-49c3-b638-d966f367481c">
          <creator/>
          <dateCreated id="63">2017-06-21 15:29:08</dateCreated>
          <retired>false</retired>
          <conceptReferenceTermId>36436</conceptReferenceTermId>
          <conceptSource reference="35"/>
          <code>22713</code>
          <conceptReferenceTermMaps id="64"/>
        </conceptReferenceTerm>
      </org.openmrs.ConceptMap>
    </conceptMappings>
  </org.openmrs.Concept>
  <org.openmrs.Concept id="65" uuid="4b48612e-f20a-4c2a-8b3d-2cb75c8017f8">
    <conceptId>22433</conceptId>
    <retired>false</retired>
    <datatype reference="3"/>
    <conceptClass reference="5"/>
    <set>false</set>
    <creator/>
    <dateCreated id="66">2017-06-21 14:44:21</dateCreated>
    <changedBy/>
    <dateChanged id="67">2017-06-22 07:30:07</dateChanged>
    <names class="set" id="68">
      <org.openmrs.ConceptName id="69" uuid="6368ec81-2ac9-408a-a677-75fffdc5465b">
        <conceptNameId>30711</conceptNameId>
        <concept reference="65"/>
        <name>DIETAPOLIMERICA  PARA DOENTES DIABETICOS</name>
        <locale id="70">pt</locale>
        <creator/>
        <dateCreated id="71">2017-06-21 14:44:21</dateCreated>
        <voided>false</voided>
        <tags class="set" id="72"/>
        <conceptNameType>FULLY_SPECIFIED</conceptNameType>
        <localePreferred>true</localePreferred>
      </org.openmrs.ConceptName>
      <org.openmrs.ConceptName id="73" uuid="7f618fd2-b3c6-49b9-b635-055477ea0cb5">
        <conceptNameId>30712</conceptNameId>
        <concept reference="65"/>
        <name>POLYMERIC DIABETIC FORMULATION FOR ENTERAL or NASO</name>
        <locale id="74">en</locale>
        <creator/>
        <dateCreated id="75">2017-06-21 14:44:21</dateCreated>
        <voided>false</voided>
        <tags class="set" id="76"/>
        <conceptNameType>FULLY_SPECIFIED</conceptNameType>
        <localePreferred>true</localePreferred>
      </org.openmrs.ConceptName>
    </names>
    <answers class="set" id="77"/>
    <conceptSets class="set" id="78"/>
    <descriptions class="set" id="79">
      <org.openmrs.ConceptDescription id="80" uuid="e10968a6-c875-43ac-8696-bd68a6cc47bd">
        <conceptDescriptionId>7909</conceptDescriptionId>
        <concept reference="65"/>
        <description>Concept Generated automatically by Super User</description>
        <locale id="81">en</locale>
        <creator/>
        <dateCreated id="82">2017-06-21 14:44:21</dateCreated>
      </org.openmrs.ConceptDescription>
      <org.openmrs.ConceptDescription id="83" uuid="69f0fb38-404a-4800-ba6d-4a9a3b8947f6">
        <conceptDescriptionId>7910</conceptDescriptionId>
        <concept reference="65"/>
        <description>Conceito Gerado automaticamente pelo Super Usuario</description>
        <locale id="84">pt</locale>
        <creator/>
        <dateCreated id="85">2017-06-21 14:44:21</dateCreated>
      </org.openmrs.ConceptDescription>
    </descriptions>
    <conceptMappings class="set" id="86">
      <org.openmrs.ConceptMap id="87" uuid="dbbec59e-fab3-42dd-85aa-aa3ba4093c69">
        <conceptMapType reference="29"/>
        <creator/>
        <dateCreated id="88">2017-06-21 15:32:44</dateCreated>
        <conceptMapId>36223</conceptMapId>
        <concept reference="65"/>
        <conceptReferenceTerm id="89" resolves-to="org.openmrs.ConceptReferenceTerm" uuid="ade4f4a6-c5de-4942-96aa-8883b6d6b6eb">
          <creator/>
          <dateCreated id="90">2017-06-21 15:32:44</dateCreated>
          <retired>false</retired>
          <conceptReferenceTermId>36757</conceptReferenceTermId>
          <conceptSource reference="35"/>
          <code>22433</code>
          <conceptReferenceTermMaps id="91"/>
        </conceptReferenceTerm>
      </org.openmrs.ConceptMap>
    </conceptMappings>
  </org.openmrs.Concept>
  <org.openmrs.Concept id="92" uuid="99ff5c8a-c29e-4970-bdb4-476c34089bf0">
    <conceptId>22717</conceptId>
    <retired>false</retired>
    <datatype reference="3"/>
    <conceptClass reference="5"/>
    <set>false</set>
    <creator/>
    <dateCreated id="93">2017-06-21 14:47:47</dateCreated>
    <changedBy/>
    <dateChanged id="94">2017-06-22 07:23:06</dateChanged>
    <names class="set" id="95">
      <org.openmrs.ConceptName id="96" uuid="9eeb4036-1699-4d1c-9bdf-2ad79861be13">
        <conceptNameId>31211</conceptNameId>
        <concept reference="92"/>
        <name>CATETER PERIFERICO C/ AGULHA, VALVULA DE INJECCAO E ABAS 24G, RADIOPACO</name>
        <locale id="97">pt</locale>
        <creator/>
        <dateCreated id="98">2017-06-21 14:47:47</dateCreated>
        <voided>false</voided>
        <tags class="set" id="99"/>
        <conceptNameType>FULLY_SPECIFIED</conceptNameType>
        <localePreferred>true</localePreferred>
      </org.openmrs.ConceptName>
      <org.openmrs.ConceptName id="100" uuid="d9c188ce-f163-43bf-b1c0-8f8f2e0735fe">
        <conceptNameId>31212</conceptNameId>
        <concept reference="92"/>
        <name>I.V. CANNULA W/ NEEDLE, INJECTION VALVE and WINGS 24G, RADIOPAQUE</name>
        <locale id="101">en</locale>
        <creator/>
        <dateCreated id="102">2017-06-21 14:47:47</dateCreated>
        <voided>false</voided>
        <tags class="set" id="103"/>
        <conceptNameType>FULLY_SPECIFIED</conceptNameType>
        <localePreferred>true</localePreferred>
      </org.openmrs.ConceptName>
    </names>
    <answers class="set" id="104"/>
    <conceptSets class="set" id="105"/>
    <descriptions class="set" id="106">
      <org.openmrs.ConceptDescription id="107" uuid="8e659cf8-06dc-4426-a6d1-868ff6e3285e">
        <conceptDescriptionId>8409</conceptDescriptionId>
        <concept reference="92"/>
        <description>Concept Generated automatically by Super User</description>
        <locale id="108">en</locale>
        <creator/>
        <dateCreated id="109">2017-06-21 14:47:47</dateCreated>
      </org.openmrs.ConceptDescription>
      <org.openmrs.ConceptDescription id="110" uuid="61bf5145-9f81-44e0-9731-aac1a88c6e37">
        <conceptDescriptionId>8410</conceptDescriptionId>
        <concept reference="92"/>
        <description>Conceito Gerado automaticamente pelo Super Usuario</description>
        <locale id="111">pt</locale>
        <creator/>
        <dateCreated id="112">2017-06-21 14:47:47</dateCreated>
      </org.openmrs.ConceptDescription>
    </descriptions>
    <conceptMappings class="set" id="113">
      <org.openmrs.ConceptMap id="114" uuid="fa5c58d1-e213-487a-af04-8da88a7b93df">
        <conceptMapType reference="29"/>
        <creator/>
        <dateCreated id="115">2017-06-21 15:31:34</dateCreated>
        <conceptMapId>36091</conceptMapId>
        <concept reference="92"/>
        <conceptReferenceTerm id="116" resolves-to="org.openmrs.ConceptReferenceTerm" uuid="de67d104-ddfc-46ce-88ef-255fb787c35a">
          <creator/>
          <dateCreated id="117">2017-06-21 15:31:34</dateCreated>
          <retired>false</retired>
          <conceptReferenceTermId>36626</conceptReferenceTermId>
          <conceptSource reference="35"/>
          <code>22717</code>
          <conceptReferenceTermMaps id="118"/>
        </conceptReferenceTerm>
      </org.openmrs.ConceptMap>
    </conceptMappings>
  </org.openmrs.Concept>
  <org.openmrs.Concept id="119" uuid="2158aa0f-1a0a-45fa-9167-ef5d8fa9fc42">
    <conceptId>22716</conceptId>
    <retired>false</retired>
    <datatype reference="3"/>
    <conceptClass reference="5"/>
    <set>false</set>
    <creator/>
    <dateCreated id="120">2017-06-21 14:47:46</dateCreated>
    <changedBy/>
    <dateChanged id="121">2017-06-22 07:22:42</dateChanged>
    <names class="set" id="122">
      <org.openmrs.ConceptName id="123" uuid="72fb9bc7-7d42-4349-bba1-7b222577c525">
        <conceptNameId>31209</conceptNameId>
        <concept reference="119"/>
        <name>I.V. CANNULA W/ NEEDLE, INJECTION VALVE and WINGS 22G, RADIOPAQUE</name>
        <locale id="124">en</locale>
        <creator/>
        <dateCreated id="125">2017-06-21 14:47:46</dateCreated>
        <voided>false</voided>
        <tags class="set" id="126"/>
        <conceptNameType>FULLY_SPECIFIED</conceptNameType>
        <localePreferred>true</localePreferred>
      </org.openmrs.ConceptName>
      <org.openmrs.ConceptName id="127" uuid="98d32cb1-0b72-43ae-9b5f-022e3c73039d">
        <conceptNameId>31210</conceptNameId>
        <concept reference="119"/>
        <name>CATETER PERIFERICO C/ AGULHA, VALVULA DE INJECCAO E ABAS 22G, RADIOPACO</name>
        <locale id="128">pt</locale>
        <creator/>
        <dateCreated id="129">2017-06-21 14:47:46</dateCreated>
        <voided>false</voided>
        <tags class="set" id="130"/>
        <conceptNameType>FULLY_SPECIFIED</conceptNameType>
        <localePreferred>true</localePreferred>
      </org.openmrs.ConceptName>
    </names>
    <answers class="set" id="131"/>
    <conceptSets class="set" id="132"/>
    <descriptions class="set" id="133">
      <org.openmrs.ConceptDescription id="134" uuid="1be3f604-3773-4cf0-b664-62dfe21847ed">
        <conceptDescriptionId>8407</conceptDescriptionId>
        <concept reference="119"/>
        <description>Concept Generated automatically by Super User</description>
        <locale id="135">en</locale>
        <creator/>
        <dateCreated id="136">2017-06-21 14:47:46</dateCreated>
      </org.openmrs.ConceptDescription>
      <org.openmrs.ConceptDescription id="137" uuid="e4364ed7-fac0-4045-a7e5-8ab869dc079e">
        <conceptDescriptionId>8408</conceptDescriptionId>
        <concept reference="119"/>
        <description>Conceito Gerado automaticamente pelo Super Usuario</description>
        <locale id="138">pt</locale>
        <creator/>
        <dateCreated id="139">2017-06-21 14:47:46</dateCreated>
      </org.openmrs.ConceptDescription>
    </descriptions>
    <conceptMappings class="set" id="140">
      <org.openmrs.ConceptMap id="141" uuid="9b1c0684-ebb3-4e75-82a0-7e565c8bd091">
        <conceptMapType reference="29"/>
        <creator/>
        <dateCreated id="142">2017-06-21 15:25:42</dateCreated>
        <conceptMapId>35562</conceptMapId>
        <concept reference="119"/>
        <conceptReferenceTerm id="143" resolves-to="org.openmrs.ConceptReferenceTerm" uuid="caf46d51-ef2c-44f5-81e1-40b4867acc39">
          <creator/>
          <dateCreated id="144">2017-06-21 15:25:41</dateCreated>
          <retired>false</retired>
          <conceptReferenceTermId>36102</conceptReferenceTermId>
          <conceptSource reference="35"/>
          <code>22716</code>
          <conceptReferenceTermMaps id="145"/>
        </conceptReferenceTerm>
      </org.openmrs.ConceptMap>
    </conceptMappings>
  </org.openmrs.Concept>
  <org.openmrs.Concept id="146" uuid="6785b643-c52f-40c3-ae52-202383679d6b">
    <conceptId>22714</conceptId>
    <retired>false</retired>
    <datatype reference="3"/>
    <conceptClass reference="5"/>
    <set>false</set>
    <creator/>
    <dateCreated id="147">2017-06-21 14:47:45</dateCreated>
    <changedBy/>
    <dateChanged id="148">2017-06-22 07:21:57</dateChanged>
    <names class="set" id="149">
      <org.openmrs.ConceptName id="150" uuid="a920a811-4edb-459b-92a9-fe91d7b1f61e">
        <conceptNameId>31205</conceptNameId>
        <concept reference="146"/>
        <name>CATETER PERIFERICO C/ AGULHA, VALVULA DE INJECCAO E ABAS 18G, RADIOPACO</name>
        <locale id="151">pt</locale>
        <creator/>
        <dateCreated id="152">2017-06-21 14:47:45</dateCreated>
        <voided>false</voided>
        <tags class="set" id="153"/>
        <conceptNameType>FULLY_SPECIFIED</conceptNameType>
        <localePreferred>true</localePreferred>
      </org.openmrs.ConceptName>
      <org.openmrs.ConceptName id="154" uuid="6c49edbe-1af7-4880-a176-049ea3d76114">
        <conceptNameId>31206</conceptNameId>
        <concept reference="146"/>
        <name>I.V. CANNULA W/ NEEDLE, INJECTION VALVE and WINGS 18G, RADIOPAQUE</name>
        <locale id="155">en</locale>
        <creator/>
        <dateCreated id="156">2017-06-21 14:47:45</dateCreated>
        <voided>false</voided>
        <tags class="set" id="157"/>
        <conceptNameType>FULLY_SPECIFIED</conceptNameType>
        <localePreferred>true</localePreferred>
      </org.openmrs.ConceptName>
    </names>
    <answers class="set" id="158"/>
    <conceptSets class="set" id="159"/>
    <descriptions class="set" id="160">
      <org.openmrs.ConceptDescription id="161" uuid="cc1b48df-8c09-4557-a057-474a2f59c67c">
        <conceptDescriptionId>8403</conceptDescriptionId>
        <concept reference="146"/>
        <description>Concept Generated automatically by Super User</description>
        <locale id="162">en</locale>
        <creator/>
        <dateCreated id="163">2017-06-21 14:47:45</dateCreated>
      </org.openmrs.ConceptDescription>
      <org.openmrs.ConceptDescription id="164" uuid="cec90fd3-5b6f-4d90-82f0-f6c7ac9d05e5">
        <conceptDescriptionId>8404</conceptDescriptionId>
        <concept reference="146"/>
        <description>Conceito Gerado automaticamente pelo Super Usuario</description>
        <locale id="165">pt</locale>
        <creator/>
        <dateCreated id="166">2017-06-21 14:47:45</dateCreated>
      </org.openmrs.ConceptDescription>
    </descriptions>
    <conceptMappings class="set" id="167">
      <org.openmrs.ConceptMap id="168" uuid="fcaff534-748b-469c-a708-67227ee2d206">
        <conceptMapType reference="29"/>
        <creator/>
        <dateCreated id="169">2017-06-21 15:26:47</dateCreated>
        <conceptMapId>35678</conceptMapId>
        <concept reference="146"/>
        <conceptReferenceTerm id="170" resolves-to="org.openmrs.ConceptReferenceTerm" uuid="d78187e3-e753-4932-b6ef-feb15808e9ff">
          <creator/>
          <dateCreated id="171">2017-06-21 15:26:47</dateCreated>
          <retired>false</retired>
          <conceptReferenceTermId>36217</conceptReferenceTermId>
          <conceptSource reference="35"/>
          <code>22714</code>
          <conceptReferenceTermMaps id="172"/>
        </conceptReferenceTerm>
      </org.openmrs.ConceptMap>
    </conceptMappings>
  </org.openmrs.Concept>
  <org.openmrs.Concept id="173" uuid="48e882f5-e38b-44ee-9ef9-b0d1f6f9ce79">
    <conceptId>22712</conceptId>
    <retired>false</retired>
    <datatype reference="3"/>
    <conceptClass reference="5"/>
    <set>false</set>
    <creator/>
    <dateCreated id="174">2017-06-21 14:47:44</dateCreated>
    <changedBy/>
    <dateChanged id="175">2017-06-22 07:21:04</dateChanged>
    <names class="set" id="176">
      <org.openmrs.ConceptName id="177" uuid="3aeeca5b-062d-4092-aa4c-2c622baa16d6">
        <conceptNameId>31201</conceptNameId>
        <concept reference="173"/>
        <name>I.V. CANNULA W/ NEEDLE, INJECTION VALVE and WINGS 14G, RADIOPAQUE</name>
        <locale id="178">en</locale>
        <creator/>
        <dateCreated id="179">2017-06-21 14:47:44</dateCreated>
        <voided>false</voided>
        <tags class="set" id="180"/>
        <conceptNameType>FULLY_SPECIFIED</conceptNameType>
        <localePreferred>true</localePreferred>
      </org.openmrs.ConceptName>
      <org.openmrs.ConceptName id="181" uuid="e43c0761-8cee-4a16-92c0-7a9b53aea2d5">
        <conceptNameId>31202</conceptNameId>
        <concept reference="173"/>
        <name>CATETER PERIFERICO C/ AGULHA, VALVULA DE INJECCAO E ABAS 14G, RADIOPACO</name>
        <locale id="182">pt</locale>
        <creator/>
        <dateCreated id="183">2017-06-21 14:47:44</dateCreated>
        <voided>false</voided>
        <tags class="set" id="184"/>
        <conceptNameType>FULLY_SPECIFIED</conceptNameType>
        <localePreferred>true</localePreferred>
      </org.openmrs.ConceptName>
    </names>
    <answers class="set" id="185"/>
    <conceptSets class="set" id="186"/>
    <descriptions class="set" id="187">
      <org.openmrs.ConceptDescription id="188" uuid="7fb95a7b-872c-4e0e-b93d-e6b45d9d3e44">
        <conceptDescriptionId>8399</conceptDescriptionId>
        <concept reference="173"/>
        <description>Concept Generated automatically by Super User</description>
        <locale id="189">en</locale>
        <creator/>
        <dateCreated id="190">2017-06-21 14:47:44</dateCreated>
      </org.openmrs.ConceptDescription>
      <org.openmrs.ConceptDescription id="191" uuid="1ea42586-2c77-481d-bf29-77771f61fc0c">
        <conceptDescriptionId>8400</conceptDescriptionId>
        <concept reference="173"/>
        <description>Conceito Gerado automaticamente pelo Super Usuario</description>
        <locale id="192">pt</locale>
        <creator/>
        <dateCreated id="193">2017-06-21 14:47:44</dateCreated>
      </org.openmrs.ConceptDescription>
    </descriptions>
    <conceptMappings class="set" id="194">
      <org.openmrs.ConceptMap id="195" uuid="9e9b6b2c-8e2b-44c6-bd1a-b27ce316ef5a">
        <conceptMapType reference="29"/>
        <creator/>
        <dateCreated id="196">2017-06-21 15:25:32</dateCreated>
        <conceptMapId>35542</conceptMapId>
        <concept reference="173"/>
        <conceptReferenceTerm id="197" resolves-to="org.openmrs.ConceptReferenceTerm" uuid="09b43ff5-1159-4802-b777-30f4126cf511">
          <creator/>
          <dateCreated id="198">2017-06-21 15:25:32</dateCreated>
          <retired>false</retired>
          <conceptReferenceTermId>36082</conceptReferenceTermId>
          <conceptSource reference="35"/>
          <code>22712</code>
          <conceptReferenceTermMaps id="199"/>
        </conceptReferenceTerm>
      </org.openmrs.ConceptMap>
    </conceptMappings>
  </org.openmrs.Concept>
  <org.openmrs.Concept id="200" uuid="5231885f-a558-424d-ac11-ab02a69c378e">
    <conceptId>22718</conceptId>
    <retired>false</retired>
    <datatype reference="3"/>
    <conceptClass reference="5"/>
    <set>false</set>
    <creator/>
    <dateCreated id="201">2017-06-21 14:47:48</dateCreated>
    <changedBy/>
    <dateChanged id="202">2017-06-22 07:23:23</dateChanged>
    <names class="set" id="203">
      <org.openmrs.ConceptName id="204" uuid="a31f66d6-2e25-4895-b9ba-3d7045de9e5a">
        <conceptNameId>31213</conceptNameId>
        <concept reference="200"/>
        <name>CATETER PERIFERICO C/ AGULHA, VALVULA DE INJECCAO E ABAS 26G, RADIOPACO</name>
        <locale id="205">pt</locale>
        <creator/>
        <dateCreated id="206">2017-06-21 14:47:48</dateCreated>
        <voided>false</voided>
        <tags class="set" id="207"/>
        <conceptNameType>FULLY_SPECIFIED</conceptNameType>
        <localePreferred>true</localePreferred>
      </org.openmrs.ConceptName>
      <org.openmrs.ConceptName id="208" uuid="0c466103-cf03-4c30-a417-635f465c43e6">
        <conceptNameId>31214</conceptNameId>
        <concept reference="200"/>
        <name>I.V. CANNULA W/ NEEDLE, INJECTION VALVE and WINGS 26G, RADIOPAQUE</name>
        <locale id="209">en</locale>
        <creator/>
        <dateCreated id="210">2017-06-21 14:47:48</dateCreated>
        <voided>false</voided>
        <tags class="set" id="211"/>
        <conceptNameType>FULLY_SPECIFIED</conceptNameType>
        <localePreferred>true</localePreferred>
      </org.openmrs.ConceptName>
    </names>
    <answers class="set" id="212"/>
    <conceptSets class="set" id="213"/>
    <descriptions class="set" id="214">
      <org.openmrs.ConceptDescription id="215" uuid="b5ffa9da-9ee6-4fc5-b2d7-a0704c2889c6">
        <conceptDescriptionId>8411</conceptDescriptionId>
        <concept reference="200"/>
        <description>Conceito Gerado automaticamente pelo Super Usuario</description>
        <locale id="216">pt</locale>
        <creator/>
        <dateCreated id="217">2017-06-21 14:47:48</dateCreated>
      </org.openmrs.ConceptDescription>
      <org.openmrs.ConceptDescription id="218" uuid="ce47427f-8eed-4de9-8318-4deee7d001f9">
        <conceptDescriptionId>8412</conceptDescriptionId>
        <concept reference="200"/>
        <description>Concept Generated automatically by Super User</description>
        <locale id="219">en</locale>
        <creator/>
        <dateCreated id="220">2017-06-21 14:47:48</dateCreated>
      </org.openmrs.ConceptDescription>
    </descriptions>
    <conceptMappings class="set" id="221">
      <org.openmrs.ConceptMap id="222" uuid="13da3902-9ba2-4712-856f-0ca609beca7c">
        <conceptMapType reference="29"/>
        <creator/>
        <dateCreated id="223">2017-06-21 15:27:24</dateCreated>
        <conceptMapId>35744</conceptMapId>
        <concept reference="200"/>
        <conceptReferenceTerm id="224" resolves-to="org.openmrs.ConceptReferenceTerm" uuid="8ff09724-c575-4b42-bcde-51b036a4bea4">
          <creator/>
          <dateCreated id="225">2017-06-21 15:27:24</dateCreated>
          <retired>false</retired>
          <conceptReferenceTermId>36281</conceptReferenceTermId>
          <conceptSource reference="35"/>
          <code>22718</code>
          <conceptReferenceTermMaps id="226"/>
        </conceptReferenceTerm>
      </org.openmrs.ConceptMap>
    </conceptMappings>
  </org.openmrs.Concept>
  <org.openmrs.Concept id="227" uuid="3b45c92e-5e57-4d4a-9b41-10833b72545d">
    <conceptId>22418</conceptId>
    <retired>false</retired>
    <datatype reference="3"/>
    <conceptClass reference="5"/>
    <set>false</set>
    <creator/>
    <dateCreated id="228">2017-06-21 14:44:12</dateCreated>
    <changedBy/>
    <dateChanged id="229">2017-06-22 07:27:55</dateChanged>
    <names class="set" id="230">
      <org.openmrs.ConceptName id="231" uuid="9952bac8-4fca-45d9-8d17-00304ff604e5">
        <conceptNameId>30682</conceptNameId>
        <concept reference="227"/>
        <name>MILK POWDER MODIFIED or SEMI MODIFIED, POWDER</name>
        <locale id="232">en</locale>
        <creator/>
        <dateCreated id="233">2017-06-21 14:44:12</dateCreated>
        <voided>false</voided>
        <tags class="set" id="234"/>
        <conceptNameType>FULLY_SPECIFIED</conceptNameType>
        <localePreferred>true</localePreferred>
      </org.openmrs.ConceptName>
      <org.openmrs.ConceptName id="235" uuid="8c2cb600-2296-4e36-a29b-6b0b709094a5">
        <conceptNameId>30683</conceptNameId>
        <concept reference="227"/>
        <name>LEITE ADAPTADO OU SEMI-ADAPTADO</name>
        <locale id="236">pt</locale>
        <creator/>
        <dateCreated id="237">2017-06-21 14:44:12</dateCreated>
        <voided>false</voided>
        <tags class="set" id="238"/>
        <conceptNameType>FULLY_SPECIFIED</conceptNameType>
        <localePreferred>true</localePreferred>
      </org.openmrs.ConceptName>
    </names>
    <answers class="set" id="239"/>
    <conceptSets class="set" id="240"/>
    <descriptions class="set" id="241">
      <org.openmrs.ConceptDescription id="242" uuid="26759e84-a309-4c92-889c-71d3ec3afb66">
        <conceptDescriptionId>7880</conceptDescriptionId>
        <concept reference="227"/>
        <description>Conceito Gerado automaticamente pelo Super Usuario</description>
        <locale id="243">pt</locale>
        <creator/>
        <dateCreated id="244">2017-06-21 14:44:12</dateCreated>
      </org.openmrs.ConceptDescription>
      <org.openmrs.ConceptDescription id="245" uuid="9ecdcafc-49c9-41f9-8d63-1ebde42bb786">
        <conceptDescriptionId>7881</conceptDescriptionId>
        <concept reference="227"/>
        <description>Concept Generated automatically by Super User</description>
        <locale id="246">en</locale>
        <creator/>
        <dateCreated id="247">2017-06-21 14:44:12</dateCreated>
      </org.openmrs.ConceptDescription>
    </descriptions>
    <conceptMappings class="set" id="248">
      <org.openmrs.ConceptMap id="249" uuid="95518430-4b70-4e80-831a-b298fcbf9a6a">
        <conceptMapType reference="29"/>
        <creator/>
        <dateCreated id="250">2017-06-21 15:31:50</dateCreated>
        <conceptMapId>36112</conceptMapId>
        <concept reference="227"/>
        <conceptReferenceTerm id="251" resolves-to="org.openmrs.ConceptReferenceTerm" uuid="f26d9577-43a2-4c2f-9fd7-bcbe95089b5e">
          <creator/>
          <dateCreated id="252">2017-06-21 15:31:50</dateCreated>
          <retired>false</retired>
          <conceptReferenceTermId>36647</conceptReferenceTermId>
          <conceptSource reference="35"/>
          <code>22418</code>
          <conceptReferenceTermMaps id="253"/>
        </conceptReferenceTerm>
      </org.openmrs.ConceptMap>
    </conceptMappings>
  </org.openmrs.Concept>
  <org.openmrs.Concept id="254" uuid="4d9d32f2-b46b-4614-9c50-5aa3dee1a517">
    <conceptId>22715</conceptId>
    <retired>false</retired>
    <datatype reference="3"/>
    <conceptClass reference="5"/>
    <set>false</set>
    <creator/>
    <dateCreated id="255">2017-06-21 14:47:46</dateCreated>
    <changedBy/>
    <dateChanged id="256">2017-06-22 07:22:20</dateChanged>
    <names class="set" id="257">
      <org.openmrs.ConceptName id="258" uuid="d9175296-44e8-4caf-a33f-49d577b91cf7">
        <conceptNameId>31207</conceptNameId>
        <concept reference="254"/>
        <name>I.V. CANNULA W/ NEEDLE, INJECTION VALVE and WINGS 20G, RADIOPAQUE</name>
        <locale id="259">en</locale>
        <creator/>
        <dateCreated id="260">2017-06-21 14:47:46</dateCreated>
        <voided>false</voided>
        <tags class="set" id="261"/>
        <conceptNameType>FULLY_SPECIFIED</conceptNameType>
        <localePreferred>true</localePreferred>
      </org.openmrs.ConceptName>
      <org.openmrs.ConceptName id="262" uuid="e7beb4fd-831f-48c0-bcdf-268138f486ff">
        <conceptNameId>31208</conceptNameId>
        <concept reference="254"/>
        <name>CATETER PERIFERICO C/ AGULHA, VALVULA DE INJECCAO E ABAS 20G, RADIOPACO</name>
        <locale id="263">pt</locale>
        <creator/>
        <dateCreated id="264">2017-06-21 14:47:46</dateCreated>
        <voided>false</voided>
        <tags class="set" id="265"/>
        <conceptNameType>FULLY_SPECIFIED</conceptNameType>
        <localePreferred>true</localePreferred>
      </org.openmrs.ConceptName>
    </names>
    <answers class="set" id="266"/>
    <conceptSets class="set" id="267"/>
    <descriptions class="set" id="268">
      <org.openmrs.ConceptDescription id="269" uuid="bb4fa023-de20-4311-9352-1aa37f8a2b19">
        <conceptDescriptionId>8405</conceptDescriptionId>
        <concept reference="254"/>
        <description>Conceito Gerado automaticamente pelo Super Usuario</description>
        <locale id="270">pt</locale>
        <creator/>
        <dateCreated id="271">2017-06-21 14:47:46</dateCreated>
      </org.openmrs.ConceptDescription>
      <org.openmrs.ConceptDescription id="272" uuid="4f3d61d4-e96b-4b04-a746-c6af35b2c646">
        <conceptDescriptionId>8406</conceptDescriptionId>
        <concept reference="254"/>
        <description>Concept Generated automatically by Super User</description>
        <locale id="273">en</locale>
        <creator/>
        <dateCreated id="274">2017-06-21 14:47:46</dateCreated>
      </org.openmrs.ConceptDescription>
    </descriptions>
    <conceptMappings class="set" id="275">
      <org.openmrs.ConceptMap id="276" uuid="7502eb4a-4643-48d4-b5f9-f0be3df6fff0">
        <conceptMapType reference="29"/>
        <creator/>
        <dateCreated id="277">2017-06-21 15:32:12</dateCreated>
        <conceptMapId>36143</conceptMapId>
        <concept reference="254"/>
        <conceptReferenceTerm id="278" resolves-to="org.openmrs.ConceptReferenceTerm" uuid="4fbd9dd2-1843-4e8b-b545-f74b9edb7524">
          <creator/>
          <dateCreated id="279">2017-06-21 15:32:12</dateCreated>
          <retired>false</retired>
          <conceptReferenceTermId>36678</conceptReferenceTermId>
          <conceptSource reference="35"/>
          <code>22715</code>
          <conceptReferenceTermMaps id="280"/>
        </conceptReferenceTerm>
      </org.openmrs.ConceptMap>
    </conceptMappings>
  </org.openmrs.Concept>
</list>
