<?xml version="1.0" encoding="UTF-8"?>
<package id="1" uuid="908f34e3-58d3-4ba4-8b99-402b9d29f7a6">
  <dateCreated id="2">2018-03-01 09:47:59</dateCreated>
  <name>pregnancy fields</name>
  <description>Pregnancy form fields</description>
  <openmrsVersion>1.11.5  Build a0c979</openmrsVersion>
  <version>1</version>
  <groupUuid>dc51083d-1c96-481d-b8b7-755b65c76158</groupUuid>
  <modules id="3">
    <entry>
      <string>uilibrary</string>
      <string>1.5</string>
    </entry>
    <entry>
      <string>webservices.rest</string>
      <string>2.20.0.0e371e</string>
    </entry>
    <entry>
      <string>htmlformentry</string>
      <string>3.3.0</string>
    </entry>
    <entry>
      <string>patientsummary</string>
      <string>2.0</string>
    </entry>
    <entry>
      <string>reportingmds</string>
      <string>1.0-SNAPSHOT</string>
    </entry>
    <entry>
      <string>calculation</string>
      <string>1.1</string>
    </entry>
    <entry>
      <string>providermanagement</string>
      <string>2.3</string>
    </entry>
    <entry>
      <string>event</string>
      <string>2.2.1</string>
    </entry>
    <entry>
      <string>formfilter</string>
      <string>1.0.0</string>
    </entry>
    <entry>
      <string>htmlformentry19ext</string>
      <string>1.7</string>
    </entry>
    <entry>
      <string>esaudemetadata</string>
      <string>1.4.12-SNAPSHOT</string>
    </entry>
    <entry>
      <string>addresshierarchy</string>
      <string>2.9</string>
    </entry>
    <entry>
      <string>dataentrystatistics</string>
      <string>1.3.2</string>
    </entry>
    <entry>
      <string>serialization.xstream</string>
      <string>0.2.9</string>
    </entry>
    <entry>
      <string>poc</string>
      <string>1.1-SNAPSHOT</string>
    </entry>
    <entry>
      <string>htmlwidgets</string>
      <string>1.9.0</string>
    </entry>
    <entry>
      <string>reportingcompatibility</string>
      <string>1.5.8</string>
    </entry>
    <entry>
      <string>groovy</string>
      <string>2.2.4</string>
    </entry>
    <entry>
      <string>uiframework</string>
      <string>3.4</string>
    </entry>
    <entry>
      <string>patientflags</string>
      <string>1.3.4</string>
    </entry>
    <entry>
      <string>metadatamapping</string>
      <string>1.0.1</string>
    </entry>
    <entry>
      <string>reportingrest</string>
      <string>1.6</string>
    </entry>
    <entry>
      <string>appframework</string>
      <string>2.1</string>
    </entry>
    <entry>
      <string>logic</string>
      <string>0.5.2</string>
    </entry>
    <entry>
      <string>emrapi</string>
      <string>1.11.1</string>
    </entry>
    <entry>
      <string>databasebackup</string>
      <string>1.0</string>
    </entry>
    <entry>
      <string>pharmacyapi</string>
      <string>1.0.9-SNAPSHOT</string>
    </entry>
    <entry>
      <string>metadatasharing</string>
      <string>1.2</string>
    </entry>
    <entry>
      <string>reporting</string>
      <string>0.9.9</string>
    </entry>
    <entry>
      <string>gaac</string>
      <string>1.0</string>
    </entry>
    <entry>
      <string>patientflag_rest</string>
      <string>1.0.0</string>
    </entry>
  </modules>
  <items class="linked-hash-set" id="4">
    <org.openmrs.module.metadatasharing.Item id="5" uuid="e27e124c-1d5f-11e0-b929-000c29ad1d07">
      <id>248</id>
      <classname>org.openmrs.Field</classname>
      <dateChanged id="6">2018-03-01 07:34:29</dateChanged>
      <retired>false</retired>
    </org.openmrs.module.metadatasharing.Item>
    <org.openmrs.module.metadatasharing.Item id="7" uuid="e28067fe-1d5f-11e0-b929-000c29ad1d07">
      <id>348</id>
      <classname>org.openmrs.Field</classname>
      <dateChanged id="8">2018-03-01 07:33:35</dateChanged>
      <retired>false</retired>
    </org.openmrs.module.metadatasharing.Item>
  </items>
  <relatedItems class="linked-hash-set" id="9">
    <org.openmrs.module.metadatasharing.Item id="10" uuid="8d5e7d7c-c2cc-11de-8d13-0010c6dffd0f">
      <id>1</id>
      <classname>org.openmrs.FieldType</classname>
      <dateChanged id="11">2005-02-22 09:43:00</dateChanged>
      <retired>false</retired>
    </org.openmrs.module.metadatasharing.Item>
    <org.openmrs.module.metadatasharing.Item id="12" uuid="e1dca8ee-1d5f-11e0-b929-000c29ad1d07">
      <id>1600</id>
      <classname>org.openmrs.Concept</classname>
      <dateChanged id="13">2010-02-18 12:21:35</dateChanged>
      <retired>false</retired>
    </org.openmrs.module.metadatasharing.Item>
    <org.openmrs.module.metadatasharing.Item id="14" uuid="8d4a505e-c2cc-11de-8d13-0010c6dffd0f">
      <id>6</id>
      <classname>org.openmrs.ConceptDatatype</classname>
      <dateChanged id="15">2004-07-21 21:00:00</dateChanged>
      <retired>false</retired>
    </org.openmrs.module.metadatasharing.Item>
    <org.openmrs.module.metadatasharing.Item id="16" uuid="8d491e50-c2cc-11de-8d13-0010c6dffd0f">
      <id>7</id>
      <classname>org.openmrs.ConceptClass</classname>
      <dateChanged id="17">2004-03-01 22:00:00</dateChanged>
      <retired>false</retired>
    </org.openmrs.module.metadatasharing.Item>
    <org.openmrs.module.metadatasharing.Item id="18" uuid="e25bb3e6-1d5f-11e0-b929-000c29ad1d07">
      <id>4901</id>
      <classname>org.openmrs.ConceptName</classname>
      <dateChanged id="19">2010-02-18 12:21:35</dateChanged>
    </org.openmrs.module.metadatasharing.Item>
    <org.openmrs.module.metadatasharing.Item id="20" uuid="e24b474a-1d5f-11e0-b929-000c29ad1d07">
      <id>2737</id>
      <classname>org.openmrs.ConceptName</classname>
      <dateChanged id="21">2008-10-13 20:23:19</dateChanged>
    </org.openmrs.module.metadatasharing.Item>
    <org.openmrs.module.metadatasharing.Item id="22" uuid="68390e6a-45e7-4039-b58e-f6ec2672c84b">
      <id>36290</id>
      <classname>org.openmrs.ConceptMap</classname>
      <dateChanged id="23">2018-03-01 09:53:11</dateChanged>
    </org.openmrs.module.metadatasharing.Item>
    <org.openmrs.module.metadatasharing.Item id="24" uuid="35543629-7d8c-11e1-909d-c80aa9edcf4e">
      <id>1</id>
      <classname>org.openmrs.ConceptMapType</classname>
      <dateChanged id="25">2018-01-24 08:08:41</dateChanged>
      <retired>false</retired>
    </org.openmrs.module.metadatasharing.Item>
    <org.openmrs.module.metadatasharing.Item id="26" uuid="a7a8b4a2-16eb-4030-9885-e97ea412e493">
      <id>36812</id>
      <classname>org.openmrs.ConceptReferenceTerm</classname>
      <dateChanged id="27">2018-03-01 09:53:11</dateChanged>
      <retired>false</retired>
    </org.openmrs.module.metadatasharing.Item>
    <org.openmrs.module.metadatasharing.Item id="28" uuid="919246ff-6bfc-42fc-8213-69d2d1ce0db7">
      <id>34</id>
      <classname>org.openmrs.ConceptSource</classname>
      <dateChanged id="29">2016-10-12 13:42:37</dateChanged>
      <retired>false</retired>
    </org.openmrs.module.metadatasharing.Item>
    <org.openmrs.module.metadatasharing.Item id="30" uuid="e1dc0dd0-1d5f-11e0-b929-000c29ad1d07">
      <id>1465</id>
      <classname>org.openmrs.Concept</classname>
      <dateChanged id="31">2016-10-31 15:09:47</dateChanged>
      <retired>false</retired>
    </org.openmrs.module.metadatasharing.Item>
    <org.openmrs.module.metadatasharing.Item id="32" uuid="e24dde10-1d5f-11e0-b929-000c29ad1d07">
      <id>3065</id>
      <classname>org.openmrs.ConceptName</classname>
      <dateChanged id="33">2008-10-21 09:29:05</dateChanged>
    </org.openmrs.module.metadatasharing.Item>
    <org.openmrs.module.metadatasharing.Item id="34" uuid="dde69684-099b-4811-8bab-6750751b4ec5">
      <id>7234</id>
      <classname>org.openmrs.ConceptName</classname>
      <dateChanged id="35">2008-10-13 06:26:15</dateChanged>
    </org.openmrs.module.metadatasharing.Item>
    <org.openmrs.module.metadatasharing.Item id="36" uuid="e24a723e-1d5f-11e0-b929-000c29ad1d07">
      <id>2587</id>
      <classname>org.openmrs.ConceptName</classname>
      <dateChanged id="37">2012-03-12 12:44:38</dateChanged>
    </org.openmrs.module.metadatasharing.Item>
    <org.openmrs.module.metadatasharing.Item id="38" uuid="9452d4d7-d8b1-4745-893d-9c89b0533af3">
      <id>36291</id>
      <classname>org.openmrs.ConceptMap</classname>
      <dateChanged id="39">2018-03-01 09:53:11</dateChanged>
    </org.openmrs.module.metadatasharing.Item>
    <org.openmrs.module.metadatasharing.Item id="40" uuid="8e81e37e-ed49-445c-8a58-bc5f9c5c69a9">
      <id>36813</id>
      <classname>org.openmrs.ConceptReferenceTerm</classname>
      <dateChanged id="41">2018-03-01 09:53:11</dateChanged>
      <retired>false</retired>
    </org.openmrs.module.metadatasharing.Item>
  </relatedItems>
</package>
