<?xml version="1.0" encoding="UTF-8"?>
<list id="1">
  <org.openmrs.Field id="2" uuid="e27e124c-1d5f-11e0-b929-000c29ad1d07">
    <name>PREGNANCY DUE DATE</name>
    <description></description>
    <creator/>
    <dateCreated id="3">2008-10-18 14:55:35</dateCreated>
    <changedBy/>
    <dateChanged id="4">2018-03-01 07:34:29</dateChanged>
    <retired>false</retired>
    <fieldId>248</fieldId>
    <fieldType id="5" resolves-to="org.openmrs.FieldType" uuid="8d5e7d7c-c2cc-11de-8d13-0010c6dffd0f">
      <name>Concept</name>
      <creator/>
      <dateCreated id="6">2005-02-22 09:43:00</dateCreated>
      <retired>false</retired>
      <fieldTypeId>1</fieldTypeId>
      <isSet>false</isSet>
    </fieldType>
    <concept id="7" resolves-to="org.openmrs.Concept" uuid="e1dca8ee-1d5f-11e0-b929-000c29ad1d07">
      <conceptId>1600</conceptId>
      <retired>false</retired>
      <datatype id="8" resolves-to="org.openmrs.ConceptDatatype" uuid="8d4a505e-c2cc-11de-8d13-0010c6dffd0f">
        <name>Date</name>
        <description>Absolute date</description>
        <creator/>
        <dateCreated id="9">2004-07-21 21:00:00</dateCreated>
        <retired>false</retired>
        <conceptDatatypeId>6</conceptDatatypeId>
        <hl7Abbreviation>DT</hl7Abbreviation>
      </datatype>
      <conceptClass id="10" resolves-to="org.openmrs.ConceptClass" uuid="8d491e50-c2cc-11de-8d13-0010c6dffd0f">
        <name>Question</name>
        <description>Question (eg, patient history, SF36 items)</description>
        <creator/>
        <dateCreated id="11">2004-03-01 22:00:00</dateCreated>
        <retired>false</retired>
        <conceptClassId>7</conceptClassId>
      </conceptClass>
      <set>false</set>
      <creator/>
      <dateCreated id="12">2008-10-13 20:23:19</dateCreated>
      <changedBy/>
      <dateChanged id="13">2018-03-01 09:53:11</dateChanged>
      <names class="set" id="14">
        <org.openmrs.ConceptName id="15" uuid="e25bb3e6-1d5f-11e0-b929-000c29ad1d07">
          <conceptNameId>4901</conceptNameId>
          <concept reference="7"/>
          <name>DATA GRAVIDEZ</name>
          <locale id="16">pt</locale>
          <creator/>
          <dateCreated id="17">2010-02-18 12:21:35</dateCreated>
          <voided>false</voided>
          <tags class="set" id="18"/>
          <conceptNameType>FULLY_SPECIFIED</conceptNameType>
          <localePreferred>true</localePreferred>
        </org.openmrs.ConceptName>
        <org.openmrs.ConceptName id="19" uuid="e24b474a-1d5f-11e0-b929-000c29ad1d07">
          <conceptNameId>2737</conceptNameId>
          <concept reference="7"/>
          <name>PREGNANCY DUE DATE</name>
          <locale id="20">en</locale>
          <creator/>
          <dateCreated id="21">2008-10-13 20:23:19</dateCreated>
          <voided>false</voided>
          <tags class="set" id="22"/>
          <conceptNameType>FULLY_SPECIFIED</conceptNameType>
          <localePreferred>true</localePreferred>
        </org.openmrs.ConceptName>
      </names>
      <answers class="set" id="23"/>
      <conceptSets class="set" id="24"/>
      <descriptions class="set" id="25"/>
      <conceptMappings class="set" id="26">
        <org.openmrs.ConceptMap id="27" uuid="68390e6a-45e7-4039-b58e-f6ec2672c84b">
          <conceptMapType id="28" uuid="35543629-7d8c-11e1-909d-c80aa9edcf4e">
            <name>SAME-AS</name>
            <creator/>
            <dateCreated id="29">2015-03-21 22:00:00</dateCreated>
            <changedBy/>
            <dateChanged id="30">2018-01-24 08:08:41</dateChanged>
            <retired>false</retired>
            <conceptMapTypeId>1</conceptMapTypeId>
            <isHidden>false</isHidden>
          </conceptMapType>
          <creator/>
          <dateCreated id="31">2018-03-01 09:53:11</dateCreated>
          <conceptMapId>36290</conceptMapId>
          <concept reference="7"/>
          <conceptReferenceTerm id="32" uuid="a7a8b4a2-16eb-4030-9885-e97ea412e493">
            <creator/>
            <dateCreated id="33">2018-03-01 09:53:11</dateCreated>
            <retired>false</retired>
            <conceptReferenceTermId>36812</conceptReferenceTermId>
            <conceptSource id="34" uuid="919246ff-6bfc-42fc-8213-69d2d1ce0db7">
              <name>eSaude</name>
              <description>Mozambique eSaude concept dictionary</description>
              <creator/>
              <dateCreated id="35">2016-10-12 13:42:37</dateCreated>
              <retired>false</retired>
              <conceptSourceId>34</conceptSourceId>
              <hl7Code>eSaude</hl7Code>
            </conceptSource>
            <code>1600</code>
            <conceptReferenceTermMaps id="36"/>
          </conceptReferenceTerm>
        </org.openmrs.ConceptMap>
      </conceptMappings>
    </concept>
    <tableName></tableName>
    <attributeName></attributeName>
    <defaultValue></defaultValue>
    <selectMultiple>false</selectMultiple>
  </org.openmrs.Field>
  <org.openmrs.Field id="37" uuid="e28067fe-1d5f-11e0-b929-000c29ad1d07">
    <name>DATE OF LAST MENSTRATION</name>
    <description></description>
    <creator/>
    <dateCreated id="38">2008-10-21 10:50:07</dateCreated>
    <changedBy/>
    <dateChanged id="39">2018-03-01 07:33:35</dateChanged>
    <retired>false</retired>
    <fieldId>348</fieldId>
    <fieldType reference="5"/>
    <concept id="40" resolves-to="org.openmrs.Concept" uuid="e1dc0dd0-1d5f-11e0-b929-000c29ad1d07">
      <conceptId>1465</conceptId>
      <retired>false</retired>
      <datatype reference="8"/>
      <conceptClass reference="10"/>
      <set>false</set>
      <creator/>
      <dateCreated id="41">2008-10-13 06:26:15</dateCreated>
      <changedBy/>
      <dateChanged id="42">2018-03-01 09:53:11</dateChanged>
      <names class="set" id="43">
        <org.openmrs.ConceptName id="44" uuid="e24dde10-1d5f-11e0-b929-000c29ad1d07">
          <conceptNameId>3065</conceptNameId>
          <concept reference="40"/>
          <name>DATE OF LAST MENSTRATION</name>
          <locale id="45">en</locale>
          <creator/>
          <dateCreated id="46">2008-10-21 09:29:05</dateCreated>
          <voided>false</voided>
          <tags class="set" id="47"/>
          <conceptNameType>FULLY_SPECIFIED</conceptNameType>
          <localePreferred>true</localePreferred>
        </org.openmrs.ConceptName>
        <org.openmrs.ConceptName id="48" uuid="dde69684-099b-4811-8bab-6750751b4ec5">
          <conceptNameId>7234</conceptNameId>
          <concept reference="40"/>
          <name>DATA DE ULTIMO MENSTRUAÇÃO</name>
          <locale id="49">pt</locale>
          <creator/>
          <dateCreated id="50">2008-10-13 06:26:15</dateCreated>
          <voided>false</voided>
          <tags class="set" id="51"/>
          <conceptNameType>FULLY_SPECIFIED</conceptNameType>
          <localePreferred>true</localePreferred>
        </org.openmrs.ConceptName>
        <org.openmrs.ConceptName id="52" uuid="e24a723e-1d5f-11e0-b929-000c29ad1d07">
          <conceptNameId>2587</conceptNameId>
          <concept reference="40"/>
          <name>DATA DE ULTUMO MENSTRUAÇÃO</name>
          <locale id="53">pt</locale>
          <creator/>
          <dateCreated id="54">2008-10-13 06:26:15</dateCreated>
          <voided>true</voided>
          <voidedBy/>
          <dateVoided id="55">2012-03-12 12:44:38</dateVoided>
          <voidReason>Voided due to change of name</voidReason>
          <tags class="set" id="56"/>
          <localePreferred>false</localePreferred>
        </org.openmrs.ConceptName>
      </names>
      <answers class="set" id="57"/>
      <conceptSets class="set" id="58"/>
      <descriptions class="set" id="59"/>
      <conceptMappings class="set" id="60">
        <org.openmrs.ConceptMap id="61" uuid="9452d4d7-d8b1-4745-893d-9c89b0533af3">
          <conceptMapType reference="28"/>
          <creator/>
          <dateCreated id="62">2018-03-01 09:53:11</dateCreated>
          <conceptMapId>36291</conceptMapId>
          <concept reference="40"/>
          <conceptReferenceTerm id="63" uuid="8e81e37e-ed49-445c-8a58-bc5f9c5c69a9">
            <creator/>
            <dateCreated id="64">2018-03-01 09:53:11</dateCreated>
            <retired>false</retired>
            <conceptReferenceTermId>36813</conceptReferenceTermId>
            <conceptSource reference="34"/>
            <code>1465</code>
            <conceptReferenceTermMaps id="65"/>
          </conceptReferenceTerm>
        </org.openmrs.ConceptMap>
      </conceptMappings>
    </concept>
    <tableName></tableName>
    <attributeName></attributeName>
    <defaultValue></defaultValue>
    <selectMultiple>false</selectMultiple>
  </org.openmrs.Field>
</list>
