<?xml version="1.0" encoding="UTF-8"?>
<package id="1" uuid="881c248c-7cf5-43d6-b72d-15efc0fecdc3">
  <dateCreated id="2">2017-02-22 10:43:29</dateCreated>
  <name>CDC Retention Report v2</name>
  <description>Report created for CDC retention evaluation</description>
  <openmrsVersion>1.9.2  Build e9813c</openmrsVersion>
  <version>8</version>
  <groupUuid>f8e06981-e13b-40ba-ab28-c17d96cff16e</groupUuid>
  <modules id="3">
    <entry>
      <string>htmlwidgets</string>
      <string>1.6.4</string>
    </entry>
    <entry>
      <string>reportingcompatibility</string>
      <string>1.5.8</string>
    </entry>
    <entry>
      <string>htmlformentry</string>
      <string>2.0</string>
    </entry>
    <entry>
      <string>patientsummary</string>
      <string>2.0</string>
    </entry>
    <entry>
      <string>metadatamapping</string>
      <string>1.0.2</string>
    </entry>
    <entry>
      <string>reportingmds</string>
      <string>1.0-SNAPSHOT</string>
    </entry>
    <entry>
      <string>logic</string>
      <string>0.5.2</string>
    </entry>
    <entry>
      <string>calculation</string>
      <string>1.0</string>
    </entry>
    <entry>
      <string>sync</string>
      <string>1.2</string>
    </entry>
    <entry>
      <string>htmlformentry19ext</string>
      <string>0.9</string>
    </entry>
    <entry>
      <string>metadatasharing</string>
      <string>1.1.9</string>
    </entry>
    <entry>
      <string>reporting</string>
      <string>0.7.6</string>
    </entry>
    <entry>
      <string>addresshierarchy</string>
      <string>2.2.9</string>
    </entry>
    <entry>
      <string>gaac</string>
      <string>1.0-SNAPSHOT</string>
    </entry>
    <entry>
      <string>serialization.xstream</string>
      <string>0.2.7</string>
    </entry>
  </modules>
  <items class="linked-hash-set" id="4">
    <org.openmrs.module.metadatasharing.Item id="5" uuid="c1467d16-e67c-4503-a3b2-3a96dd12d310">
      <id>87</id>
      <classname>org.openmrs.module.reporting.report.ReportDesign</classname>
      <dateChanged id="6">2016-11-25 18:19:38</dateChanged>
      <retired>false</retired>
    </org.openmrs.module.metadatasharing.Item>
    <org.openmrs.module.metadatasharing.Item id="7" uuid="f92ac516-f279-4267-9d1b-ae7ec8e7c8ee">
      <id>1488</id>
      <classname>org.openmrs.module.reporting.report.definition.PeriodIndicatorReportDefinition</classname>
      <dateChanged id="8">2016-11-25 17:51:40</dateChanged>
      <retired>false</retired>
    </org.openmrs.module.metadatasharing.Item>
    <org.openmrs.module.metadatasharing.Item id="9" uuid="7450a07e-f5c4-4ef4-9831-4ad27d487e6c">
      <id>1487</id>
      <classname>org.openmrs.module.reporting.indicator.dimension.CohortDefinitionDimension</classname>
      <dateChanged id="10">2016-12-02 16:11:08</dateChanged>
      <retired>false</retired>
    </org.openmrs.module.metadatasharing.Item>
    <org.openmrs.module.metadatasharing.Item id="11" uuid="fb68e4d5-2a90-4693-b88b-37f44e6dc96a">
      <id>1489</id>
      <classname>org.openmrs.module.reporting.dataset.definition.CohortIndicatorDataSetDefinition</classname>
      <dateChanged id="12">2017-02-22 09:56:46</dateChanged>
      <retired>false</retired>
    </org.openmrs.module.metadatasharing.Item>
    <org.openmrs.module.metadatasharing.Item id="13" uuid="fc7617ba-aee2-42f4-a9f2-0e0dd0062a3b">
      <id>82</id>
      <classname>org.openmrs.module.reporting.report.ReportDesignResource</classname>
      <dateChanged id="14">2016-11-25 18:19:38</dateChanged>
      <retired>false</retired>
    </org.openmrs.module.metadatasharing.Item>
  </items>
  <relatedItems class="linked-hash-set" id="15"/>
  <incrementalVersion>false</incrementalVersion>
</package>
