<?xml version="1.0" encoding="UTF-8"?>
<package id="1" uuid="7dcb21eb-019d-4400-878f-39831190c745">
  <dateCreated id="2">2016-05-06 10:26:46</dateCreated>
  <name>flags</name>
  <description>Contains all the flags that are required for patients by the poc work</description>
  <openmrsVersion>1.11.4  Build 6ebcaf</openmrsVersion>
  <version>1</version>
  <groupUuid>2c90f9a7-ca56-4ee9-9f3c-03cd670a8cb0</groupUuid>
  <modules id="3">
    <entry>
      <string>uilibrary</string>
      <string>1.5</string>
    </entry>
    <entry>
      <string>webservices.rest</string>
      <string>2.12-SNAPSHOT.26ea0d</string>
    </entry>
    <entry>
      <string>htmlformentry</string>
      <string>2.3</string>
    </entry>
    <entry>
      <string>patientsummary</string>
      <string>2.0</string>
    </entry>
    <entry>
      <string>calculation</string>
      <string>1.1</string>
    </entry>
    <entry>
      <string>providermanagement</string>
      <string>2.3</string>
    </entry>
    <entry>
      <string>event</string>
      <string>2.2.1</string>
    </entry>
    <entry>
      <string>formfilter</string>
      <string>1.0.0</string>
    </entry>
    <entry>
      <string>bahmniapps</string>
      <string>0.74-SNAPSHOT</string>
    </entry>
    <entry>
      <string>htmlformentry19ext</string>
      <string>1.4</string>
    </entry>
    <entry>
      <string>esaudemetadata</string>
      <string>1.0-SNAPSHOT</string>
    </entry>
    <entry>
      <string>reference-data</string>
      <string>0.74-SNAPSHOT</string>
    </entry>
    <entry>
      <string>addresshierarchy</string>
      <string>2.4</string>
    </entry>
    <entry>
      <string>dataentrystatistics</string>
      <string>1.3.2</string>
    </entry>
    <entry>
      <string>serialization.xstream</string>
      <string>0.2.7</string>
    </entry>
    <entry>
      <string>htmlwidgets</string>
      <string>1.7.0</string>
    </entry>
    <entry>
      <string>reportingcompatibility</string>
      <string>1.5.8</string>
    </entry>
    <entry>
      <string>groovy</string>
      <string>2.2.4</string>
    </entry>
    <entry>
      <string>uiframework</string>
      <string>3.4</string>
    </entry>
    <entry>
      <string>bahmnicore</string>
      <string>0.77-SNAPSHOT</string>
    </entry>
    <entry>
      <string>metadatamapping</string>
      <string>1.0.2</string>
    </entry>
    <entry>
      <string>patientflags</string>
      <string>1.3.4</string>
    </entry>
    <entry>
      <string>appframework</string>
      <string>2.1</string>
    </entry>
    <entry>
      <string>logic</string>
      <string>0.5.2</string>
    </entry>
    <entry>
      <string>idgen-webservices</string>
      <string>1.0</string>
    </entry>
    <entry>
      <string>emrapi</string>
      <string>1.11.1</string>
    </entry>
    <entry>
      <string>openmrs-atomfeed</string>
      <string>2.4-SNAPSHOT</string>
    </entry>
    <entry>
      <string>idgen</string>
      <string>2.9.1</string>
    </entry>
    <entry>
      <string>databasebackup</string>
      <string>1.0</string>
    </entry>
    <entry>
      <string>metadatasharing</string>
      <string>1.1.9</string>
    </entry>
    <entry>
      <string>reporting</string>
      <string>0.9.8.1</string>
    </entry>
    <entry>
      <string>gaac</string>
      <string>1.0-SNAPSHOT</string>
    </entry>
    <entry>
      <string>patientflag_rest</string>
      <string>1.0-SNAPSHOT</string>
    </entry>
  </modules>
  <items class="linked-hash-set" id="4">
    <org.openmrs.module.metadatasharing.Item id="5" uuid="137dffc0-a318-4b0d-8503-ead1a56eff8e">
      <id>3</id>
      <classname>org.openmrs.module.patientflags.Flag</classname>
      <dateChanged id="6">2016-04-04 15:12:04</dateChanged>
      <retired>false</retired>
    </org.openmrs.module.metadatasharing.Item>
    <org.openmrs.module.metadatasharing.Item id="7" uuid="20740584-5e40-431c-8069-4b3f42632691">
      <id>2</id>
      <classname>org.openmrs.module.patientflags.Flag</classname>
      <dateChanged id="8">2016-04-04 15:11:24</dateChanged>
      <retired>false</retired>
    </org.openmrs.module.metadatasharing.Item>
    <org.openmrs.module.metadatasharing.Item id="9" uuid="25be3e0b-b4fd-4856-9b2f-c5339f58c4c1">
      <id>4</id>
      <classname>org.openmrs.module.patientflags.Flag</classname>
      <dateChanged id="10">2016-04-11 08:08:56</dateChanged>
      <retired>false</retired>
    </org.openmrs.module.metadatasharing.Item>
    <org.openmrs.module.metadatasharing.Item id="11" uuid="a9a49459-1193-4b8f-96c5-61b3a16b39c5">
      <id>1</id>
      <classname>org.openmrs.module.patientflags.Flag</classname>
      <dateChanged id="12">2016-04-04 15:10:22</dateChanged>
      <retired>false</retired>
    </org.openmrs.module.metadatasharing.Item>
    <org.openmrs.module.metadatasharing.Item id="13" uuid="fc204ec3-5952-4148-bd8a-ea02f0f46228">
      <id>7</id>
      <classname>org.openmrs.module.patientflags.Flag</classname>
      <dateChanged id="14">2016-04-25 09:20:18</dateChanged>
      <retired>false</retired>
    </org.openmrs.module.metadatasharing.Item>
  </items>
  <relatedItems class="linked-hash-set" id="15"/>
</package>
