<?xml version="1.0" encoding="UTF-8"?>
<list id="1">
  <org.openmrs.module.patientflags.Flag id="2" uuid="137dffc0-a318-4b0d-8503-ead1a56eff8e">
    <creator/>
    <dateCreated id="3">2016-04-04 15:12:04</dateCreated>
    <retired>false</retired>
    <flagId>3</flagId>
    <name>DRUG START DATE</name>
    <criteria>SELECT p.patient_id FROM patient p&#xd;
	INNER JOIN person pe on (p.patient_id = pe.person_id)&#xd;
	INNER JOIN obs o on (o.person_id = p.patient_id)&#xd;
	where TIMESTAMPDIFF(YEAR, pe.birthdate , now()) &lt; 2&#xd;
	and o.concept_id = 1190;</criteria>
    <evaluator>org.openmrs.module.patientflags.evaluator.SQLFlagEvaluator</evaluator>
    <message>Deve solicitar o diagnostico definitivo</message>
    <enabled>true</enabled>
    <tags id="4"/>
  </org.openmrs.module.patientflags.Flag>
  <org.openmrs.module.patientflags.Flag id="5" uuid="20740584-5e40-431c-8069-4b3f42632691">
    <creator/>
    <dateCreated id="6">2016-04-04 15:10:57</dateCreated>
    <changedBy/>
    <dateChanged id="7">2016-04-04 15:11:24</dateChanged>
    <retired>false</retired>
    <flagId>2</flagId>
    <name>CD4 FIRST CONSULTATION</name>
    <criteria>SELECT p.patient_id FROM&#xd;
patient p&#xd;
WHERE&#xd;
(SELECT count(en.encounter_id) FROM encounter en WHERE en.patient_id = p.patient_id AND encounter_type IN (6, 9)) &gt; 0&#xd;
and&#xd;
(SELECT count(ob.obs_id) FROM obs ob WHERE ob.person_id = p.patient_id AND ob.concept_id IN (5497, 730, 1695)) = 0</criteria>
    <evaluator>org.openmrs.module.patientflags.evaluator.SQLFlagEvaluator</evaluator>
    <message>Teste de CD4 em falta</message>
    <enabled>true</enabled>
    <tags id="8"/>
  </org.openmrs.module.patientflags.Flag>
  <org.openmrs.module.patientflags.Flag id="9" uuid="25be3e0b-b4fd-4856-9b2f-c5339f58c4c1">
    <creator/>
    <dateCreated id="10">2016-04-11 08:08:56</dateCreated>
    <retired>false</retired>
    <flagId>4</flagId>
    <name>ELIGIBLES</name>
    <criteria>-- patients with cd4 &lt;= 500 and not voided&#xd;
SELECT o.person_id&#xd;
    FROM obs o,                                                    &#xd;
    (SELECT p.patient_id, max(e.encounter_datetime) AS encounter_datetime, o.concept_id&#xd;
        FROM patient p&#xd;
        INNER JOIN encounter e on p.patient_id=e.patient_id&#xd;
        INNER JOIN obs o on o.encounter_id=e.encounter_id&#xd;
		WHERE e.encounter_type=13 &#xd;
			AND e.voided=0 &#xd;
			AND p.voided=0 &#xd;
			AND o.voided=0 &#xd;
			AND o.concept_id = 5497&#xd;
        			GROUP BY patient_id&#xd;
     ) last_encounter&#xd;
     WHERE o.person_id=last_encounter.patient_id &#xd;
     	AND o.obs_datetime=last_encounter.encounter_datetime &#xd;
     	AND o.voided=0 &#xd;
     	AND o.concept_id = 5497 &#xd;
     	AND o.value_numeric&lt;=500&#xd;
&#xd;
UNION&#xd;
&#xd;
-- patients with OMS stage III and IV&#xd;
SELECT o.person_id &#xd;
   FROM obs o,                                                    &#xd;
   (SELECT p.patient_id,MAX(encounter_datetime) AS encounter_datetime&#xd;
       FROM patient p&#xd;
       INNER JOIN encounter e ON p.patient_id=e.patient_id&#xd;
       INNER JOIN obs o ON o.encounter_id=e.encounter_id&#xd;
    		WHERE encounter_type IN (6,9) &#xd;
    		AND e.voided=0&#xd;
    		AND p.voided=0 &#xd;
    		AND o.voided=0 &#xd;
    		AND o.concept_id=5356&#xd;
    			group by patient_id&#xd;
	) last_encounter&#xd;
WHERE o.person_id=last_encounter.patient_id &#xd;
	AND o.obs_datetime=last_encounter.encounter_datetime &#xd;
	AND o.voided=0 &#xd;
	AND o.concept_id=5356  &#xd;
	AND o.value_coded in (1206,1207)&#xd;
&#xd;
UNION&#xd;
&#xd;
-- patients with &lt; 5 years old and definitive diagnostic confirmed&#xd;
SELECT p.patient_id FROM patient p&#xd;
	INNER JOIN person pe ON pe.person_id=p.patient_id, &#xd;
		(SELECT p.patient_id, MAX(e.encounter_datetime) last_enconter_date FROM patient p&#xd;
			INNER JOIN encounter e on e.patient_id = p.patient_id&#xd;
			INNER JOIN obs o on o.encounter_id = e.encounter_id&#xd;
			WHERE o.concept_id = 1030 &#xd;
				AND o.value_coded = 703&#xd;
				AND o.voided = 0&#xd;
				AND e.voided = 0&#xd;
				and p.voided = 0) last_encounter&#xd;
WHERE p.patient_id = last_encounter.patient_id&#xd;
	AND TIMESTAMPDIFF(YEAR, pe.birthdate, now()) &lt; 5&#xd;
	AND p.voided = 0&#xd;
	AND pe.voided = 0&#xd;
&#xd;
UNION&#xd;
&#xd;
-- patients with TB &#xd;
SELECT p.patient_id&#xd;
   FROM patient p &#xd;
   	INNER JOIN encounter e ON p.patient_id=e.patient_id       &#xd;
   	INNER JOIN obs o ON o.encounter_id=e.encounter_id&#xd;
		WHERE e.voided=0 &#xd;
		AND o.voided=0 &#xd;
		AND o.concept_id=1113 &#xd;
		AND e.encounter_type IN (6,9);</criteria>
    <evaluator>org.openmrs.module.patientflags.evaluator.SQLFlagEvaluator</evaluator>
    <message>O paciente deve iniciar o TARV</message>
    <enabled>true</enabled>
    <tags id="11"/>
  </org.openmrs.module.patientflags.Flag>
  <org.openmrs.module.patientflags.Flag id="12" uuid="a9a49459-1193-4b8f-96c5-61b3a16b39c5">
    <creator/>
    <dateCreated id="13">2016-04-04 15:10:22</dateCreated>
    <retired>false</retired>
    <flagId>1</flagId>
    <name>CD4 6 MONTHS LATER</name>
    <criteria>select en.patient_id&#xd;
from&#xd;
(&#xd;
select * from encounter e where e.encounter_type in (6, 9) and e.encounter_datetime = &#xd;
(select max(en.encounter_datetime) from encounter en where en.patient_id = e.patient_id and e.encounter_type in (6, 9))&#xd;
) as en&#xd;
where TIMESTAMPDIFF(MONTH, en.encounter_datetime, now()) &gt;= 6&#xd;
AND (select count(o.obs_id) from obs o where o.person_id = en.patient_id AND o.obs_datetime between (en.encounter_datetime and now()) AND o.concept_id IN (5497, 730, 1695)) = 0</criteria>
    <evaluator>org.openmrs.module.patientflags.evaluator.SQLFlagEvaluator</evaluator>
    <message>Teste de CD4 em falta(passam 6 meses desde a ultima consulta)</message>
    <enabled>true</enabled>
    <tags id="14"/>
  </org.openmrs.module.patientflags.Flag>
  <org.openmrs.module.patientflags.Flag id="15" uuid="fc204ec3-5952-4148-bd8a-ea02f0f46228">
    <creator/>
    <dateCreated id="16">2016-04-25 09:20:18</dateCreated>
    <retired>false</retired>
    <flagId>7</flagId>
    <name>CTZ_PROPHILAXIS</name>
    <criteria>-- Stop CTZ prophylaxis&#xd;
SELECT p.patient_id FROM patient p&#xd;
	INNER JOIN&#xd;
	(&#xd;
	  SELECT p.patient_id, MAX(encounter_datetime) AS encounter_datetime&#xd;
       FROM patient p&#xd;
       INNER JOIN encounter e ON p.patient_id=e.patient_id&#xd;
       INNER JOIN obs o ON o.encounter_id=e.encounter_id&#xd;
       INNER JOIN person pe on pe.person_id = p.patient_id&#xd;
    		WHERE e.encounter_type IN (6,9) &#xd;
    		AND e.voided=0&#xd;
    		AND p.voided=0 &#xd;
    		AND o.voided=0 &#xd;
    		AND o.concept_id=1695&#xd;
    		AND o.value_numeric &gt; 350&#xd;
    		AND TIMESTAMPDIFF(YEAR, pe.birthdate, now()) &gt;= 5	&#xd;
	)last_encounter on last_encounter.patient_id = p.patient_id&#xd;
	INNER JOIN&#xd;
	(&#xd;
	  SELECT DISTINCT(p.patient_id)&#xd;
       FROM patient p&#xd;
       INNER JOIN encounter e ON p.patient_id=e.patient_id&#xd;
       INNER JOIN obs o ON o.encounter_id=e.encounter_id&#xd;
    		WHERE e.encounter_type IN (6,9) &#xd;
    		AND e.voided=0&#xd;
    		AND p.voided=0 &#xd;
    		AND o.voided=0&#xd;
    		AND o.concept_id = 6121	&#xd;
		AND o.value_coded = 1065&#xd;
	) ctz on ctz.patient_id = p.patient_id;</criteria>
    <evaluator>org.openmrs.module.patientflags.evaluator.SQLFlagEvaluator</evaluator>
    <message>O Paciente deve suspender a profilaxia com CTZ</message>
    <enabled>true</enabled>
    <tags id="17"/>
  </org.openmrs.module.patientflags.Flag>
</list>
