<?xml version="1.0" encoding="UTF-8"?>
<package id="1" uuid="d56d13a7-ef90-4457-99db-d17ab66fa191">
  <dateCreated id="2">2016-10-10 08:42:25</dateCreated>
  <name>required patient identifier type</name>
  <description>Should make of NID a required identifier, changed the format of BI to suport up to 12 digits, removed OpenMRS ID from the list</description>
  <openmrsVersion>1.11.5  Build a0c979</openmrsVersion>
  <version>1</version>
  <groupUuid>f6b66133-ffe1-4350-986b-31b81b86b257</groupUuid>
  <modules id="3">
    <entry>
      <string>uilibrary</string>
      <string>1.5</string>
    </entry>
    <entry>
      <string>webservices.rest</string>
      <string>2.12.474b25</string>
    </entry>
    <entry>
      <string>htmlformentry</string>
      <string>2.2.1</string>
    </entry>
    <entry>
      <string>patientsummary</string>
      <string>2.0</string>
    </entry>
    <entry>
      <string>calculation</string>
      <string>1.1</string>
    </entry>
    <entry>
      <string>providermanagement</string>
      <string>2.3</string>
    </entry>
    <entry>
      <string>event</string>
      <string>2.2.1</string>
    </entry>
    <entry>
      <string>formfilter</string>
      <string>1.0.0</string>
    </entry>
    <entry>
      <string>bahmniapps</string>
      <string>0.74-SNAPSHOT</string>
    </entry>
    <entry>
      <string>htmlformentry19ext</string>
      <string>1.2</string>
    </entry>
    <entry>
      <string>esaudemetadata</string>
      <string>1.3.6</string>
    </entry>
    <entry>
      <string>reference-data</string>
      <string>0.74-SNAPSHOT</string>
    </entry>
    <entry>
      <string>addresshierarchy</string>
      <string>2.4</string>
    </entry>
    <entry>
      <string>dataentrystatistics</string>
      <string>1.3.2</string>
    </entry>
    <entry>
      <string>serialization.xstream</string>
      <string>0.2.9</string>
    </entry>
    <entry>
      <string>htmlwidgets</string>
      <string>1.6.5</string>
    </entry>
    <entry>
      <string>reportingcompatibility</string>
      <string>1.5.8</string>
    </entry>
    <entry>
      <string>groovy</string>
      <string>2.2.4</string>
    </entry>
    <entry>
      <string>uiframework</string>
      <string>3.4</string>
    </entry>
    <entry>
      <string>bahmnicore</string>
      <string>0.77-SNAPSHOT</string>
    </entry>
    <entry>
      <string>metadatamapping</string>
      <string>1.0.1</string>
    </entry>
    <entry>
      <string>patientflags</string>
      <string>1.3.4</string>
    </entry>
    <entry>
      <string>reportingrest</string>
      <string>1.6</string>
    </entry>
    <entry>
      <string>appframework</string>
      <string>2.1</string>
    </entry>
    <entry>
      <string>logic</string>
      <string>0.5.2</string>
    </entry>
    <entry>
      <string>idgen-webservices</string>
      <string>1.0</string>
    </entry>
    <entry>
      <string>emrapi</string>
      <string>1.11.1</string>
    </entry>
    <entry>
      <string>openmrs-atomfeed</string>
      <string>2.4-SNAPSHOT</string>
    </entry>
    <entry>
      <string>idgen</string>
      <string>2.9.1</string>
    </entry>
    <entry>
      <string>databasebackup</string>
      <string>1.0</string>
    </entry>
    <entry>
      <string>metadatasharing</string>
      <string>1.2</string>
    </entry>
    <entry>
      <string>reporting</string>
      <string>0.9.9</string>
    </entry>
    <entry>
      <string>gaac</string>
      <string>1.0-SNAPSHOT</string>
    </entry>
    <entry>
      <string>patientflag_rest</string>
      <string>1.0.0</string>
    </entry>
  </modules>
  <items class="linked-hash-set" id="4">
    <org.openmrs.module.metadatasharing.Item id="5" uuid="5346c8eb-10e7-11e5-9009-0242ac110012">
      <id>13</id>
      <classname>org.openmrs.PatientIdentifierType</classname>
      <dateChanged id="6">2016-08-25 12:35:35</dateChanged>
      <retired>true</retired>
    </org.openmrs.module.metadatasharing.Item>
    <org.openmrs.module.metadatasharing.Item id="7" uuid="8d793bee-c2cc-11de-8d13-0010c6dffd0f">
      <id>1</id>
      <classname>org.openmrs.PatientIdentifierType</classname>
      <dateChanged id="8">2016-10-10 08:45:00</dateChanged>
      <retired>true</retired>
    </org.openmrs.module.metadatasharing.Item>
    <org.openmrs.module.metadatasharing.Item id="9" uuid="e2b966d0-1d5f-11e0-b929-000c29ad1d07">
      <id>2</id>
      <classname>org.openmrs.PatientIdentifierType</classname>
      <dateChanged id="10">2005-09-22 00:00:00</dateChanged>
      <retired>false</retired>
    </org.openmrs.module.metadatasharing.Item>
    <org.openmrs.module.metadatasharing.Item id="11" uuid="e2b9682e-1d5f-11e0-b929-000c29ad1d07">
      <id>3</id>
      <classname>org.openmrs.PatientIdentifierType</classname>
      <dateChanged id="12">2008-10-22 09:57:54</dateChanged>
      <retired>false</retired>
    </org.openmrs.module.metadatasharing.Item>
    <org.openmrs.module.metadatasharing.Item id="13" uuid="e2b9698c-1d5f-11e0-b929-000c29ad1d07">
      <id>5</id>
      <classname>org.openmrs.PatientIdentifierType</classname>
      <dateChanged id="14">2008-11-14 07:35:37</dateChanged>
      <retired>false</retired>
    </org.openmrs.module.metadatasharing.Item>
    <org.openmrs.module.metadatasharing.Item id="15" uuid="e2b96ad6-1d5f-11e0-b929-000c29ad1d07">
      <id>6</id>
      <classname>org.openmrs.PatientIdentifierType</classname>
      <dateChanged id="16">2008-11-14 07:36:49</dateChanged>
      <retired>false</retired>
    </org.openmrs.module.metadatasharing.Item>
    <org.openmrs.module.metadatasharing.Item id="17" uuid="e2b96c16-1d5f-11e0-b929-000c29ad1d07">
      <id>7</id>
      <classname>org.openmrs.PatientIdentifierType</classname>
      <dateChanged id="18">2008-11-14 08:18:47</dateChanged>
      <retired>false</retired>
    </org.openmrs.module.metadatasharing.Item>
    <org.openmrs.module.metadatasharing.Item id="19" uuid="e2b96d56-1d5f-11e0-b929-000c29ad1d07">
      <id>8</id>
      <classname>org.openmrs.PatientIdentifierType</classname>
      <dateChanged id="20">2008-11-17 13:30:50</dateChanged>
      <retired>false</retired>
    </org.openmrs.module.metadatasharing.Item>
    <org.openmrs.module.metadatasharing.Item id="21" uuid="e2b97b70-1d5f-11e0-b929-000c29ad1d07">
      <id>9</id>
      <classname>org.openmrs.PatientIdentifierType</classname>
      <dateChanged id="22">2008-11-17 14:36:57</dateChanged>
      <retired>false</retired>
    </org.openmrs.module.metadatasharing.Item>
    <org.openmrs.module.metadatasharing.Item id="23" uuid="e2b97cec-1d5f-11e0-b929-000c29ad1d07">
      <id>10</id>
      <classname>org.openmrs.PatientIdentifierType</classname>
      <dateChanged id="24">2008-12-10 08:29:32</dateChanged>
      <retired>false</retired>
    </org.openmrs.module.metadatasharing.Item>
    <org.openmrs.module.metadatasharing.Item id="25" uuid="e2b97e40-1d5f-11e0-b929-000c29ad1d07">
      <id>11</id>
      <classname>org.openmrs.PatientIdentifierType</classname>
      <dateChanged id="26">2009-05-08 06:44:11</dateChanged>
      <retired>false</retired>
    </org.openmrs.module.metadatasharing.Item>
    <org.openmrs.module.metadatasharing.Item id="27" uuid="e2b97f8a-1d5f-11e0-b929-000c29ad1d07">
      <id>12</id>
      <classname>org.openmrs.PatientIdentifierType</classname>
      <dateChanged id="28">2010-02-15 05:48:08</dateChanged>
      <retired>false</retired>
    </org.openmrs.module.metadatasharing.Item>
  </items>
  <relatedItems class="linked-hash-set" id="29"/>
</package>
