<?xml version="1.0" encoding="UTF-8"?>
<list id="1">
  <org.openmrs.PatientIdentifierType id="2" uuid="5346c8eb-10e7-11e5-9009-0242ac110012">
    <name>Bahmni Id</name>
    <description>New patient identifier type created for use by the Bahmni Registration System</description>
    <creator/>
    <dateCreated id="3">2015-06-12 00:00:00</dateCreated>
    <retired>true</retired>
    <dateRetired id="4">2016-08-25 12:35:35</dateRetired>
    <retiredBy/>
    <retireReason>Not needed</retireReason>
    <patientIdentifierTypeId>13</patientIdentifierTypeId>
    <required>false</required>
    <checkDigit>false</checkDigit>
    <locationBehavior>NOT_USED</locationBehavior>
  </org.openmrs.PatientIdentifierType>
  <org.openmrs.PatientIdentifierType id="5" uuid="8d793bee-c2cc-11de-8d13-0010c6dffd0f">
    <name>OpenMRS Identification Number</name>
    <description>Unique number used in OpenMRS</description>
    <creator/>
    <dateCreated id="6">2005-09-21 22:00:00</dateCreated>
    <retired>true</retired>
    <dateRetired id="7">2016-10-10 08:45:00</dateRetired>
    <retiredBy/>
    <retireReason>Not in use</retireReason>
    <patientIdentifierTypeId>1</patientIdentifierTypeId>
    <required>false</required>
    <checkDigit>false</checkDigit>
  </org.openmrs.PatientIdentifierType>
  <org.openmrs.PatientIdentifierType id="8" uuid="e2b966d0-1d5f-11e0-b929-000c29ad1d07">
    <name>NID (SERVICO TARV)</name>
    <description>Numero de Identificaçao de Doente, serviço TARV</description>
    <creator/>
    <dateCreated id="9">2005-09-22 00:00:00</dateCreated>
    <retired>false</retired>
    <patientIdentifierTypeId>2</patientIdentifierTypeId>
    <format>[0-9]{8}/[0-9]{2}/[0-9]{5}</format>
    <required>true</required>
    <formatDescription>PPDDUUSS/AA/NNNNN</formatDescription>
    <checkDigit>false</checkDigit>
  </org.openmrs.PatientIdentifierType>
  <org.openmrs.PatientIdentifierType id="10" uuid="e2b9682e-1d5f-11e0-b929-000c29ad1d07">
    <name>BILHETE DE IDENTIDADE (BI)</name>
    <description>O Bilhete de Identidade referido no artigo anterior é válido em todo o território nacional e é documento bastante para prova de identidade do deu possuidor.</description>
    <creator/>
    <dateCreated id="11">2008-10-22 09:57:54</dateCreated>
    <retired>false</retired>
    <patientIdentifierTypeId>3</patientIdentifierTypeId>
    <format>[0-9]{9,12}[A-Z]{1}</format>
    <required>false</required>
    <formatDescription>000000000X</formatDescription>
    <checkDigit>false</checkDigit>
  </org.openmrs.PatientIdentifierType>
  <org.openmrs.PatientIdentifierType id="12" uuid="e2b9698c-1d5f-11e0-b929-000c29ad1d07">
    <name>CODIGO ATS/UATS</name>
    <description>Codigo do paciente no serviço de ATS/UATS</description>
    <creator/>
    <dateCreated id="13">2008-11-14 07:35:37</dateCreated>
    <retired>false</retired>
    <patientIdentifierTypeId>5</patientIdentifierTypeId>
    <format></format>
    <required>false</required>
    <formatDescription>YY/####</formatDescription>
    <checkDigit>false</checkDigit>
    <validator></validator>
  </org.openmrs.PatientIdentifierType>
  <org.openmrs.PatientIdentifierType id="14" uuid="e2b96ad6-1d5f-11e0-b929-000c29ad1d07">
    <name>CODIGO PTV (PRE-NATAL)</name>
    <description>Number used to track PTV participants</description>
    <creator/>
    <dateCreated id="15">2008-11-14 07:36:49</dateCreated>
    <retired>false</retired>
    <patientIdentifierTypeId>6</patientIdentifierTypeId>
    <format></format>
    <required>false</required>
    <formatDescription>YY/####</formatDescription>
    <checkDigit>false</checkDigit>
    <validator></validator>
  </org.openmrs.PatientIdentifierType>
  <org.openmrs.PatientIdentifierType id="16" uuid="e2b96c16-1d5f-11e0-b929-000c29ad1d07">
    <name>CODIGO ITS</name>
    <description>ITS Codigo Infecção de Transmissão Sexual&#xd;
STI Codigo Sexually transmitted infection</description>
    <creator/>
    <dateCreated id="17">2008-11-14 08:18:47</dateCreated>
    <retired>false</retired>
    <patientIdentifierTypeId>7</patientIdentifierTypeId>
    <format></format>
    <required>false</required>
    <formatDescription>YY/####</formatDescription>
    <checkDigit>false</checkDigit>
    <validator></validator>
  </org.openmrs.PatientIdentifierType>
  <org.openmrs.PatientIdentifierType id="18" uuid="e2b96d56-1d5f-11e0-b929-000c29ad1d07">
    <name>CODIGO PTV (MATERNIDADE)</name>
    <description>Codigo PTV Maternidade</description>
    <creator/>
    <dateCreated id="19">2008-11-17 13:30:50</dateCreated>
    <retired>false</retired>
    <patientIdentifierTypeId>8</patientIdentifierTypeId>
    <format></format>
    <required>false</required>
    <formatDescription>YY/####</formatDescription>
    <checkDigit>false</checkDigit>
    <validator></validator>
  </org.openmrs.PatientIdentifierType>
  <org.openmrs.PatientIdentifierType id="20" uuid="e2b97b70-1d5f-11e0-b929-000c29ad1d07">
    <name>NID (CCR)</name>
    <description>Child at risk NID</description>
    <creator/>
    <dateCreated id="21">2008-11-17 14:36:57</dateCreated>
    <retired>false</retired>
    <patientIdentifierTypeId>9</patientIdentifierTypeId>
    <format></format>
    <required>false</required>
    <formatDescription>YY/####CE</formatDescription>
    <checkDigit>false</checkDigit>
    <validator></validator>
  </org.openmrs.PatientIdentifierType>
  <org.openmrs.PatientIdentifierType id="22" uuid="e2b97cec-1d5f-11e0-b929-000c29ad1d07">
    <name>PCR (NUMERO DE REGISTO)</name>
    <description>PCR Registration number</description>
    <creator/>
    <dateCreated id="23">2008-12-10 08:29:32</dateCreated>
    <retired>false</retired>
    <patientIdentifierTypeId>10</patientIdentifierTypeId>
    <format></format>
    <required>false</required>
    <formatDescription></formatDescription>
    <checkDigit>false</checkDigit>
    <validator></validator>
  </org.openmrs.PatientIdentifierType>
  <org.openmrs.PatientIdentifierType id="24" uuid="e2b97e40-1d5f-11e0-b929-000c29ad1d07">
    <name>NIT (SECTOR DE TB)</name>
    <description>Numero de identificacao do doente no sector de tuberculose</description>
    <creator/>
    <dateCreated id="25">2009-05-08 06:44:11</dateCreated>
    <retired>false</retired>
    <patientIdentifierTypeId>11</patientIdentifierTypeId>
    <format></format>
    <required>false</required>
    <formatDescription></formatDescription>
    <checkDigit>false</checkDigit>
    <validator></validator>
  </org.openmrs.PatientIdentifierType>
  <org.openmrs.PatientIdentifierType id="26" uuid="e2b97f8a-1d5f-11e0-b929-000c29ad1d07">
    <name>NUMERO CANCRO CERVICAL</name>
    <description>Numero de registo de paciente para rastreio do cancro do colo uterino</description>
    <creator/>
    <dateCreated id="27">2010-02-15 05:48:08</dateCreated>
    <retired>false</retired>
    <patientIdentifierTypeId>12</patientIdentifierTypeId>
    <format>[0-9]/[0-9]{4}</format>
    <required>false</required>
    <formatDescription>NNNNNN/20_ _</formatDescription>
    <checkDigit>false</checkDigit>
    <validator></validator>
  </org.openmrs.PatientIdentifierType>
</list>
