<?xml version="1.0" encoding="UTF-8"?>
<package id="1" uuid="a375f96d-9356-41b8-a8a0-4e1ab7428a01">
  <dateCreated id="2">2017-07-10 11:54:34</dateCreated>
  <name>duration units updated</name>
  <description>Added SNOMED mapping</description>
  <openmrsVersion>1.11.5  Build a0c979</openmrsVersion>
  <version>1</version>
  <groupUuid>a3330d2e-a05c-4241-8b5f-31697fe98b2f</groupUuid>
  <modules id="3">
    <entry>
      <string>uilibrary</string>
      <string>1.5</string>
    </entry>
    <entry>
      <string>webservices.rest</string>
      <string>2.16.e045a4</string>
    </entry>
    <entry>
      <string>htmlformentry</string>
      <string>3.3.0</string>
    </entry>
    <entry>
      <string>patientsummary</string>
      <string>2.0</string>
    </entry>
    <entry>
      <string>reportingmds</string>
      <string>1.0-SNAPSHOT</string>
    </entry>
    <entry>
      <string>calculation</string>
      <string>1.1</string>
    </entry>
    <entry>
      <string>providermanagement</string>
      <string>2.3</string>
    </entry>
    <entry>
      <string>event</string>
      <string>2.2.1</string>
    </entry>
    <entry>
      <string>formfilter</string>
      <string>1.0.0</string>
    </entry>
    <entry>
      <string>htmlformentry19ext</string>
      <string>1.7</string>
    </entry>
    <entry>
      <string>esaudemetadata</string>
      <string>1.4.5</string>
    </entry>
    <entry>
      <string>addresshierarchy</string>
      <string>2.9</string>
    </entry>
    <entry>
      <string>dataentrystatistics</string>
      <string>1.3.2</string>
    </entry>
    <entry>
      <string>serialization.xstream</string>
      <string>0.2.9</string>
    </entry>
    <entry>
      <string>htmlwidgets</string>
      <string>1.7.2</string>
    </entry>
    <entry>
      <string>reportingcompatibility</string>
      <string>1.5.8</string>
    </entry>
    <entry>
      <string>groovy</string>
      <string>2.2.4</string>
    </entry>
    <entry>
      <string>uiframework</string>
      <string>3.4</string>
    </entry>
    <entry>
      <string>patientflags</string>
      <string>1.3.4</string>
    </entry>
    <entry>
      <string>metadatamapping</string>
      <string>1.0.1</string>
    </entry>
    <entry>
      <string>reportingrest</string>
      <string>1.6</string>
    </entry>
    <entry>
      <string>appframework</string>
      <string>2.1</string>
    </entry>
    <entry>
      <string>logic</string>
      <string>0.5.2</string>
    </entry>
    <entry>
      <string>emrapi</string>
      <string>1.11.1</string>
    </entry>
    <entry>
      <string>databasebackup</string>
      <string>1.0</string>
    </entry>
    <entry>
      <string>pharmacyapi</string>
      <string>1.0.1-SNAPSHOT</string>
    </entry>
    <entry>
      <string>metadatasharing</string>
      <string>1.2</string>
    </entry>
    <entry>
      <string>reporting</string>
      <string>0.9.9</string>
    </entry>
    <entry>
      <string>gaac</string>
      <string>1.0</string>
    </entry>
    <entry>
      <string>patientflag_rest</string>
      <string>1.0.0</string>
    </entry>
  </modules>
  <items class="linked-hash-set" id="4">
    <org.openmrs.module.metadatasharing.Item id="5" uuid="9d6f0bea-10e8-11e5-9009-0242ac110012">
      <id>21117</id>
      <classname>org.openmrs.Concept</classname>
      <dateChanged id="6">2017-06-29 16:36:47</dateChanged>
      <retired>false</retired>
    </org.openmrs.module.metadatasharing.Item>
  </items>
  <relatedItems class="linked-hash-set" id="7">
    <org.openmrs.module.metadatasharing.Item id="8" uuid="8d4a48b6-c2cc-11de-8d13-0010c6dffd0f">
      <id>2</id>
      <classname>org.openmrs.ConceptDatatype</classname>
      <dateChanged id="9">2004-02-02 00:00:00</dateChanged>
      <retired>false</retired>
    </org.openmrs.module.metadatasharing.Item>
    <org.openmrs.module.metadatasharing.Item id="10" uuid="8d491e50-c2cc-11de-8d13-0010c6dffd0f">
      <id>7</id>
      <classname>org.openmrs.ConceptClass</classname>
      <dateChanged id="11">2004-03-01 22:00:00</dateChanged>
      <retired>false</retired>
    </org.openmrs.module.metadatasharing.Item>
    <org.openmrs.module.metadatasharing.Item id="12" uuid="9d6f170e-10e8-11e5-9009-0242ac110012">
      <id>28243</id>
      <classname>org.openmrs.ConceptName</classname>
      <dateChanged id="13">2015-06-12 11:51:36</dateChanged>
    </org.openmrs.module.metadatasharing.Item>
    <org.openmrs.module.metadatasharing.Item id="14" uuid="6f9d6718-b0ea-4f5f-b8e1-5c58eb7673f1">
      <id>3539</id>
      <classname>org.openmrs.ConceptAnswer</classname>
      <dateChanged id="15">2016-09-19 08:45:35</dateChanged>
    </org.openmrs.module.metadatasharing.Item>
    <org.openmrs.module.metadatasharing.Item id="16" uuid="1e5705ee-10f5-11e5-9009-0242ac110012">
      <id>21113</id>
      <classname>org.openmrs.Concept</classname>
      <dateChanged id="17">2017-06-29 16:36:47</dateChanged>
      <retired>false</retired>
    </org.openmrs.module.metadatasharing.Item>
    <org.openmrs.module.metadatasharing.Item id="18" uuid="8d4a4c94-c2cc-11de-8d13-0010c6dffd0f">
      <id>4</id>
      <classname>org.openmrs.ConceptDatatype</classname>
      <dateChanged id="19">2004-02-01 22:00:00</dateChanged>
      <retired>false</retired>
    </org.openmrs.module.metadatasharing.Item>
    <org.openmrs.module.metadatasharing.Item id="20" uuid="8d492774-c2cc-11de-8d13-0010c6dffd0f">
      <id>11</id>
      <classname>org.openmrs.ConceptClass</classname>
      <dateChanged id="21">2004-03-01 22:00:00</dateChanged>
      <retired>false</retired>
    </org.openmrs.module.metadatasharing.Item>
    <org.openmrs.module.metadatasharing.Item id="22" uuid="1e5711dd-10f5-11e5-9009-0242ac110012">
      <id>28236</id>
      <classname>org.openmrs.ConceptName</classname>
      <dateChanged id="23">2015-06-12 13:21:06</dateChanged>
    </org.openmrs.module.metadatasharing.Item>
    <org.openmrs.module.metadatasharing.Item id="24" uuid="bf679610-27b9-462a-9246-260fbff6c292">
      <id>28235</id>
      <classname>org.openmrs.ConceptName</classname>
      <dateChanged id="25">2016-09-22 13:11:26</dateChanged>
    </org.openmrs.module.metadatasharing.Item>
    <org.openmrs.module.metadatasharing.Item id="26" uuid="11c378d1-bec0-463a-acb0-d660e28253c3">
      <id>34351</id>
      <classname>org.openmrs.ConceptMap</classname>
      <dateChanged id="27">2017-06-29 16:36:47</dateChanged>
    </org.openmrs.module.metadatasharing.Item>
    <org.openmrs.module.metadatasharing.Item id="28" uuid="35543629-7d8c-11e1-909d-c80aa9edcf4e">
      <id>1</id>
      <classname>org.openmrs.ConceptMapType</classname>
      <dateChanged id="29">2017-06-29 17:39:58</dateChanged>
      <retired>false</retired>
    </org.openmrs.module.metadatasharing.Item>
    <org.openmrs.module.metadatasharing.Item id="30" uuid="6be54866-9082-11e6-a98e-000c29db4475">
      <id>44</id>
      <classname>org.openmrs.ConceptReferenceTerm</classname>
      <dateChanged id="31">2017-06-29 16:36:47</dateChanged>
      <retired>false</retired>
    </org.openmrs.module.metadatasharing.Item>
    <org.openmrs.module.metadatasharing.Item id="32" uuid="919246ff-6bfc-42fc-8213-69d2d1ce0db7">
      <id>34</id>
      <classname>org.openmrs.ConceptSource</classname>
      <dateChanged id="33">2016-10-12 13:42:37</dateChanged>
      <retired>false</retired>
    </org.openmrs.module.metadatasharing.Item>
    <org.openmrs.module.metadatasharing.Item id="34" uuid="acb44f3e-0f6a-11e5-af60-0242ac110052">
      <id>34352</id>
      <classname>org.openmrs.ConceptMap</classname>
      <dateChanged id="35">2017-06-29 16:36:47</dateChanged>
    </org.openmrs.module.metadatasharing.Item>
    <org.openmrs.module.metadatasharing.Item id="36" uuid="9d8c583d-10e8-11e5-9009-0242ac110012">
      <id>35027</id>
      <classname>org.openmrs.ConceptReferenceTerm</classname>
      <dateChanged id="37">2017-06-29 16:36:47</dateChanged>
      <retired>false</retired>
    </org.openmrs.module.metadatasharing.Item>
    <org.openmrs.module.metadatasharing.Item id="38" uuid="2b3c054a-768a-102f-83f4-12313b04a615">
      <id>1</id>
      <classname>org.openmrs.ConceptSource</classname>
      <dateChanged id="39">2009-11-19 18:19:16</dateChanged>
      <retired>false</retired>
    </org.openmrs.module.metadatasharing.Item>
    <org.openmrs.module.metadatasharing.Item id="40" uuid="d79c734e-9934-46e3-8eea-e8a65ef4da56">
      <id>3542</id>
      <classname>org.openmrs.ConceptAnswer</classname>
      <dateChanged id="41">2016-09-19 08:45:35</dateChanged>
    </org.openmrs.module.metadatasharing.Item>
    <org.openmrs.module.metadatasharing.Item id="42" uuid="9d956959-10e8-11e5-9009-0242ac110012">
      <id>21116</id>
      <classname>org.openmrs.Concept</classname>
      <dateChanged id="43">2017-06-29 16:36:47</dateChanged>
      <retired>false</retired>
    </org.openmrs.module.metadatasharing.Item>
    <org.openmrs.module.metadatasharing.Item id="44" uuid="9d95743e-10e8-11e5-9009-0242ac110012">
      <id>28241</id>
      <classname>org.openmrs.ConceptName</classname>
      <dateChanged id="45">2015-06-12 11:51:36</dateChanged>
    </org.openmrs.module.metadatasharing.Item>
    <org.openmrs.module.metadatasharing.Item id="46" uuid="f6341a04-898b-4a68-9d7e-81f1932e4150">
      <id>28242</id>
      <classname>org.openmrs.ConceptName</classname>
      <dateChanged id="47">2016-09-22 13:11:53</dateChanged>
    </org.openmrs.module.metadatasharing.Item>
    <org.openmrs.module.metadatasharing.Item id="48" uuid="a48b2043-0f6a-11e5-af60-0242ac110052">
      <id>34357</id>
      <classname>org.openmrs.ConceptMap</classname>
      <dateChanged id="49">2017-06-29 16:36:47</dateChanged>
    </org.openmrs.module.metadatasharing.Item>
    <org.openmrs.module.metadatasharing.Item id="50" uuid="9d8d6526-10e8-11e5-9009-0242ac110012">
      <id>35032</id>
      <classname>org.openmrs.ConceptReferenceTerm</classname>
      <dateChanged id="51">2017-06-29 16:36:47</dateChanged>
      <retired>false</retired>
    </org.openmrs.module.metadatasharing.Item>
    <org.openmrs.module.metadatasharing.Item id="52" uuid="27ff0393-4087-4559-814a-8d9ded9480c7">
      <id>34358</id>
      <classname>org.openmrs.ConceptMap</classname>
      <dateChanged id="53">2017-06-29 16:36:47</dateChanged>
    </org.openmrs.module.metadatasharing.Item>
    <org.openmrs.module.metadatasharing.Item id="54" uuid="d64e9082-1d41-4139-9257-4f3f61f033c5">
      <id>35033</id>
      <classname>org.openmrs.ConceptReferenceTerm</classname>
      <dateChanged id="55">2017-06-29 16:36:47</dateChanged>
      <retired>false</retired>
    </org.openmrs.module.metadatasharing.Item>
    <org.openmrs.module.metadatasharing.Item id="56" uuid="00e1c787-836c-4148-9579-755a68e77798">
      <id>3538</id>
      <classname>org.openmrs.ConceptAnswer</classname>
      <dateChanged id="57">2016-09-19 08:45:35</dateChanged>
    </org.openmrs.module.metadatasharing.Item>
    <org.openmrs.module.metadatasharing.Item id="58" uuid="9d6f51fb-10e8-11e5-9009-0242ac110012">
      <id>21112</id>
      <classname>org.openmrs.Concept</classname>
      <dateChanged id="59">2017-07-10 11:53:59</dateChanged>
      <retired>false</retired>
    </org.openmrs.module.metadatasharing.Item>
    <org.openmrs.module.metadatasharing.Item id="60" uuid="9d6f5b6b-10e8-11e5-9009-0242ac110012">
      <id>28233</id>
      <classname>org.openmrs.ConceptName</classname>
      <dateChanged id="61">2015-06-12 11:51:36</dateChanged>
    </org.openmrs.module.metadatasharing.Item>
    <org.openmrs.module.metadatasharing.Item id="62" uuid="566b850d-3c6f-4d15-85a7-193b80d990c1">
      <id>28234</id>
      <classname>org.openmrs.ConceptName</classname>
      <dateChanged id="63">2016-09-22 13:12:10</dateChanged>
    </org.openmrs.module.metadatasharing.Item>
    <org.openmrs.module.metadatasharing.Item id="64" uuid="a8851595-2483-41e1-b98a-fd060e3c4bb9">
      <id>34350</id>
      <classname>org.openmrs.ConceptMap</classname>
      <dateChanged id="65">2017-06-29 16:36:47</dateChanged>
    </org.openmrs.module.metadatasharing.Item>
    <org.openmrs.module.metadatasharing.Item id="66" uuid="d1b66f46-ad98-4524-89e3-12675f1305b8">
      <id>35026</id>
      <classname>org.openmrs.ConceptReferenceTerm</classname>
      <dateChanged id="67">2017-06-29 16:36:47</dateChanged>
      <retired>false</retired>
    </org.openmrs.module.metadatasharing.Item>
    <org.openmrs.module.metadatasharing.Item id="68" uuid="43c79b60-f493-4007-bbae-c28459f1238f">
      <id>36825</id>
      <classname>org.openmrs.ConceptMap</classname>
      <dateChanged id="69">2017-07-10 11:53:59</dateChanged>
    </org.openmrs.module.metadatasharing.Item>
    <org.openmrs.module.metadatasharing.Item id="70" uuid="9d8ea7ef-10e8-11e5-9009-0242ac110012">
      <id>35013</id>
      <classname>org.openmrs.ConceptReferenceTerm</classname>
      <dateChanged id="71">2017-06-29 16:36:47</dateChanged>
      <retired>false</retired>
    </org.openmrs.module.metadatasharing.Item>
    <org.openmrs.module.metadatasharing.Item id="72" uuid="5dc3df81-c2d9-4db7-828f-47c0ec48db19">
      <id>3541</id>
      <classname>org.openmrs.ConceptAnswer</classname>
      <dateChanged id="73">2016-09-19 08:45:35</dateChanged>
    </org.openmrs.module.metadatasharing.Item>
    <org.openmrs.module.metadatasharing.Item id="74" uuid="9d96489b-10e8-11e5-9009-0242ac110012">
      <id>21115</id>
      <classname>org.openmrs.Concept</classname>
      <dateChanged id="75">2017-06-29 16:36:47</dateChanged>
      <retired>false</retired>
    </org.openmrs.module.metadatasharing.Item>
    <org.openmrs.module.metadatasharing.Item id="76" uuid="9d966302-10e8-11e5-9009-0242ac110012">
      <id>28240</id>
      <classname>org.openmrs.ConceptName</classname>
      <dateChanged id="77">2015-06-12 11:51:36</dateChanged>
    </org.openmrs.module.metadatasharing.Item>
    <org.openmrs.module.metadatasharing.Item id="78" uuid="16dac1d8-93aa-44ee-9fc2-238176608aac">
      <id>28239</id>
      <classname>org.openmrs.ConceptName</classname>
      <dateChanged id="79">2016-09-22 13:12:43</dateChanged>
    </org.openmrs.module.metadatasharing.Item>
    <org.openmrs.module.metadatasharing.Item id="80" uuid="b0013d6d-4387-4bb3-903d-01b79c2af1a3">
      <id>34355</id>
      <classname>org.openmrs.ConceptMap</classname>
      <dateChanged id="81">2017-06-29 16:36:47</dateChanged>
    </org.openmrs.module.metadatasharing.Item>
    <org.openmrs.module.metadatasharing.Item id="82" uuid="5b1cfa6a-04e8-46b5-abfa-7dcc84466732">
      <id>35030</id>
      <classname>org.openmrs.ConceptReferenceTerm</classname>
      <dateChanged id="83">2017-06-29 16:36:47</dateChanged>
      <retired>false</retired>
    </org.openmrs.module.metadatasharing.Item>
    <org.openmrs.module.metadatasharing.Item id="84" uuid="abbb61f9-0f6a-11e5-af60-0242ac110052">
      <id>34356</id>
      <classname>org.openmrs.ConceptMap</classname>
      <dateChanged id="85">2017-06-29 16:36:47</dateChanged>
    </org.openmrs.module.metadatasharing.Item>
    <org.openmrs.module.metadatasharing.Item id="86" uuid="9d90099f-10e8-11e5-9009-0242ac110012">
      <id>35031</id>
      <classname>org.openmrs.ConceptReferenceTerm</classname>
      <dateChanged id="87">2017-06-29 16:36:47</dateChanged>
      <retired>false</retired>
    </org.openmrs.module.metadatasharing.Item>
    <org.openmrs.module.metadatasharing.Item id="88" uuid="e7c292df-3676-49c5-ad21-dbc60b421c54">
      <id>3540</id>
      <classname>org.openmrs.ConceptAnswer</classname>
      <dateChanged id="89">2016-09-19 08:45:35</dateChanged>
    </org.openmrs.module.metadatasharing.Item>
    <org.openmrs.module.metadatasharing.Item id="90" uuid="9d96d012-10e8-11e5-9009-0242ac110012">
      <id>21114</id>
      <classname>org.openmrs.Concept</classname>
      <dateChanged id="91">2017-06-29 16:36:47</dateChanged>
      <retired>false</retired>
    </org.openmrs.module.metadatasharing.Item>
    <org.openmrs.module.metadatasharing.Item id="92" uuid="9d96d93b-10e8-11e5-9009-0242ac110012">
      <id>28238</id>
      <classname>org.openmrs.ConceptName</classname>
      <dateChanged id="93">2015-06-12 11:51:36</dateChanged>
    </org.openmrs.module.metadatasharing.Item>
    <org.openmrs.module.metadatasharing.Item id="94" uuid="eec43cfd-4642-49ed-a72d-b3bc18a6a66f">
      <id>28237</id>
      <classname>org.openmrs.ConceptName</classname>
      <dateChanged id="95">2016-09-22 13:13:15</dateChanged>
    </org.openmrs.module.metadatasharing.Item>
    <org.openmrs.module.metadatasharing.Item id="96" uuid="ac413298-0f6a-11e5-af60-0242ac110052">
      <id>34353</id>
      <classname>org.openmrs.ConceptMap</classname>
      <dateChanged id="97">2017-06-29 16:36:47</dateChanged>
    </org.openmrs.module.metadatasharing.Item>
    <org.openmrs.module.metadatasharing.Item id="98" uuid="9d9168c2-10e8-11e5-9009-0242ac110012">
      <id>35028</id>
      <classname>org.openmrs.ConceptReferenceTerm</classname>
      <dateChanged id="99">2017-06-29 16:36:47</dateChanged>
      <retired>false</retired>
    </org.openmrs.module.metadatasharing.Item>
    <org.openmrs.module.metadatasharing.Item id="100" uuid="e3950081-bf88-4cb7-8ae9-08d27879fe65">
      <id>34354</id>
      <classname>org.openmrs.ConceptMap</classname>
      <dateChanged id="101">2017-06-29 16:36:47</dateChanged>
    </org.openmrs.module.metadatasharing.Item>
    <org.openmrs.module.metadatasharing.Item id="102" uuid="b531e947-4417-4afc-8ffb-75364f7682b7">
      <id>35029</id>
      <classname>org.openmrs.ConceptReferenceTerm</classname>
      <dateChanged id="103">2017-06-29 16:36:47</dateChanged>
      <retired>false</retired>
    </org.openmrs.module.metadatasharing.Item>
    <org.openmrs.module.metadatasharing.Item id="104" uuid="3e135590-3735-4729-8d98-e046e827fa12">
      <id>687</id>
      <classname>org.openmrs.ConceptSet</classname>
      <dateChanged id="105">2017-02-12 20:56:22</dateChanged>
    </org.openmrs.module.metadatasharing.Item>
    <org.openmrs.module.metadatasharing.Item id="106" uuid="e350df4e-7de5-4623-b903-f799fbbeef80">
      <id>688</id>
      <classname>org.openmrs.ConceptSet</classname>
      <dateChanged id="107">2017-02-12 20:56:22</dateChanged>
    </org.openmrs.module.metadatasharing.Item>
    <org.openmrs.module.metadatasharing.Item id="108" uuid="fbd13b45-c03b-4aba-9ef6-3c499346199a">
      <id>684</id>
      <classname>org.openmrs.ConceptSet</classname>
      <dateChanged id="109">2017-02-12 20:56:22</dateChanged>
    </org.openmrs.module.metadatasharing.Item>
    <org.openmrs.module.metadatasharing.Item id="110" uuid="2c8a96dc-c27a-4cc5-a249-c0e9bd420a40">
      <id>685</id>
      <classname>org.openmrs.ConceptSet</classname>
      <dateChanged id="111">2017-02-12 20:56:22</dateChanged>
    </org.openmrs.module.metadatasharing.Item>
    <org.openmrs.module.metadatasharing.Item id="112" uuid="89798a4c-44a3-4fa9-b26e-6a1bdcf98d86">
      <id>686</id>
      <classname>org.openmrs.ConceptSet</classname>
      <dateChanged id="113">2017-02-12 20:56:22</dateChanged>
    </org.openmrs.module.metadatasharing.Item>
    <org.openmrs.module.metadatasharing.Item id="114" uuid="8a196729-2205-4450-9d7e-532859eb67f0">
      <id>34359</id>
      <classname>org.openmrs.ConceptMap</classname>
      <dateChanged id="115">2017-06-29 16:36:47</dateChanged>
    </org.openmrs.module.metadatasharing.Item>
    <org.openmrs.module.metadatasharing.Item id="116" uuid="41361c4e-38b9-40a9-9d40-399d80e8365d">
      <id>35034</id>
      <classname>org.openmrs.ConceptReferenceTerm</classname>
      <dateChanged id="117">2017-06-29 16:36:47</dateChanged>
      <retired>false</retired>
    </org.openmrs.module.metadatasharing.Item>
  </relatedItems>
</package>
