<?xml version="1.0" encoding="UTF-8"?>
<list id="1">
  <org.openmrs.Concept id="2" uuid="9d6f0bea-10e8-11e5-9009-0242ac110012">
    <conceptId>21117</conceptId>
    <retired>false</retired>
    <datatype id="3" resolves-to="org.openmrs.ConceptDatatype" uuid="8d4a48b6-c2cc-11de-8d13-0010c6dffd0f">
      <name>Coded</name>
      <description>Value determined by term dictionary lookup (i.e., term identifier)</description>
      <creator/>
      <dateCreated id="4">2004-02-02 00:00:00</dateCreated>
      <retired>false</retired>
      <conceptDatatypeId>2</conceptDatatypeId>
      <hl7Abbreviation>CWE</hl7Abbreviation>
    </datatype>
    <conceptClass id="5" resolves-to="org.openmrs.ConceptClass" uuid="8d491e50-c2cc-11de-8d13-0010c6dffd0f">
      <name>Question</name>
      <description>Question (eg, patient history, SF36 items)</description>
      <creator/>
      <dateCreated id="6">2004-03-01 22:00:00</dateCreated>
      <retired>false</retired>
      <conceptClassId>7</conceptClassId>
    </conceptClass>
    <set>true</set>
    <creator/>
    <dateCreated id="7">2015-06-12 11:51:36</dateCreated>
    <changedBy/>
    <dateChanged id="8">2017-06-29 16:36:47</dateChanged>
    <names class="set" id="9">
      <org.openmrs.ConceptName id="10" uuid="9d6f170e-10e8-11e5-9009-0242ac110012">
        <conceptNameId>28243</conceptNameId>
        <concept reference="2"/>
        <name>Duration Units</name>
        <locale id="11">en</locale>
        <creator/>
        <dateCreated id="12">2015-06-12 11:51:36</dateCreated>
        <voided>false</voided>
        <tags class="set" id="13"/>
        <conceptNameType>FULLY_SPECIFIED</conceptNameType>
        <localePreferred>true</localePreferred>
      </org.openmrs.ConceptName>
    </names>
    <answers class="set" id="14">
      <org.openmrs.ConceptAnswer id="15" uuid="00e1c787-836c-4148-9579-755a68e77798">
        <conceptAnswerId>3538</conceptAnswerId>
        <concept reference="2"/>
        <answerConcept id="16" resolves-to="org.openmrs.Concept" uuid="9d6f51fb-10e8-11e5-9009-0242ac110012">
          <conceptId>21112</conceptId>
          <retired>false</retired>
          <datatype id="17" resolves-to="org.openmrs.ConceptDatatype" uuid="8d4a4c94-c2cc-11de-8d13-0010c6dffd0f">
            <name>N/A</name>
            <description>Not associated with a datatype (e.g., term answers, sets)</description>
            <creator/>
            <dateCreated id="18">2004-02-01 22:00:00</dateCreated>
            <retired>false</retired>
            <conceptDatatypeId>4</conceptDatatypeId>
            <hl7Abbreviation>ZZ</hl7Abbreviation>
          </datatype>
          <conceptClass id="19" resolves-to="org.openmrs.ConceptClass" uuid="8d492774-c2cc-11de-8d13-0010c6dffd0f">
            <name>Misc</name>
            <description>Terms which don&apos;t fit other categories</description>
            <creator/>
            <dateCreated id="20">2004-03-01 22:00:00</dateCreated>
            <retired>false</retired>
            <conceptClassId>11</conceptClassId>
          </conceptClass>
          <set>false</set>
          <creator/>
          <dateCreated id="21">2015-06-12 11:51:36</dateCreated>
          <changedBy/>
          <dateChanged id="22">2017-07-10 11:53:59</dateChanged>
          <names class="set" id="23">
            <org.openmrs.ConceptName id="24" uuid="9d6f5b6b-10e8-11e5-9009-0242ac110012">
              <conceptNameId>28233</conceptNameId>
              <concept reference="16"/>
              <name>Day(s)</name>
              <locale id="25">en</locale>
              <creator/>
              <dateCreated id="26">2015-06-12 11:51:36</dateCreated>
              <voided>false</voided>
              <tags class="set" id="27"/>
              <conceptNameType>FULLY_SPECIFIED</conceptNameType>
              <localePreferred>true</localePreferred>
            </org.openmrs.ConceptName>
            <org.openmrs.ConceptName id="28" uuid="566b850d-3c6f-4d15-85a7-193b80d990c1">
              <conceptNameId>28234</conceptNameId>
              <concept reference="16"/>
              <name>Dia(s)</name>
              <locale id="29">pt</locale>
              <creator/>
              <dateCreated id="30">2016-09-22 13:12:10</dateCreated>
              <voided>false</voided>
              <tags class="set" id="31"/>
              <conceptNameType>FULLY_SPECIFIED</conceptNameType>
              <localePreferred>true</localePreferred>
            </org.openmrs.ConceptName>
          </names>
          <answers class="set" id="32"/>
          <conceptSets class="set" id="33"/>
          <descriptions class="set" id="34"/>
          <conceptMappings class="set" id="35">
            <org.openmrs.ConceptMap id="36" uuid="a8851595-2483-41e1-b98a-fd060e3c4bb9">
              <conceptMapType id="37" resolves-to="org.openmrs.ConceptMapType" uuid="35543629-7d8c-11e1-909d-c80aa9edcf4e">
                <name>SAME-AS</name>
                <creator/>
                <dateCreated id="38">2015-03-21 22:00:00</dateCreated>
                <changedBy/>
                <dateChanged id="39">2017-06-29 17:39:58</dateChanged>
                <retired>false</retired>
                <conceptMapTypeId>1</conceptMapTypeId>
                <isHidden>false</isHidden>
              </conceptMapType>
              <creator/>
              <changedBy/>
              <dateCreated id="40">2016-09-22 13:40:57</dateCreated>
              <dateChanged id="41">2017-06-29 16:36:47</dateChanged>
              <conceptMapId>34350</conceptMapId>
              <concept reference="16"/>
              <conceptReferenceTerm id="42" resolves-to="org.openmrs.ConceptReferenceTerm" uuid="d1b66f46-ad98-4524-89e3-12675f1305b8">
                <creator/>
                <dateCreated id="43">2016-09-22 12:43:33</dateCreated>
                <changedBy/>
                <dateChanged id="44">2017-06-29 16:36:47</dateChanged>
                <retired>false</retired>
                <conceptReferenceTermId>35026</conceptReferenceTermId>
                <conceptSource id="45" resolves-to="org.openmrs.ConceptSource" uuid="919246ff-6bfc-42fc-8213-69d2d1ce0db7">
                  <name>eSaude</name>
                  <description>Mozambique eSaude concept dictionary</description>
                  <creator/>
                  <dateCreated id="46">2016-10-12 13:42:37</dateCreated>
                  <retired>false</retired>
                  <conceptSourceId>34</conceptSourceId>
                  <hl7Code>eSaude</hl7Code>
                </conceptSource>
                <code>6409</code>
                <conceptReferenceTermMaps id="47"/>
              </conceptReferenceTerm>
            </org.openmrs.ConceptMap>
            <org.openmrs.ConceptMap id="48" uuid="43c79b60-f493-4007-bbae-c28459f1238f">
              <conceptMapType reference="37"/>
              <creator/>
              <dateCreated id="49">2017-07-10 11:53:59</dateCreated>
              <conceptMapId>36825</conceptMapId>
              <concept reference="16"/>
              <conceptReferenceTerm id="50" resolves-to="org.openmrs.ConceptReferenceTerm" uuid="9d8ea7ef-10e8-11e5-9009-0242ac110012">
                <name>Day(s)</name>
                <description>Duration in Day(s)</description>
                <creator/>
                <dateCreated id="51">2015-06-12 11:51:36</dateCreated>
                <changedBy/>
                <dateChanged id="52">2017-06-29 16:36:47</dateChanged>
                <retired>false</retired>
                <conceptReferenceTermId>35013</conceptReferenceTermId>
                <conceptSource id="53" resolves-to="org.openmrs.ConceptSource" uuid="2b3c054a-768a-102f-83f4-12313b04a615">
                  <name>SNOMED CT</name>
                  <description>SNOMED Preferred mapping</description>
                  <creator/>
                  <dateCreated id="54">2009-11-19 18:19:16</dateCreated>
                  <retired>false</retired>
                  <conceptSourceId>1</conceptSourceId>
                  <hl7Code>SCT</hl7Code>
                </conceptSource>
                <code>258703001</code>
                <conceptReferenceTermMaps id="55"/>
              </conceptReferenceTerm>
            </org.openmrs.ConceptMap>
          </conceptMappings>
        </answerConcept>
        <creator/>
        <dateCreated id="56">2016-09-19 08:45:35</dateCreated>
        <sortWeight>3.0</sortWeight>
      </org.openmrs.ConceptAnswer>
      <org.openmrs.ConceptAnswer id="57" uuid="e7c292df-3676-49c5-ad21-dbc60b421c54">
        <conceptAnswerId>3540</conceptAnswerId>
        <concept reference="2"/>
        <answerConcept id="58" resolves-to="org.openmrs.Concept" uuid="9d96d012-10e8-11e5-9009-0242ac110012">
          <conceptId>21114</conceptId>
          <retired>false</retired>
          <datatype reference="17"/>
          <conceptClass reference="19"/>
          <set>false</set>
          <creator/>
          <dateCreated id="59">2015-06-12 11:51:36</dateCreated>
          <changedBy/>
          <dateChanged id="60">2017-06-29 16:36:47</dateChanged>
          <names class="set" id="61">
            <org.openmrs.ConceptName id="62" uuid="eec43cfd-4642-49ed-a72d-b3bc18a6a66f">
              <conceptNameId>28237</conceptNameId>
              <concept reference="58"/>
              <name>Mês(es)</name>
              <locale id="63">pt</locale>
              <creator/>
              <dateCreated id="64">2016-09-22 13:13:15</dateCreated>
              <voided>false</voided>
              <tags class="set" id="65"/>
              <conceptNameType>FULLY_SPECIFIED</conceptNameType>
              <localePreferred>true</localePreferred>
            </org.openmrs.ConceptName>
            <org.openmrs.ConceptName id="66" uuid="9d96d93b-10e8-11e5-9009-0242ac110012">
              <conceptNameId>28238</conceptNameId>
              <concept reference="58"/>
              <name>Month(s)</name>
              <locale id="67">en</locale>
              <creator/>
              <dateCreated id="68">2015-06-12 11:51:36</dateCreated>
              <voided>false</voided>
              <tags class="set" id="69"/>
              <conceptNameType>FULLY_SPECIFIED</conceptNameType>
              <localePreferred>true</localePreferred>
            </org.openmrs.ConceptName>
          </names>
          <answers class="set" id="70"/>
          <conceptSets class="set" id="71"/>
          <descriptions class="set" id="72"/>
          <conceptMappings class="set" id="73">
            <org.openmrs.ConceptMap id="74" uuid="ac413298-0f6a-11e5-af60-0242ac110052">
              <conceptMapType reference="37"/>
              <creator/>
              <changedBy/>
              <dateCreated id="75">2015-06-12 11:51:36</dateCreated>
              <dateChanged id="76">2017-06-29 16:36:47</dateChanged>
              <conceptMapId>34353</conceptMapId>
              <concept reference="58"/>
              <conceptReferenceTerm id="77" resolves-to="org.openmrs.ConceptReferenceTerm" uuid="9d9168c2-10e8-11e5-9009-0242ac110012">
                <name>Month(s)</name>
                <description>Duration in Week(s)</description>
                <creator/>
                <dateCreated id="78">2015-06-12 11:51:36</dateCreated>
                <changedBy/>
                <dateChanged id="79">2017-06-29 16:36:47</dateChanged>
                <retired>false</retired>
                <conceptReferenceTermId>35028</conceptReferenceTermId>
                <conceptSource reference="53"/>
                <code>258706009</code>
                <conceptReferenceTermMaps id="80"/>
              </conceptReferenceTerm>
            </org.openmrs.ConceptMap>
            <org.openmrs.ConceptMap id="81" uuid="e3950081-bf88-4cb7-8ae9-08d27879fe65">
              <conceptMapType reference="37"/>
              <creator/>
              <changedBy/>
              <dateCreated id="82">2016-09-22 13:40:57</dateCreated>
              <dateChanged id="83">2017-06-29 16:36:47</dateChanged>
              <conceptMapId>34354</conceptMapId>
              <concept reference="58"/>
              <conceptReferenceTerm id="84" resolves-to="org.openmrs.ConceptReferenceTerm" uuid="b531e947-4417-4afc-8ffb-75364f7682b7">
                <creator/>
                <dateCreated id="85">2016-09-22 12:43:33</dateCreated>
                <changedBy/>
                <dateChanged id="86">2017-06-29 16:36:47</dateChanged>
                <retired>false</retired>
                <conceptReferenceTermId>35029</conceptReferenceTermId>
                <conceptSource reference="45"/>
                <code>6427</code>
                <conceptReferenceTermMaps id="87"/>
              </conceptReferenceTerm>
            </org.openmrs.ConceptMap>
          </conceptMappings>
        </answerConcept>
        <creator/>
        <dateCreated id="88">2016-09-19 08:45:35</dateCreated>
        <sortWeight>5.0</sortWeight>
      </org.openmrs.ConceptAnswer>
      <org.openmrs.ConceptAnswer id="89" uuid="6f9d6718-b0ea-4f5f-b8e1-5c58eb7673f1">
        <conceptAnswerId>3539</conceptAnswerId>
        <concept reference="2"/>
        <answerConcept id="90" resolves-to="org.openmrs.Concept" uuid="1e5705ee-10f5-11e5-9009-0242ac110012">
          <conceptId>21113</conceptId>
          <retired>false</retired>
          <datatype reference="17"/>
          <conceptClass reference="19"/>
          <set>false</set>
          <creator/>
          <dateCreated id="91">2015-06-12 13:21:06</dateCreated>
          <changedBy/>
          <dateChanged id="92">2017-06-29 16:36:47</dateChanged>
          <names class="set" id="93">
            <org.openmrs.ConceptName id="94" uuid="bf679610-27b9-462a-9246-260fbff6c292">
              <conceptNameId>28235</conceptNameId>
              <concept reference="90"/>
              <name>Minuto(s)</name>
              <locale id="95">pt</locale>
              <creator/>
              <dateCreated id="96">2016-09-22 13:11:26</dateCreated>
              <voided>false</voided>
              <tags class="set" id="97"/>
              <conceptNameType>FULLY_SPECIFIED</conceptNameType>
              <localePreferred>true</localePreferred>
            </org.openmrs.ConceptName>
            <org.openmrs.ConceptName id="98" uuid="1e5711dd-10f5-11e5-9009-0242ac110012">
              <conceptNameId>28236</conceptNameId>
              <concept reference="90"/>
              <name>Minute(s)</name>
              <locale id="99">en</locale>
              <creator/>
              <dateCreated id="100">2015-06-12 13:21:06</dateCreated>
              <voided>false</voided>
              <tags class="set" id="101"/>
              <conceptNameType>FULLY_SPECIFIED</conceptNameType>
              <localePreferred>true</localePreferred>
            </org.openmrs.ConceptName>
          </names>
          <answers class="set" id="102"/>
          <conceptSets class="set" id="103"/>
          <descriptions class="set" id="104"/>
          <conceptMappings class="set" id="105">
            <org.openmrs.ConceptMap id="106" uuid="11c378d1-bec0-463a-acb0-d660e28253c3">
              <conceptMapType reference="37"/>
              <creator/>
              <changedBy/>
              <dateCreated id="107">2016-09-22 13:40:57</dateCreated>
              <dateChanged id="108">2017-06-29 16:36:47</dateChanged>
              <conceptMapId>34351</conceptMapId>
              <concept reference="90"/>
              <conceptReferenceTerm id="109" resolves-to="org.openmrs.ConceptReferenceTerm" uuid="6be54866-9082-11e6-a98e-000c29db4475">
                <creator/>
                <dateCreated id="110">2016-09-22 12:43:32</dateCreated>
                <changedBy/>
                <dateChanged id="111">2017-06-29 16:36:47</dateChanged>
                <retired>false</retired>
                <conceptReferenceTermId>44</conceptReferenceTermId>
                <conceptSource reference="45"/>
                <code>6459</code>
                <conceptReferenceTermMaps id="112"/>
              </conceptReferenceTerm>
            </org.openmrs.ConceptMap>
            <org.openmrs.ConceptMap id="113" uuid="acb44f3e-0f6a-11e5-af60-0242ac110052">
              <conceptMapType reference="37"/>
              <creator/>
              <changedBy/>
              <dateCreated id="114">2015-06-12 13:21:06</dateCreated>
              <dateChanged id="115">2017-06-29 16:36:47</dateChanged>
              <conceptMapId>34352</conceptMapId>
              <concept reference="90"/>
              <conceptReferenceTerm id="116" resolves-to="org.openmrs.ConceptReferenceTerm" uuid="9d8c583d-10e8-11e5-9009-0242ac110012">
                <name>Minute(s)</name>
                <description>Duration in Minute(s)</description>
                <creator/>
                <dateCreated id="117">2015-06-12 11:51:36</dateCreated>
                <changedBy/>
                <dateChanged id="118">2017-06-29 16:36:47</dateChanged>
                <retired>false</retired>
                <conceptReferenceTermId>35027</conceptReferenceTermId>
                <conceptSource reference="53"/>
                <code>258701004</code>
                <conceptReferenceTermMaps id="119"/>
              </conceptReferenceTerm>
            </org.openmrs.ConceptMap>
          </conceptMappings>
        </answerConcept>
        <creator/>
        <dateCreated id="120">2016-09-19 08:45:35</dateCreated>
        <sortWeight>1.0</sortWeight>
      </org.openmrs.ConceptAnswer>
      <org.openmrs.ConceptAnswer id="121" uuid="5dc3df81-c2d9-4db7-828f-47c0ec48db19">
        <conceptAnswerId>3541</conceptAnswerId>
        <concept reference="2"/>
        <answerConcept id="122" resolves-to="org.openmrs.Concept" uuid="9d96489b-10e8-11e5-9009-0242ac110012">
          <conceptId>21115</conceptId>
          <retired>false</retired>
          <datatype reference="17"/>
          <conceptClass reference="19"/>
          <set>false</set>
          <creator/>
          <dateCreated id="123">2015-06-12 11:51:36</dateCreated>
          <changedBy/>
          <dateChanged id="124">2017-06-29 16:36:47</dateChanged>
          <names class="set" id="125">
            <org.openmrs.ConceptName id="126" uuid="16dac1d8-93aa-44ee-9fc2-238176608aac">
              <conceptNameId>28239</conceptNameId>
              <concept reference="122"/>
              <name>Semana(s)</name>
              <locale id="127">pt</locale>
              <creator/>
              <dateCreated id="128">2016-09-22 13:12:43</dateCreated>
              <voided>false</voided>
              <tags class="set" id="129"/>
              <conceptNameType>FULLY_SPECIFIED</conceptNameType>
              <localePreferred>true</localePreferred>
            </org.openmrs.ConceptName>
            <org.openmrs.ConceptName id="130" uuid="9d966302-10e8-11e5-9009-0242ac110012">
              <conceptNameId>28240</conceptNameId>
              <concept reference="122"/>
              <name>Week(s)</name>
              <locale id="131">en</locale>
              <creator/>
              <dateCreated id="132">2015-06-12 11:51:36</dateCreated>
              <voided>false</voided>
              <tags class="set" id="133"/>
              <conceptNameType>FULLY_SPECIFIED</conceptNameType>
              <localePreferred>true</localePreferred>
            </org.openmrs.ConceptName>
          </names>
          <answers class="set" id="134"/>
          <conceptSets class="set" id="135"/>
          <descriptions class="set" id="136"/>
          <conceptMappings class="set" id="137">
            <org.openmrs.ConceptMap id="138" uuid="b0013d6d-4387-4bb3-903d-01b79c2af1a3">
              <conceptMapType reference="37"/>
              <creator/>
              <changedBy/>
              <dateCreated id="139">2016-09-22 13:40:57</dateCreated>
              <dateChanged id="140">2017-06-29 16:36:47</dateChanged>
              <conceptMapId>34355</conceptMapId>
              <concept reference="122"/>
              <conceptReferenceTerm id="141" resolves-to="org.openmrs.ConceptReferenceTerm" uuid="5b1cfa6a-04e8-46b5-abfa-7dcc84466732">
                <creator/>
                <dateCreated id="142">2016-09-22 12:43:33</dateCreated>
                <changedBy/>
                <dateChanged id="143">2017-06-29 16:36:47</dateChanged>
                <retired>false</retired>
                <conceptReferenceTermId>35030</conceptReferenceTermId>
                <conceptSource reference="45"/>
                <code>6426</code>
                <conceptReferenceTermMaps id="144"/>
              </conceptReferenceTerm>
            </org.openmrs.ConceptMap>
            <org.openmrs.ConceptMap id="145" uuid="abbb61f9-0f6a-11e5-af60-0242ac110052">
              <conceptMapType reference="37"/>
              <creator/>
              <changedBy/>
              <dateCreated id="146">2015-06-12 11:51:36</dateCreated>
              <dateChanged id="147">2017-06-29 16:36:47</dateChanged>
              <conceptMapId>34356</conceptMapId>
              <concept reference="122"/>
              <conceptReferenceTerm id="148" resolves-to="org.openmrs.ConceptReferenceTerm" uuid="9d90099f-10e8-11e5-9009-0242ac110012">
                <name>Week(s)</name>
                <description>Duration in Week(s)</description>
                <creator/>
                <dateCreated id="149">2015-06-12 11:51:36</dateCreated>
                <changedBy/>
                <dateChanged id="150">2017-06-29 16:36:47</dateChanged>
                <retired>false</retired>
                <conceptReferenceTermId>35031</conceptReferenceTermId>
                <conceptSource reference="53"/>
                <code>258705008</code>
                <conceptReferenceTermMaps id="151"/>
              </conceptReferenceTerm>
            </org.openmrs.ConceptMap>
          </conceptMappings>
        </answerConcept>
        <creator/>
        <dateCreated id="152">2016-09-19 08:45:35</dateCreated>
        <sortWeight>4.0</sortWeight>
      </org.openmrs.ConceptAnswer>
      <org.openmrs.ConceptAnswer id="153" uuid="d79c734e-9934-46e3-8eea-e8a65ef4da56">
        <conceptAnswerId>3542</conceptAnswerId>
        <concept reference="2"/>
        <answerConcept id="154" resolves-to="org.openmrs.Concept" uuid="9d956959-10e8-11e5-9009-0242ac110012">
          <conceptId>21116</conceptId>
          <retired>false</retired>
          <datatype reference="17"/>
          <conceptClass reference="19"/>
          <set>false</set>
          <creator/>
          <dateCreated id="155">2015-06-12 11:51:36</dateCreated>
          <changedBy/>
          <dateChanged id="156">2017-06-29 16:36:47</dateChanged>
          <names class="set" id="157">
            <org.openmrs.ConceptName id="158" uuid="9d95743e-10e8-11e5-9009-0242ac110012">
              <conceptNameId>28241</conceptNameId>
              <concept reference="154"/>
              <name>Hour(s)</name>
              <locale id="159">en</locale>
              <creator/>
              <dateCreated id="160">2015-06-12 11:51:36</dateCreated>
              <voided>false</voided>
              <tags class="set" id="161"/>
              <conceptNameType>FULLY_SPECIFIED</conceptNameType>
              <localePreferred>true</localePreferred>
            </org.openmrs.ConceptName>
            <org.openmrs.ConceptName id="162" uuid="f6341a04-898b-4a68-9d7e-81f1932e4150">
              <conceptNameId>28242</conceptNameId>
              <concept reference="154"/>
              <name>Hora(s)</name>
              <locale id="163">pt</locale>
              <creator/>
              <dateCreated id="164">2016-09-22 13:11:53</dateCreated>
              <voided>false</voided>
              <tags class="set" id="165"/>
              <conceptNameType>FULLY_SPECIFIED</conceptNameType>
              <localePreferred>true</localePreferred>
            </org.openmrs.ConceptName>
          </names>
          <answers class="set" id="166"/>
          <conceptSets class="set" id="167"/>
          <descriptions class="set" id="168"/>
          <conceptMappings class="set" id="169">
            <org.openmrs.ConceptMap id="170" uuid="a48b2043-0f6a-11e5-af60-0242ac110052">
              <conceptMapType reference="37"/>
              <creator/>
              <changedBy/>
              <dateCreated id="171">2015-06-12 11:51:36</dateCreated>
              <dateChanged id="172">2017-06-29 16:36:47</dateChanged>
              <conceptMapId>34357</conceptMapId>
              <concept reference="154"/>
              <conceptReferenceTerm id="173" resolves-to="org.openmrs.ConceptReferenceTerm" uuid="9d8d6526-10e8-11e5-9009-0242ac110012">
                <name>Hour(s)</name>
                <description>Duration in Hour(s)</description>
                <creator/>
                <dateCreated id="174">2015-06-12 11:51:36</dateCreated>
                <changedBy/>
                <dateChanged id="175">2017-06-29 16:36:47</dateChanged>
                <retired>false</retired>
                <conceptReferenceTermId>35032</conceptReferenceTermId>
                <conceptSource reference="53"/>
                <code>258702006</code>
                <conceptReferenceTermMaps id="176"/>
              </conceptReferenceTerm>
            </org.openmrs.ConceptMap>
            <org.openmrs.ConceptMap id="177" uuid="27ff0393-4087-4559-814a-8d9ded9480c7">
              <conceptMapType reference="37"/>
              <creator/>
              <changedBy/>
              <dateCreated id="178">2016-09-22 13:40:57</dateCreated>
              <dateChanged id="179">2017-06-29 16:36:47</dateChanged>
              <conceptMapId>34358</conceptMapId>
              <concept reference="154"/>
              <conceptReferenceTerm id="180" resolves-to="org.openmrs.ConceptReferenceTerm" uuid="d64e9082-1d41-4139-9257-4f3f61f033c5">
                <creator/>
                <dateCreated id="181">2016-09-22 12:43:32</dateCreated>
                <changedBy/>
                <dateChanged id="182">2017-06-29 16:36:47</dateChanged>
                <retired>false</retired>
                <conceptReferenceTermId>35033</conceptReferenceTermId>
                <conceptSource reference="45"/>
                <code>6425</code>
                <conceptReferenceTermMaps id="183"/>
              </conceptReferenceTerm>
            </org.openmrs.ConceptMap>
          </conceptMappings>
        </answerConcept>
        <creator/>
        <dateCreated id="184">2016-09-19 08:45:35</dateCreated>
        <sortWeight>2.0</sortWeight>
      </org.openmrs.ConceptAnswer>
    </answers>
    <conceptSets class="set" id="185">
      <org.openmrs.ConceptSet id="186" uuid="fbd13b45-c03b-4aba-9ef6-3c499346199a">
        <conceptSetId>684</conceptSetId>
        <concept reference="16"/>
        <conceptSet reference="2"/>
        <sortWeight>2.0</sortWeight>
        <creator/>
        <dateCreated id="187">2017-02-12 20:56:22</dateCreated>
      </org.openmrs.ConceptSet>
      <org.openmrs.ConceptSet id="188" uuid="89798a4c-44a3-4fa9-b26e-6a1bdcf98d86">
        <conceptSetId>686</conceptSetId>
        <concept reference="58"/>
        <conceptSet reference="2"/>
        <sortWeight>4.0</sortWeight>
        <creator/>
        <dateCreated id="189">2017-02-12 20:56:22</dateCreated>
      </org.openmrs.ConceptSet>
      <org.openmrs.ConceptSet id="190" uuid="2c8a96dc-c27a-4cc5-a249-c0e9bd420a40">
        <conceptSetId>685</conceptSetId>
        <concept reference="122"/>
        <conceptSet reference="2"/>
        <sortWeight>3.0</sortWeight>
        <creator/>
        <dateCreated id="191">2017-02-12 20:56:22</dateCreated>
      </org.openmrs.ConceptSet>
      <org.openmrs.ConceptSet id="192" uuid="3e135590-3735-4729-8d98-e046e827fa12">
        <conceptSetId>687</conceptSetId>
        <concept reference="90"/>
        <conceptSet reference="2"/>
        <sortWeight>0.0</sortWeight>
        <creator/>
        <dateCreated id="193">2017-02-12 20:56:22</dateCreated>
      </org.openmrs.ConceptSet>
      <org.openmrs.ConceptSet id="194" uuid="e350df4e-7de5-4623-b903-f799fbbeef80">
        <conceptSetId>688</conceptSetId>
        <concept reference="154"/>
        <conceptSet reference="2"/>
        <sortWeight>1.0</sortWeight>
        <creator/>
        <dateCreated id="195">2017-02-12 20:56:22</dateCreated>
      </org.openmrs.ConceptSet>
    </conceptSets>
    <descriptions class="set" id="196"/>
    <conceptMappings class="set" id="197">
      <org.openmrs.ConceptMap id="198" uuid="8a196729-2205-4450-9d7e-532859eb67f0">
        <conceptMapType reference="37"/>
        <creator/>
        <changedBy/>
        <dateCreated id="199">2016-09-22 13:40:57</dateCreated>
        <dateChanged id="200">2017-06-29 16:36:47</dateChanged>
        <conceptMapId>34359</conceptMapId>
        <concept reference="2"/>
        <conceptReferenceTerm id="201" resolves-to="org.openmrs.ConceptReferenceTerm" uuid="41361c4e-38b9-40a9-9d40-399d80e8365d">
          <creator/>
          <dateCreated id="202">2016-09-22 12:43:32</dateCreated>
          <changedBy/>
          <dateChanged id="203">2017-06-29 16:36:47</dateChanged>
          <retired>false</retired>
          <conceptReferenceTermId>35034</conceptReferenceTermId>
          <conceptSource reference="45"/>
          <code>6408</code>
          <conceptReferenceTermMaps id="204"/>
        </conceptReferenceTerm>
      </org.openmrs.ConceptMap>
    </conceptMappings>
  </org.openmrs.Concept>
</list>
