<?xml version="1.0" encoding="UTF-8"?>
<package id="1" uuid="93b015ff-246e-47b9-9dbd-bb48edd21407">
  <dateCreated id="2">2016-08-25 12:13:43</dateCreated>
  <name>patient attributes</name>
  <description>Updated patient attributes according to MoH</description>
  <openmrsVersion>1.11.5  Build a0c979</openmrsVersion>
  <version>1</version>
  <groupUuid>a38b6cd7-2177-4549-8660-30def2bf4a56</groupUuid>
  <modules id="3">
    <entry>
      <string>uilibrary</string>
      <string>1.5</string>
    </entry>
    <entry>
      <string>webservices.rest</string>
      <string>2.12.474b25</string>
    </entry>
    <entry>
      <string>htmlformentry</string>
      <string>2.2.1</string>
    </entry>
    <entry>
      <string>patientsummary</string>
      <string>2.0</string>
    </entry>
    <entry>
      <string>calculation</string>
      <string>1.1</string>
    </entry>
    <entry>
      <string>providermanagement</string>
      <string>2.3</string>
    </entry>
    <entry>
      <string>event</string>
      <string>2.2.1</string>
    </entry>
    <entry>
      <string>formfilter</string>
      <string>1.0.0</string>
    </entry>
    <entry>
      <string>bahmniapps</string>
      <string>0.74-SNAPSHOT</string>
    </entry>
    <entry>
      <string>htmlformentry19ext</string>
      <string>1.2</string>
    </entry>
    <entry>
      <string>esaudemetadata</string>
      <string>1.1.0</string>
    </entry>
    <entry>
      <string>reference-data</string>
      <string>0.74-SNAPSHOT</string>
    </entry>
    <entry>
      <string>addresshierarchy</string>
      <string>2.4</string>
    </entry>
    <entry>
      <string>dataentrystatistics</string>
      <string>1.3.2</string>
    </entry>
    <entry>
      <string>serialization.xstream</string>
      <string>0.2.9</string>
    </entry>
    <entry>
      <string>htmlwidgets</string>
      <string>1.6.5</string>
    </entry>
    <entry>
      <string>reportingcompatibility</string>
      <string>1.5.8</string>
    </entry>
    <entry>
      <string>groovy</string>
      <string>2.2.4</string>
    </entry>
    <entry>
      <string>uiframework</string>
      <string>3.4</string>
    </entry>
    <entry>
      <string>bahmnicore</string>
      <string>0.77-SNAPSHOT</string>
    </entry>
    <entry>
      <string>metadatamapping</string>
      <string>1.0.1</string>
    </entry>
    <entry>
      <string>patientflags</string>
      <string>1.3.4</string>
    </entry>
    <entry>
      <string>reportingrest</string>
      <string>1.6</string>
    </entry>
    <entry>
      <string>appframework</string>
      <string>2.1</string>
    </entry>
    <entry>
      <string>logic</string>
      <string>0.5.2</string>
    </entry>
    <entry>
      <string>idgen-webservices</string>
      <string>1.0</string>
    </entry>
    <entry>
      <string>emrapi</string>
      <string>1.11.1</string>
    </entry>
    <entry>
      <string>openmrs-atomfeed</string>
      <string>2.4-SNAPSHOT</string>
    </entry>
    <entry>
      <string>idgen</string>
      <string>2.9.1</string>
    </entry>
    <entry>
      <string>databasebackup</string>
      <string>1.0</string>
    </entry>
    <entry>
      <string>metadatasharing</string>
      <string>1.2</string>
    </entry>
    <entry>
      <string>reporting</string>
      <string>0.9.9</string>
    </entry>
    <entry>
      <string>gaac</string>
      <string>1.0-SNAPSHOT</string>
    </entry>
    <entry>
      <string>patientflag_rest</string>
      <string>1.0.0</string>
    </entry>
  </modules>
  <items class="linked-hash-set" id="4">
    <org.openmrs.module.metadatasharing.Item id="5" uuid="4d9d4863-6637-4aba-a907-f2e60f5be9c0">
      <id>13</id>
      <classname>org.openmrs.PersonAttributeType</classname>
      <dateChanged id="6">2016-08-25 12:20:57</dateChanged>
      <retired>true</retired>
    </org.openmrs.module.metadatasharing.Item>
    <org.openmrs.module.metadatasharing.Item id="7" uuid="9d38adf9-10e8-11e5-9009-0242ac110012">
      <id>14</id>
      <classname>org.openmrs.PersonAttributeType</classname>
      <dateChanged id="8">2016-08-25 12:16:02</dateChanged>
      <retired>true</retired>
    </org.openmrs.module.metadatasharing.Item>
    <org.openmrs.module.metadatasharing.Item id="9" uuid="9d3a324f-10e8-11e5-9009-0242ac110012">
      <id>15</id>
      <classname>org.openmrs.PersonAttributeType</classname>
      <dateChanged id="10">2016-08-25 12:16:10</dateChanged>
      <retired>true</retired>
    </org.openmrs.module.metadatasharing.Item>
    <org.openmrs.module.metadatasharing.Item id="11" uuid="9d3bbaa1-10e8-11e5-9009-0242ac110012">
      <id>16</id>
      <classname>org.openmrs.PersonAttributeType</classname>
      <dateChanged id="12">2016-08-25 12:21:11</dateChanged>
      <retired>true</retired>
    </org.openmrs.module.metadatasharing.Item>
    <org.openmrs.module.metadatasharing.Item id="13" uuid="d10628a7-ba75-4495-840b-bf6f1c44fd2d">
      <id>18</id>
      <classname>org.openmrs.PersonAttributeType</classname>
      <dateChanged id="14">2016-08-25 12:20:47</dateChanged>
      <retired>false</retired>
    </org.openmrs.module.metadatasharing.Item>
    <org.openmrs.module.metadatasharing.Item id="15" uuid="e2e3fc10-1d5f-11e0-b929-000c29ad1d07">
      <id>8</id>
      <classname>org.openmrs.PersonAttributeType</classname>
      <dateChanged id="16">2016-08-25 12:15:56</dateChanged>
      <retired>true</retired>
    </org.openmrs.module.metadatasharing.Item>
    <org.openmrs.module.metadatasharing.Item id="17" uuid="e2e3fd64-1d5f-11e0-b929-000c29ad1d07">
      <id>9</id>
      <classname>org.openmrs.PersonAttributeType</classname>
      <dateChanged id="18">2016-08-25 12:21:23</dateChanged>
      <retired>false</retired>
    </org.openmrs.module.metadatasharing.Item>
    <org.openmrs.module.metadatasharing.Item id="19" uuid="e2e3feae-1d5f-11e0-b929-000c29ad1d07">
      <id>10</id>
      <classname>org.openmrs.PersonAttributeType</classname>
      <dateChanged id="20">2016-08-25 12:20:59</dateChanged>
      <retired>true</retired>
    </org.openmrs.module.metadatasharing.Item>
    <org.openmrs.module.metadatasharing.Item id="21" uuid="e2e3fff8-1d5f-11e0-b929-000c29ad1d07">
      <id>11</id>
      <classname>org.openmrs.PersonAttributeType</classname>
      <dateChanged id="22">2016-08-25 12:21:06</dateChanged>
      <retired>true</retired>
    </org.openmrs.module.metadatasharing.Item>
    <org.openmrs.module.metadatasharing.Item id="23" uuid="e2e40142-1d5f-11e0-b929-000c29ad1d07">
      <id>12</id>
      <classname>org.openmrs.PersonAttributeType</classname>
      <dateChanged id="24">2016-08-25 12:21:03</dateChanged>
      <retired>true</retired>
    </org.openmrs.module.metadatasharing.Item>
    <org.openmrs.module.metadatasharing.Item id="25" uuid="e6c97a9d-a77b-401f-b06e-81900e21ed1d">
      <id>17</id>
      <classname>org.openmrs.PersonAttributeType</classname>
      <dateChanged id="26">2016-08-25 12:21:23</dateChanged>
      <retired>false</retired>
    </org.openmrs.module.metadatasharing.Item>
    <org.openmrs.module.metadatasharing.Item id="27" uuid="e944813c-11b1-49f3-b9a5-9fbbd10beec2">
      <id>19</id>
      <classname>org.openmrs.PersonAttributeType</classname>
      <dateChanged id="28">2016-08-25 12:21:23</dateChanged>
      <retired>false</retired>
    </org.openmrs.module.metadatasharing.Item>
  </items>
  <relatedItems class="linked-hash-set" id="29">
    <org.openmrs.module.metadatasharing.Item id="30" uuid="e2e9a4da-1d5f-11e0-b929-000c29ad1d07">
      <classname>org.openmrs.Privilege</classname>
      <retired>false</retired>
    </org.openmrs.module.metadatasharing.Item>
  </relatedItems>
</package>
