<?xml version="1.0" encoding="UTF-8"?>
<list id="1">
  <org.openmrs.PersonAttributeType id="2" uuid="4d9d4863-6637-4aba-a907-f2e60f5be9c0">
    <name>Pessoa de referencia</name>
    <creator/>
    <dateCreated id="3">2011-09-08 15:05:21</dateCreated>
    <changedBy/>
    <dateChanged id="4">2016-08-25 12:20:57</dateChanged>
    <retired>true</retired>
    <dateRetired id="5">2016-08-25 12:16:42</dateRetired>
    <retiredBy/>
    <retireReason>Not in use</retireReason>
    <personAttributeTypeId>13</personAttributeTypeId>
    <format>org.openmrs.Concept</format>
    <foreignKey>1441</foreignKey>
    <sortWeight>15.0</sortWeight>
    <searchable>true</searchable>
    <editPrivilege id="6" resolves-to="org.openmrs.Privilege" uuid="e2e9a4da-1d5f-11e0-b929-000c29ad1d07">
      <description>Able to add patients</description>
      <retired>false</retired>
      <privilege>Add Patients</privilege>
    </editPrivilege>
  </org.openmrs.PersonAttributeType>
  <org.openmrs.PersonAttributeType id="7" uuid="9d38adf9-10e8-11e5-9009-0242ac110012">
    <name>givenNameLocal</name>
    <description>givenNameLocal</description>
    <creator/>
    <dateCreated id="8">2015-06-12 09:51:36</dateCreated>
    <changedBy/>
    <dateChanged id="9">2016-08-25 12:16:02</dateChanged>
    <retired>true</retired>
    <dateRetired id="10">2016-08-25 12:16:02</dateRetired>
    <retiredBy/>
    <retireReason>Not in use</retireReason>
    <personAttributeTypeId>14</personAttributeTypeId>
    <format>java.lang.String</format>
    <sortWeight>3.0</sortWeight>
    <searchable>false</searchable>
  </org.openmrs.PersonAttributeType>
  <org.openmrs.PersonAttributeType id="11" uuid="9d3a324f-10e8-11e5-9009-0242ac110012">
    <name>familyNameLocal</name>
    <description>familyNameLocal</description>
    <creator/>
    <dateCreated id="12">2015-06-12 09:51:36</dateCreated>
    <changedBy/>
    <dateChanged id="13">2016-08-25 12:16:10</dateChanged>
    <retired>true</retired>
    <dateRetired id="14">2016-08-25 12:16:10</dateRetired>
    <retiredBy/>
    <retireReason>Not in use</retireReason>
    <personAttributeTypeId>15</personAttributeTypeId>
    <format>java.lang.String</format>
    <sortWeight>3.0</sortWeight>
    <searchable>false</searchable>
  </org.openmrs.PersonAttributeType>
  <org.openmrs.PersonAttributeType id="15" uuid="9d3bbaa1-10e8-11e5-9009-0242ac110012">
    <name>middleNameLocal</name>
    <description>middleNameLocal</description>
    <creator/>
    <dateCreated id="16">2015-06-12 09:51:36</dateCreated>
    <changedBy/>
    <dateChanged id="17">2016-08-25 12:21:11</dateChanged>
    <retired>true</retired>
    <dateRetired id="18">2016-08-25 12:16:14</dateRetired>
    <retiredBy/>
    <retireReason>Not in use</retireReason>
    <personAttributeTypeId>16</personAttributeTypeId>
    <format>java.lang.String</format>
    <sortWeight>10.0</sortWeight>
    <searchable>false</searchable>
  </org.openmrs.PersonAttributeType>
  <org.openmrs.PersonAttributeType id="19" uuid="d10628a7-ba75-4495-840b-bf6f1c44fd2d">
    <name>Proveniência</name>
    <creator/>
    <dateCreated id="20">2016-08-25 12:19:01</dateCreated>
    <changedBy/>
    <dateChanged id="21">2016-08-25 12:20:47</dateChanged>
    <retired>false</retired>
    <personAttributeTypeId>18</personAttributeTypeId>
    <format>org.openmrs.Concept</format>
    <foreignKey>1594</foreignKey>
    <sortWeight>3.0</sortWeight>
    <searchable>false</searchable>
  </org.openmrs.PersonAttributeType>
  <org.openmrs.PersonAttributeType id="22" uuid="e2e3fc10-1d5f-11e0-b929-000c29ad1d07">
    <name>District</name>
    <description></description>
    <creator/>
    <dateCreated id="23">2008-10-14 03:32:10</dateCreated>
    <changedBy/>
    <dateChanged id="24">2016-08-25 12:15:56</dateChanged>
    <retired>true</retired>
    <dateRetired id="25">2016-08-25 12:15:56</dateRetired>
    <retiredBy/>
    <retireReason>Not in use</retireReason>
    <personAttributeTypeId>8</personAttributeTypeId>
    <format>java.lang.String</format>
    <sortWeight>3.0</sortWeight>
    <searchable>false</searchable>
  </org.openmrs.PersonAttributeType>
  <org.openmrs.PersonAttributeType id="26" uuid="e2e3fd64-1d5f-11e0-b929-000c29ad1d07">
    <name>Numero de Telefone 1</name>
    <description>Telefone de contacto do paciente</description>
    <creator/>
    <dateCreated id="27">2008-10-24 11:15:03</dateCreated>
    <changedBy/>
    <dateChanged id="28">2016-08-25 12:21:23</dateChanged>
    <retired>false</retired>
    <personAttributeTypeId>9</personAttributeTypeId>
    <format>java.lang.String</format>
    <sortWeight>8.0</sortWeight>
    <searchable>false</searchable>
  </org.openmrs.PersonAttributeType>
  <org.openmrs.PersonAttributeType id="29" uuid="e2e3feae-1d5f-11e0-b929-000c29ad1d07">
    <name>Organização</name>
    <description>affiliation, used for providers, social assistants</description>
    <creator/>
    <dateCreated id="30">2008-10-24 11:16:16</dateCreated>
    <changedBy/>
    <dateChanged id="31">2016-08-25 12:20:59</dateChanged>
    <retired>true</retired>
    <dateRetired id="32">2016-08-25 12:16:32</dateRetired>
    <retiredBy/>
    <retireReason>Not in use</retireReason>
    <personAttributeTypeId>10</personAttributeTypeId>
    <format>org.openmrs.Concept</format>
    <foreignKey>1696</foreignKey>
    <sortWeight>14.0</sortWeight>
    <searchable>true</searchable>
  </org.openmrs.PersonAttributeType>
  <org.openmrs.PersonAttributeType id="33" uuid="e2e3fff8-1d5f-11e0-b929-000c29ad1d07">
    <name>Local de Trabalho</name>
    <description>Lugar onde a pessoa trabalha</description>
    <creator/>
    <dateCreated id="34">2009-05-08 09:54:26</dateCreated>
    <changedBy/>
    <dateChanged id="35">2016-08-25 12:21:06</dateChanged>
    <retired>true</retired>
    <dateRetired id="36">2016-08-25 12:16:21</dateRetired>
    <retiredBy/>
    <retireReason>Not in use</retireReason>
    <personAttributeTypeId>11</personAttributeTypeId>
    <format>java.lang.String</format>
    <sortWeight>12.0</sortWeight>
    <searchable>false</searchable>
  </org.openmrs.PersonAttributeType>
  <org.openmrs.PersonAttributeType id="37" uuid="e2e40142-1d5f-11e0-b929-000c29ad1d07">
    <name>Número de Cartão</name>
    <description>Número do cartão do paciente no serviço TARV ou outro serviço crónico</description>
    <creator/>
    <dateCreated id="38">2010-12-08 09:34:19</dateCreated>
    <changedBy/>
    <dateChanged id="39">2016-08-25 12:21:03</dateChanged>
    <retired>true</retired>
    <dateRetired id="40">2016-08-25 12:16:26</dateRetired>
    <retiredBy/>
    <retireReason>Not in use</retireReason>
    <personAttributeTypeId>12</personAttributeTypeId>
    <format>java.lang.String</format>
    <sortWeight>13.0</sortWeight>
    <searchable>false</searchable>
  </org.openmrs.PersonAttributeType>
  <org.openmrs.PersonAttributeType id="41" uuid="e6c97a9d-a77b-401f-b06e-81900e21ed1d">
    <name>Numero de Telefone 2</name>
    <creator/>
    <dateCreated id="42">2016-08-25 12:17:34</dateCreated>
    <changedBy/>
    <dateChanged id="43">2016-08-25 12:21:23</dateChanged>
    <retired>false</retired>
    <personAttributeTypeId>17</personAttributeTypeId>
    <format>java.lang.String</format>
    <sortWeight>9.0</sortWeight>
    <searchable>false</searchable>
  </org.openmrs.PersonAttributeType>
  <org.openmrs.PersonAttributeType id="44" uuid="e944813c-11b1-49f3-b9a5-9fbbd10beec2">
    <name>Ponto de Referência</name>
    <creator/>
    <dateCreated id="45">2016-08-25 12:19:26</dateCreated>
    <changedBy/>
    <dateChanged id="46">2016-08-25 12:21:23</dateChanged>
    <retired>false</retired>
    <personAttributeTypeId>19</personAttributeTypeId>
    <format>java.lang.String</format>
    <sortWeight>6.0</sortWeight>
    <searchable>false</searchable>
  </org.openmrs.PersonAttributeType>
</list>
